date,A_SHARE,US_SP500,US_NASDAQ100,GOLD,CASH
2016-12-02,-0.0137080191912,-0.00237529691211,-0.00847457627119,0,0.00050058192649
2016-12-05,-0.0250173731758,0.0333333333333,0,-0.000756429652042,0.000250165734799
2016-12-06,-0.00213827512473,0.0253456221198,0.00854700854701,-0.00189250567752,2.50103167556e-05
2016-12-07,0.00571428571429,0.0280898876404,-0.00282485875706,-0.00303375047402,1.25048456276e-05
2016-12-08,0.00284090909091,-0.016393442623,0.0198300283286,0.00798782807151,0.000175065649618
2016-12-09,0.0070821529745,-0.0222222222222,-0.00833333333333,-0.000754716981132,8.75175035007e-05
2016-12-12,-0.0330520393812,0.0215909090909,0.00560224089636,-0.00453172205438,7.50084384493e-05
2016-12-13,-0.00181818181818,0.0411568409344,0,0.00113808801214,7.50028126055e-05
2016-12-14,-0.00874316939891,-0.0160256410256,0.008356545961,0.00682076544146,0
2016-12-15,-0.0143329658214,-0.0249728555917,0,-0.0112909296199,-0.00118745547042
2016-12-16,0,0.0256124721604,0.00552486187845,-0.0057099352874,0.000525604445112
2016-12-19,-0.00372856077554,0.0184581976113,-0.00274725274725,0.00574272588055,0.000387742338962
2016-12-20,-0.00935628742515,0.0117270788913,0,-0.00647125999239,0.00050011877821
2016-12-21,0.013978088402,0.0442571127503,0.0165289256198,-0.00191570881226,0.000162457354944
2016-12-22,-0.00223546944858,-0.00605449041372,-0.00271002710027,-0.00614203454894,0.000299872554165
2016-12-23,-0.0100821508588,-0.0335025380711,-0.00271739130435,0.00231749710313,0.000262309825376
2016-12-26,0.00452659373821,0.00420168067227,0.016348773842,0.00423892100193,-8.74136789919e-05
2016-12-27,-0.0018775816748,-0.0376569037657,-0.0160857908847,0.00268610897928,-0.00027475272255
2016-12-28,-0.00677200902935,-0.0880434782609,0.00544959128065,0.00114810562572,0.000274828232355
2016-12-29,0.000757575757576,-0.0369487485101,-0.0108401084011,0.00344036697248,0.000861724447997
2016-12-30,0.00113550340651,-0.0235148514851,-0.00547945205479,0.00609523809524,0.00153479492395
2017-01-03,0.0143667296786,-0.0798479087452,-0.00826446280992,-0.00378644452859,-0.00128326522476
2017-01-04,0.0111815132315,0.0068870523416,0.00555555555556,0.00494108703915,2.49497885505e-05
2017-01-05,-0.002580169554,0,0,-0.000756429652042,0
2017-01-06,-0.00406504065041,-0.00410396716826,0,-0.000757002271007,0.000349288325038
2017-01-09,0.00445269016698,0.00274725274725,0.00828729281768,0.00568181818182,3.74106819967e-05
2017-01-10,-0.00332471370521,-0.00547945205479,0.0027397260274,0.00941619585687,0.00023692545577
2017-01-11,-0.00926612305411,0,0.00546448087432,0,4.98672285041e-05
2017-01-12,-0.00635989524878,0.00137741046832,0,0.00261194029851,-4.98647418877e-05
2017-01-13,0.00225903614458,0,-0.00271739130435,-0.00186081131373,0.00018700210689
2017-01-16,-0.0015026296018,0,0.00544959128065,0.00782997762864,1.24644762427e-05
2017-01-17,0.00188111361926,-0.00825309491059,-0.00542005420054,0.00480947095819,-0.000112178887933
2017-01-18,0.00826135936913,0.00416088765603,-0.00272479564033,-0.00294550810015,7.47943156321e-05
2017-01-19,-0.00446927374302,-0.00276243093923,0.00273224043716,-0.0096011816839,-0.000224366165582
2017-01-20,0.0108492330715,-0.00277008310249,0,0.00335570469799,0.000523638539797
2017-01-23,0.000370096225018,-0.00416666666667,-0.00272479564033,0.00594574507618,0.000461059190031
2017-01-24,0.000739918608953,-0.00139470013947,0.00273224043716,-0.00258588843738,0.000174374431726
2017-01-25,0.00369685767098,0.00977653631285,0.00817438692098,-0.01,0.000535485236796
2017-01-26,0.00515653775322,0.00829875518672,0.0162162162162,-0.00149644594089,0.00029871552325
2017-02-03,-0.00732869182851,-0.0082304526749,-0.00531914893617,0.00974147620832,0.000286183555644
2017-02-06,-0.000369139904024,0.00968188105118,0.00267379679144,0.00779220779221,0.000286101678048
2017-02-07,-0.00221565731167,-0.0027397260274,0,0.00920471281296,0.000422811948168
2017-02-08,0.00851221317543,0.00412087912088,0.008,0.00182415176943,-2.4860779634e-05
2017-02-09,0.00440366972477,-0.00410396716826,0.0026455026455,0.0047341587764,-4.97227954156e-05
2017-02-10,0.00657654366094,0.010989010989,0.0105540897098,-0.01051105473,8.7019218816e-05
2017-02-13,0.0065335753176,0.00679347826087,0,0.0047619047619,7.45814118261e-05
2017-02-14,0.00144248106744,-0.00134952766532,0,-0.00218738607364,-3.7287924927e-05
2017-02-15,-0.00432120993878,0.00540540540541,0.00783289817232,-0.00292290829375,0.000111867946105
2017-02-16,0.00542495479204,0,0.00518134715026,0.00439721509711,0.000173997340326
2017-02-17,-0.00719424460432,-0.00134408602151,-0.00515463917526,0.00474279460051,4.97048772912e-05
2017-02-20,0.0202898550725,0.00269179004038,0.00259067357513,-0.00217864923747,0.000161532822227
2017-02-21,0,0,0.00258397932817,0.00218340611354,3.72707846743e-05
2017-02-22,0.00390625,0.00939597315436,0.0128865979381,-0.00108932461874,0.000273308901174
2017-02-23,-0.00530597806862,0.00265957446809,0,0.00254452926209,0.000298073698722
2017-02-24,-0.00106685633001,0.00132625994695,-0.00508905852417,0.0119651921682,0.000124160365528
2017-02-27,-0.00961196155215,-0.00132450331126,-0.00511508951407,0.00358294518094,0.000260704398456
2017-02-28,0.00179726815241,0.0079575596817,0.00514138817481,-0.00321313816494,4.96450379783e-05
2017-03-01,0.00143523501973,0.0144736842105,-0.00511508951407,-0.00716332378223,0.000136517077045
2017-03-02,-0.00429953421713,0.05317769131,0.0231362467866,0.0021645021645,0.000235770037351
2017-03-03,-0.00467794170565,0.00369458128079,-0.00502512562814,-0.00719942404608,0.000396992779694
2017-03-06,0.0061460592914,0.0294478527607,0.020202020202,0,7.44066073066e-05
2017-03-07,0.00179662234998,-0.0297973778308,-0.0123762376238,-0.00253807106599,0.000260403749814
2017-03-08,0.00143472022956,-0.019656019656,-0.00751879699248,-0.00508905852417,0.000136366453852
2017-03-09,-0.0111031518625,-0.0250626566416,0,-0.00548045305079,0.000322276761366
2017-03-10,0.00108656283955,0.0218508997429,0.00757575757576,-0.00734753857458,0.000396520532329
2017-03-13,0.0133863965268,0.00880503144654,0.00751879699248,0.00814211695041,-9.90908415289e-05
2017-03-14,-0.00285612281328,0.00872817955112,0.00746268656716,-0.00330396475771,-0.000123875826871
2017-03-15,0.00214822771214,-0.0148331273177,-0.00246913580247,0.00036832412523,-4.9556469597e-05
2017-03-16,0.0075026795284,0.0125470514429,0.00990099009901,0.0143593519882,-0.000322133016156
2017-03-17,-0.013829787234,-0.00123915737299,-0.00245098039216,0.000362976406534,0.000334630543093
2017-03-20,0.000719165767709,0,-0.002457002457,0.00471698113208,0.000322129025064
2017-03-21,0.00862378727991,0.00248138957816,0.00492610837438,-0.00433369447454,9.90847050371e-05
2017-03-22,-0.00641254007838,-0.0371287128713,-0.031862745098,0.00943054044251,0.000421068274982
2017-03-23,0.00358551452133,0,0.00253164556962,0,0.000185687228432
2017-03-24,0.0117899249732,-0.00899742930591,-0.0126262626263,-0.00251527128997,0
2017-03-27,-0.00564971751412,-0.0129701686122,-0.0102301790281,0.010446685879,0.000235160156443
2017-03-28,-0.00177556818182,0.0105124835742,0.0129198966408,-0.00213903743316,4.94957619255e-05
2017-03-29,-0.00249021700462,0.0104031209363,0.015306122449,-0.00178635226867,-0.000136106608594
2017-03-30,-0.0117689015692,-0.003861003861,0,-0.000357909806729,0.0002475002475
2017-03-31,0.00902201371346,0.0167958656331,0.00753768844221,-0.00644468313641,0.000668085316969
2017-04-05,0.0203862660944,-0.00635324015248,-0.0074812967581,0.00900900900901,0.000222546425657
2017-04-06,-0.00140203294777,-0.00895140664962,-0.0100502512563,0.000357142857143,0.000432632880099
2017-04-07,0.002457002457,-0.00387096774194,-0.00253807106599,0.0103534451981,0.000407734601841
2017-04-10,-0.0031512605042,0.00129533678756,0.00254452926209,-0.00600706713781,0.000160557257188
2017-04-11,0.0031612223393,-0.00388098318241,0,0.00106647707074,0.000444548721305
2017-04-12,-0.00455182072829,-0.0038961038961,0,0.00994318181818,-0.000209832504289
2017-04-13,0.00457263454098,-0.0026075619296,-0.00761421319797,0.0056258790436,0.000111111111111
2017-04-14,-0.0101540616246,-0.00915032679739,-0.0102301790281,0.0013986013986,0.000259230455875
2017-04-17,-0.0042447824549,-0.00527704485488,0,-0.000698324022346,0.000135752190547
2017-04-18,-0.00284191829485,0.0185676392573,0.015503875969,-0.0020964360587,0.000123394331264
2017-04-19,-0.00961881011756,-0.00911458333333,-0.00763358778626,-0.000700280112045,0.000111041196284
2017-04-20,0.0068345323741,-0.00262812089356,0,-0.00140154169587,0.000209721194177
2017-04-21,0.0010718113612,0.00658761528327,0.0102564102564,-0.000701754385965,0.000357684670128
2017-04-24,-0.0132048536759,0.00523560209424,0.00761421319797,-0.00491573033708,1.23295440535e-05
2017-04-25,0.00397830018083,0.015625,0.00755667506297,-0.00105857445307,-7.39763522261e-05
2017-04-26,0.0028818443804,0.00512820512821,0.01,-0.0038855528082,0.00017262425864
2017-04-27,0.000718390804598,-0.0165816326531,-0.00742574257426,0.00141843971631,0.000209578992788
2017-04-28,-0.00466618808327,0.00778210116732,0.0074812967581,0.0014164305949,0.000431395750136
2017-05-02,-0.0018031013343,-0.001287001287,0.00990099009901,-0.00777934936351,0.000221765003019
2017-05-03,-0.00614161849711,-0.00128865979381,0,-0.000712758374911,0.000135493009792
2017-05-04,-0.00472555434387,-0.00129032258065,-0.00245098039216,-0.0139087018545,0.000160106409183
2017-05-05,-0.00803506208912,-0.00258397932817,-0.004914004914,-0.00289330922242,0.000320161558448
2017-05-08,-0.010677466863,0.0103626943005,0.0197530864198,-0.00108813928183,0.000196959438666
2017-05-09,0.00111648678824,-0.00384615384615,0.00242130750605,-0.000363108206245,0.000393841306568
2017-05-10,-0.00446096654275,-0.003861003861,0,-0.00472212132219,-6.15134776029e-05
2017-05-11,0.00634802091113,0.00387596899225,0,0.000729927007299,2.46069046974e-05
2017-05-12,0.0100185528757,-0.00643500643501,-0.00966183574879,0.0036469730124,0.000295275590551
2017-05-15,0.0051432770022,0,0.00487804878049,0.00399709302326,0.000147594214307
2017-05-16,0.0146198830409,0.00518134715026,0.00728155339806,0.00180962721679,-3.68931083674e-05
2017-05-17,-0.00828530259366,-0.0115979381443,-0.00481927710843,0.00433526011561,0.000147577878076
2017-05-18,-0.00544860152561,-0.0169491525424,-0.0217917675545,0.00827338129496,0.000258223178604
2017-05-19,0.00219138056976,-0.00132625994695,0.00742574257426,-0.00285408490903,4.917266983e-05
2017-05-22,0.00109329446064,0.00929614873838,0.00737100737101,0.00143112701252,0.000381069452981
2017-05-23,0.00546050236622,0.00263157894737,0.00975609756098,0.005359056806,0.000122878804635
2017-05-24,0,0,0,-0.00995024875622,0.000147436448747
2017-05-25,0.0264301230992,0.00656167979003,0.0048309178744,0.00502512562814,0.000270260309817
2017-05-26,-0.0021164021164,0.00782268578879,0.0144230769231,0.000714285714286,0.000184218606079
2017-05-31,0.000706963591375,-0.0103492884864,-0.00236966824645,-0.00392576730907,0
2017-06-01,0.00282585658778,-0.00392156862745,-0.00950118764846,0,0.000540275049116
2017-06-02,-0.00317013032758,0.011811023622,0.0143884892086,-0.00322465066284,0.000134995827402
2017-06-05,-0.00812720848057,-0.00389105058366,0.00945626477541,0.0136592379583,0.00028222590343
2017-06-06,0.00961881011756,-0.00130208333333,-0.00468384074941,0.00531914893617,0.000196275669177
2017-06-07,0.0169371912491,-0.0026075619296,-0.00705882352941,0.000352733686067,0.000110383398337
2017-06-08,0.00867453157529,-0.00130718954248,0.00473933649289,-0.00211565585331,0.000171688556958
2017-06-09,0.00756793945648,0,0.00235849056604,-0.0106007067138,0.000122613632183
2017-06-12,-0.00238989416183,-0.00261780104712,-0.0141176470588,-0.00392857142857,0.000269716919833
2017-06-13,0.00239561943874,0.00393700787402,-0.00715990453461,-0.0010756543564,8.57958793465e-05
2017-06-14,-0.0122908842608,0,0,0.00251256281407,0.000122555027207
2017-06-15,-0.00414794331144,0.00130718954248,-0.0168269230769,-0.00644468313641,0.000159302012107
2017-06-16,-0.00208261020479,0.00130548302872,0.00244498777506,-0.00108108108108,0.000171528688173
2017-06-19,0.0139130434783,0,0,-0.0021645021645,0.000244998958755
2017-06-20,-0.00377358490566,0.00912646675359,0.0146341463415,-0.00289226319595,-6.12347372418e-05
2017-06-21,0.0154958677686,-0.0077519379845,-0.0120192307692,0.00108774474257,0.000367430922986
2017-06-22,0.00135639199729,0,0.00729927007299,0.00470843897139,0.000257107176963
2017-06-23,0.0118523535388,0.00130208333333,0,0.0028839221341,0.000269281141752
2017-06-26,0.0150602409639,0,0.00724637681159,0,-2.44735135401e-05
2017-06-27,0.000659413122321,0,-0.00479616306954,-0.00575125808771,0.000146844675045
2017-06-28,-0.00823723228995,-0.00780234070221,-0.0192771084337,-0.000361532899494,0.000134587855281
2017-06-29,0.00730897009967,0.00262123197903,0.00737100737101,-0.00325497287523,3.67008392259e-05
2017-06-30,-0.00197889182058,-0.00522875816993,-0.0170731707317,-0.00907111756168,0.000513792892532
2017-07-03,-0.00528750826173,-0.00131406044678,0,-0.00329549615525,0.000330125814616
2017-07-04,-0.00996677740864,0.00131578947368,-0.00992555831266,-0.00734753857458,0.000366685408365
2017-07-05,0.0157718120805,0.00131406044678,0.00250626566416,0,0.000549826499194
2017-07-06,-0.000991080277502,0,0.0075,0.00222057735011,0.000109904871228
2017-07-07,-0.000661375661376,-0.00524934383202,-0.00744416873449,-0.00295420974889,-7.32618623166e-05
2017-07-10,0.00132362673726,0.00395778364116,0.01,-0.0140740740741,0.000122112050017
2017-07-11,0.00991407799075,0,0.00247524752475,0.00563486100676,0.000109887426436
2017-07-12,-0.00719895287958,-0.00131406044678,0.00246913580247,0.00336197235712,0.000122083725019
2017-07-13,0.0125247198418,0.00657894736842,0.0147783251232,0.00223380491437,0.000109861940162
2017-07-14,0.00813802083333,-0.00130718954248,-0.00242718446602,-0.00408618127786,0.000207494202368
2017-07-17,-0.0164675492412,0.00392670157068,0.00729927007299,0.00895188362551,0.000256263194504
2017-07-18,0.000656598818122,0,0.0024154589372,0.00295748613678,1.2199882881e-05
2017-07-19,0.0252624671916,0.0026075619296,0.00722891566265,0.00110578695171,3.65992021374e-05
2017-07-20,0.00576,0.00520156046814,0.00478468899522,0.00110456553756,0.000158590738301
2017-07-21,-0.00604517976456,-0.0025873221216,-0.00238095238095,0.00478116954763,0.00039031530158
2017-07-24,0.00608194622279,-0.00259403372244,0,0.00256222547584,0.000170696319056
2017-07-25,-0.00922685332485,0,0.00238663484487,0.00146038700256,0.000170667186795
2017-07-26,-0.00674373795761,0.00130039011704,0,-0.00874954429457,0.000292522396246
2017-07-27,0.00355641771743,-0.0025974025974,0.00714285714286,0.0106656859139,0.000182773032448
2017-07-28,0.00451030927835,0,-0.016548463357,-0.00181950509461,0.000146191706057
2017-07-31,0.00449005772931,0,-0.00240384615385,0.00401020780168,6.09043071524e-05
2017-08-01,0.0095785440613,-0.00260416666667,0.00240963855422,-0.000363108206245,0.000109621076479
2017-08-02,0,0.00261096605744,0.00961538461538,-0.000363240101707,0.000365363536719
2017-08-03,-0.0120177103099,-0.00390625,-0.00714285714286,-0.00363372093023,0.000133917701485
2017-08-04,-0.00736235595391,-0.00130718954248,-0.00479616306954,0.00583515681984,0.00038952660345
2017-08-07,0.00741696227024,0.00785340314136,0.00481927710843,-0.00906453952139,0.000133847632722
2017-08-08,0.000320102432778,0,0.00239808153477,-0.00109769484083,0.000158162396282
2017-08-09,-0.00096,-0.00519480519481,-0.00717703349282,0.0029304029304,9.73153137811e-05
2017-08-10,-0.00256245996156,-0.00261096605744,-0.00481927710843,0.0073046018992,0.000145958766648
2017-08-11,-0.0231213872832,-0.00916230366492,-0.0169491525424,0.00435097897027,0.000267552020626
2017-08-14,0.0151216305062,0.00264200792602,0.00738916256158,0,0.000145898430376
2017-08-15,0.00323834196891,0.00395256916996,0.0146699266504,-0.0072202166065,2.4312857855e-05
2017-08-16,-0.00193673337637,-0.00262467191601,-0.00481927710843,-0.00218181818182,7.29368002625e-05
2017-08-17,0.00937904269081,-0.00131578947368,-0.00242130750605,0.00983965014577,0.000121552468123
2017-08-18,0.00064082024992,-0.00790513833992,-0.00728155339806,0.00144352219415,0.000401074393223
2017-08-21,0.00512327889849,-0.00132802124834,-0.00244498777506,-0.00216216216216,0.000109340071921
2017-08-22,0.0019114367633,0,0.00735294117647,-0.00108342361863,0.000157918392634
2017-08-23,0.00317965023847,0.00398936170213,0.00243309002433,0.00108459869848,8.50195544975e-05
2017-08-24,-0.00633914421553,-0.00529801324503,-0.00728155339806,0.00144456482485,0.000279326216587
2017-08-25,0.0210526315789,0,0.00244498777506,-0.00144248106744,0.000194259627993
2017-08-28,0.0137457044674,0,-0.00487804878049,0.00469483568075,0
2017-08-29,-0.00246533127889,-0.00532623169108,-0.00490196078431,0.0115025161754,0.000133527555232
2017-08-30,-0.00123571207909,0,0.00492610837438,-0.0110163468372,7.28234880023e-05
2017-08-31,-0.00216517166718,0.00267737617135,0.00735294117647,-0.00179662234998,0.000436909110769
2017-09-01,0.00154990700558,0.00400534045394,0.00729927007299,0.00719942404608,0.000291145536375
2017-09-04,0.00433302383163,0,-0.00724637681159,0.00786275911365,0.000339570927878
2017-09-05,0.00431432973806,-0.00265957446809,0,-0.00141843971631,0.000157604412924
2017-09-06,-0.00368211107702,-0.00133333333333,-0.00729927007299,0.00213068181818,0.000133336565735
2017-09-07,-0.00523560209424,-0.00133511348465,-0.00245098039216,-0.00283486888731,0.000133318789465
2017-09-08,-0.00123839009288,-0.00133689839572,0.002457002457,0.00284292821606,0.000193892389724
2017-09-11,0.0018598884067,0.00133868808568,-0.00245098039216,-0.00389794472006,0.000145391102065
2017-09-12,0.00309405940594,0.00534759358289,0.00737100737101,-0.00462468872287,0.000218054949847
2017-09-13,0.000925354719309,0,0,0.00178699070765,0.000109003706126
2017-09-14,-0.0040061633282,0.00132978723404,0.00487804878049,-0.00142704245451,0.000254314259764
2017-09-15,0.00185643564356,0.00132802124834,-0.00485436893204,0.00392997499107,9.68569906532e-05
2017-09-18,0.00463248919086,0.0026525198939,0.00487804878049,-0.00747330960854,0.000157377366714
2017-09-19,-0.00768521364894,0.0026455026455,0,-0.00143420580853,2.42080927653e-05
2017-09-20,0.00557620817844,0.00131926121372,0,0.000718132854578,0.00033890509447
2017-09-21,0.000308071472582,0.00263504611331,0,-0.00932902762827,0.000592882984258
2017-09-22,-0.00338774253157,0,-0.00485436893204,0.00108656283955,0.000435329399245
2017-09-25,-0.00494437577256,-0.00394218134034,0,-0.000723589001447,-0.000157133878064
2017-09-26,0.000621118012422,0.00131926121372,-0.00731707317073,0.0144822592324,9.67129680003e-05
2017-09-27,0.000931098696462,0.00131752305665,0.004914004914,-0.00856531049251,-0.00049560602947
2017-09-28,0.00186046511628,0.00657894736842,0.00733496332518,-0.00539956803456,-3.62818373122e-05
2017-09-29,0.00402352212937,0.00653594771242,0.00485436893204,0.00506695620702,0.00152389245673
2017-10-09,0.0126387176326,0.012987012987,0.012077294686,-0.00684191573641,0.000217367677426
2017-10-10,0.00152207001522,0,-0.00238663484487,0.000725163161711,0.000482934308861
2017-10-11,0.00455927051672,0.00512820512821,0.00478468899522,-0.0018115942029,0.000265485657741
2017-10-12,0.00514372163389,0.00127551020408,0.00238095238095,0.00362976406534,0.000229222212839
2017-10-13,0.00240818783865,-0.00764331210191,-0.00237529691211,-0.000361663652803,0.000398031553047
2017-10-16,-0.0042042042042,0.0012836970475,0.0047619047619,0.00506512301013,0.000120567632413
2017-10-17,-0.000603136308806,0.0025641025641,0.00473933649289,-0.00539956803456,0.000337548673313
2017-10-18,0.007242003621,-0.00127877237852,0,-0.00325732899023,-8.43586931634e-05
2017-10-19,-0.00329538645896,-0.00128040973111,0.00235849056604,-0.00217864923747,3.61567757798e-05
2017-10-20,-0.000601142170123,0.00512820512821,0,0.000363901018923,0.000228984633926
2017-10-23,0.00360902255639,0.00382653061224,0.00235294117647,-0.00363768643143,0.000132539701665
2017-10-24,0.00779142942763,-0.00254129606099,-0.00469483568075,0.00292077400511,0.000108427203181
2017-10-25,0.00386559619387,0.00509554140127,0.00235849056604,-0.00364033491081,7.22769653312e-05
2017-10-26,0.00859004739336,-0.00506970849176,-0.00470588235294,0.00365363536719,4.81811611661e-05
2017-10-27,0.00587371512482,0.00382165605096,0.00472813238771,-0.00655260283946,0.000156581229524
2017-10-30,-0.00525547445255,0.00761421319797,0.0211764705882,0.000732869182851,0.000180642364247
2017-10-31,-0.000880540064573,-0.00125944584383,0,0.00183083119736,0.000252853633868
2017-11-01,-0.00411280846063,0.00378310214376,0.00691244239631,-0.00255847953216,0.000325015347947
2017-11-02,0.00206489675516,0,-0.0045766590389,-0.000366434591425,0.00028880866426
2017-11-03,-0.00323815130998,0.00502512562814,0.00229885057471,0.00219941348974,0.000553390115971
2017-11-06,0.010632014176,0.00375,0.00229357798165,-0.00329188002926,-6.01178309486e-05
2017-11-07,0.0116890707189,-0.00622665006227,0.00228832951945,0.00550458715596,4.80971562555e-05
2017-11-08,-0.00259965337955,-0.00250626566416,0.00228310502283,0.000729927007299,0.000120237107576
2017-11-09,0.00897770055025,0.00125628140704,0.00227790432802,0.00328227571116,8.41558566467e-05
2017-11-10,0.0106199770379,-0.00627352572146,-0.00227272727273,0.00290803344238,0.000144255042916
2017-11-13,0.00255609201931,0,0,-0.00362450163103,0.0001081756773
2017-11-14,-0.00906515580737,0.00126262626263,0.00227790432802,-0.00181884321571,3.60546588629e-05
2017-11-15,-0.00857632933105,-0.00756620428752,-0.00681818181818,0.0018221574344,0.00028842687177
2017-11-16,0.0112456747405,-0.0012706480305,-0.0045766590389,-0.002546380502,0.000216257779273
2017-11-17,0.00142571998859,0.00763358778626,0.0137931034483,0.00255288110868,0.000336328256378
2017-11-20,0.00939635535308,-0.00252525252525,-0.00453514739229,0.00400145507457,7.20461095101e-05
2017-11-21,0.02341325811,0.00253164556962,0.00227790432802,-0.0054347826087,0.000168095478231
2017-11-22,-0.000275633958104,0.00378787878788,0.00681818181818,-0.000728597449909,7.20288115246e-05
2017-11-23,-0.0374965536256,-0.00251572327044,-0.00225733634312,0.00145825738243,0.000300098432286
2017-11-24,0.0011458034947,0.00126103404792,0,0.000728066982163,0.000312008736244
2017-11-27,-0.0191702432046,0,0.00452488687783,0,0.000167952301546
2017-11-28,0.00554259043174,0.00125944584383,0.00225225225225,0.00291014914514,2.39891569012e-05
2017-11-29,-0.00116042935886,0.00880503144654,0.00898876404494,0.000725426187885,5.9971453588e-05
2017-11-30,-0.0136508858554,-0.00124688279302,-0.0133630289532,-0.00688655309895,0.000467749286382
2017-12-01,0.000883392226148,0.00873907615481,0.0112866817156,-0.00620437956204,0.000215783353513
2017-12-04,0.00500147102089,0.0272277227723,0.00892857142857,-0.00146896804994,0.000335590579493
2017-12-05,0.00731850117096,-0.0180722891566,-0.0265486725664,0.00147112909158,0.000251608497178
2017-12-06,-0.00900900900901,-0.00981595092025,-0.0113636363636,-0.00550863018729,5.98917157779e-05
2017-12-07,-0.0134897360704,0,0.00689655172414,-0.00701624815362,0.000251530141695
2017-12-08,0.0115933412604,0.0086741016109,0.00913242009132,-0.00557828188918,0.000155669979643
2017-12-11,0.0196885101381,0.004914004914,0.00452488687783,0,1.1972750021e-05
2017-12-12,-0.0187319884726,0.00366748166259,0.00675675675676,-0.00149588631264,0.000119726066759
2017-12-13,0.00851688693098,0.00121802679659,0,0,0.000143654080973
2017-12-14,-0.00378567268492,0,0.00447427293065,0.00823970037453,0.000227419625117
2017-12-15,-0.0157848582286,-0.00851581508516,-0.00668151447661,-0.00074294205052,0.000347035242027
2017-12-18,0.000297000297,0.00981595092025,0.0156950672646,0.00111524163569,-7.17754862789e-05
2017-12-19,0.0157363420428,0.00850546780073,0.00662251655629,0.00482733011511,5.9817198641e-05
2017-12-20,-0.00263080970476,-0.00481927710843,-0.00219298245614,-0.00184774575018,0.000227291758879
2017-12-21,0.0146541617819,-0.00484261501211,-0.00659340659341,-0.00148093298778,0.000370760177965
2017-12-22,-0.0054881571346,0.00243309002433,0.00442477876106,0,0.000155422450175
2017-12-25,-0.00551844321812,-0.00121359223301,-0.00440528634361,0.00704486466444,0.000239074304294
2017-12-26,0.0035046728972,0,0,-0.000736377025037,-0.000382427458291
2017-12-27,-0.0197904540163,-0.00121506682868,-0.0110619469027,0.00294767870302,2.39108603126e-05
2017-12-28,0.0109857482185,-0.00608272506083,-0.00447427293065,0.0025716385011,-0.00163785476891
2017-12-29,0.00381791483113,0,0.00224719101124,-0.000366434591425,0.00290986600247
2018-01-02,0.0175541252194,-0.00367197062423,-0.00448430493274,0.00659824046921,0.000501480561658
2018-01-03,0.00632547441058,0.004914004914,0.0135135135135,0.00400582665696,0.00019094445903
2018-01-04,0.00371428571429,0.00122249388753,0.00222222222222,-0.00217627856366,0.00132442429304
2018-01-05,0.00455451181327,0.001221001221,-0.00221729490022,0.00399854598328,0.000417058900633
2018-01-08,0.00481722867668,0.00731707317073,0.00888888888889,0.000362056480811,0.000202487017009
2018-01-09,0.00958826847152,0,0.00220264317181,0.00108577633008,-0.00108368165958
2018-01-10,0.00502793296089,0.00363196125908,0.0043956043956,-0.00108459869848,8.34505615031e-05
2018-01-11,-0.00166759310728,0,0,0.00361925443359,0
2018-01-12,0.00640311804009,0.0108564535585,0.0109409190372,0.00360620266859,0.000393376962415
2018-01-15,-0.00221300138313,0.0035799522673,0,0.00143729787999,0.000119158266009
2018-01-16,0.0119212642085,0,-0.0021645021645,-0.00143523501973,9.53152552066e-05
2018-01-17,-0.00356164383562,-0.00713436385256,-0.00433839479393,-0.00179662234998,4.76530855373e-05
2018-01-18,0.00769865273577,0.00718562874251,0.00871459694989,-0.00575953923686,0.000142952444487
2018-01-19,0.00327421555252,-0.00832342449465,-0.00215982721382,-0.0032585083273,0.000309686026014
2018-01-22,0.0149578460702,0.00359712230216,-0.004329004329,0.00108972030512,0.000321497463742
2018-01-23,0.0117899249732,0.010752688172,0.0108695652174,0.00290275761974,2.38069730623e-05
2018-01-24,0.000794491525424,0,0.00860215053763,0.00397973950796,0.000130935234672
2018-01-25,-0.00740936755755,-0.00472813238771,-0.00852878464819,0.00432432432432,0.00017852467211
2018-01-26,0.0058651026393,0,-0.00215053763441,-0.00609974883387,0.000392684174828
2018-01-29,-0.0219984097535,0.00712589073634,0.010775862069,-0.00541516245487,0.000285476388724
2018-01-30,-0.0119241192412,-0.00825471698113,-0.0106609808102,-0.00762250453721,0.000249720550812
2018-01-31,0.00356555128908,-0.00951248513674,-0.00431034482759,0.000365764447696,0.000427985496047
2018-02-01,-0.00819896146488,0.00240096038415,-0.0021645021645,-0.00146252285192,0.000392152202588
2018-02-02,0.00716450812896,-0.00838323353293,-0.00433839479393,0.000366166239473,0.000688967024613
2018-02-05,-0.00109439124487,-0.0265700483092,-0.0305010893246,-0.00841874084919,-9.49645070156e-05
2018-02-06,-0.0328677074774,-0.0583126550868,-0.0584269662921,0.00664451827243,-0.00034427903222
2018-02-07,-0.0277541772869,0.0171277997365,0.0334128878282,-0.013201320132,-0.000356273380441
2018-02-08,-0.00961258374599,0.0116580310881,0.00230946882217,-0.00334448160535,0.0002376002376
2018-02-09,-0.0544117647059,-0.0307298335467,-0.036866359447,0.00447427293065,0.000332561315993
2018-02-12,0.0171073094868,0.0132100396301,0.0191387559809,0.0011135857461,0.000403690203389
2018-02-13,0.014373088685,0.0143415906128,0.0164319248826,0.0037078235076,0.00066463320555
2018-02-14,0.0105517033464,0.00514138817481,0.013856812933,0.00775766531215,0.00168420053847
2018-02-22,0.0244630071599,0.00895140664962,0.0159453302961,-0.00879765395894,-0.00104197501628
2018-02-23,0.00640652300524,0.0063371356147,0.00896860986547,0.00369822485207,0.000414854149134
2018-02-26,0.0150462962963,0.0214105793451,0.0177777777778,0.00552689756817,8.29364233075e-05
2018-02-27,-0.016818700114,0.00863131935882,0.0131004366812,-0.00513008427996,7.10824675094e-05
2018-02-28,-0.0118875036242,-0.00733496332518,-0.0150862068966,-0.0073664825046,0.00016584730202
2018-03-01,0.00850938967136,-0.0135467980296,0.00218818380744,-0.00148423005566,0.000153975529735
2018-03-02,-0.00785568810009,-0.0162297128589,-0.0152838427948,0.00408769973987,0.000367115890197
2018-03-05,-0.00263929618768,0.00253807106599,0.00665188470067,0.00370096225019,0.000201247735963
2018-03-06,0.0176418700382,0.0101265822785,0.0132158590308,-0.00110619469027,0.000106521481832
2018-03-07,-0.00953481652702,-0.00375939849624,-0.00652173913043,0.00479881875231,8.28412170559e-05
2018-03-08,0.0119603267211,0.0062893081761,0.00656455142232,-0.00183688464364,0.000177502189194
2018-03-09,0.00864802536754,0.00625,0.00869565217391,-0.00515274199485,0.000165639308574
2018-03-12,0.00342955130037,0.0186335403727,0.0215517241379,0,7.09765186018e-05
2018-03-13,-0.0125320421532,-0.00609756097561,0,-0.00110987791343,0.000295714505388
2018-03-14,-0.00403807326219,-0.00490797546012,-0.0126582278481,0.00111111111111,0.000189201333869
2018-03-15,0.00868809730669,-0.00123304562269,-0.00213675213675,-0.000739918608953,0.000118228464685
2018-03-16,-0.0129198966408,-0.00493827160494,0.00214132762313,-0.0040725657164,0.000271893323246
2018-03-19,0.00639906922629,-0.00124069478908,-0.00213675213675,-0.00408921933086,0.000153637061987
2018-03-20,-0.000578034682081,-0.00993788819876,-0.017130620985,0.00373273609556,0.00022451198185
2018-03-21,-0.00607287449393,0.00250941028858,0,0,2.36275355299e-05
2018-03-22,-0.0104742508001,0.00125156445557,-0.00217864923747,0.00855336556341,0.000259896750109
2018-03-23,-0.0349897089091,-0.02625,-0.0371179039301,0.00995575221239,0.00060233137674
2018-03-26,-0.0054844606947,-0.01026957638,-0.00907029478458,-0.000365096750639,-0.000212459573664
2018-03-27,0.0107230392157,0.0129701686122,0.0389016018307,-0.00109569028488,5.90290895355e-05
2018-03-28,-0.0239466505002,-0.0166453265045,-0.0374449339207,-0.0054844606947,8.26358474304e-05
2018-03-29,0.0217391304348,-0.00130208333333,0,-0.00992647058824,-0.000306907786014
2018-03-30,-0.00182370820669,0.0026075619296,0.0045766590389,0.00148533234311,0.000802928326839
2018-04-02,-0.00395858708892,0,-0.00911161731207,0.00037078235076,0.000401142075084
2018-04-03,-0.00764292265362,-0.0156046814044,-0.0229885057471,0.00778354336546,0.000742994622134
2018-04-04,-0.00308071472582,0.00396301188904,0.00235294117647,-0.00183891136447,0.000447822756467
2018-04-09,0.00154511742892,0.00394736842105,0.00704225352113,-0.00221075902727,0.00042406323254
2018-04-10,0.0231410058624,0.0104849279161,0.018648018648,0.000738552437223,0.000294363527181
2018-04-11,0.00150784077201,-0.00129701686122,0,0.00553505535055,-0.000411987663912
2018-04-12,-0.0123456790123,-0.0012987012987,-0.00228832951945,0.00330275229358,-1.17759276486e-05
2018-04-13,-0.00823170731707,0.00910273081925,0.0114678899083,-0.00731528895391,0.000282625591747
2018-04-16,-0.0187519213034,-0.00515463917526,-0.00680272108844,0.0033161385409,0
2018-04-17,-0.0175438596491,0.00906735751295,0.00913242009132,0.00220345207492,4.70909561818e-05
2018-04-18,0.00255102040816,0.01026957638,0.0158371040724,-0.000732869182851,5.886092341e-05
2018-04-19,0.0168575063613,-0.00254129606099,0.0022271714922,0.002200220022,-0.000141257901614
2018-04-20,-0.0184548013763,-0.00127388535032,-0.00666666666667,-0.00439077936334,0.000317875181012
2018-04-23,0.0050987890376,-0.00765306122449,-0.0156599552573,-0.00404263138552,-0.000141232963774
2018-04-24,0.0250475586557,0.00514138817481,0.00681818181818,-0.00258302583026,4.70843044471e-05
2018-04-25,-0.00711413547788,-0.0127877237852,-0.020316027088,-0.000369959304476,0.000482591398103
2018-04-26,-0.0236760124611,0,0,0.000370096225018,0.000364710173061
2018-04-27,0.00255264837269,0.0181347150259,0.0299539170507,-0.00295967443581,0.000952604962954
2018-05-02,0.00381922342457,-0.00381679389313,-0.00223713646532,-0.00296846011132,0.000493473229077
2018-05-03,0.00697526949905,-0.00383141762452,-0.00448430493274,0,5.87178373046e-05
2018-05-04,-0.00566750629723,0.00128205128205,0.0045045045045,0.000744324525493,0.000387514972169
2018-05-07,0.0193160227992,0.0089628681178,0.0179372197309,0.00223131275567,0.000164336608327
2018-05-08,0.0155327741535,-0.00126903553299,0.00220264317181,-0.000371057513915,-0.000293410011149
2018-05-09,-0.00336494340777,0,-0.0021978021978,-0.0018559762435,2.3479690068e-05
2018-05-10,0.00798035604665,0.00889453621347,0.0154185022026,0.00185942729639,1.17395693926e-05
2018-05-11,-0.00700365408039,0.00503778337531,0.00433839479393,0.000371195248701,0.000340443515725
2018-05-14,0.0104262496167,0.00751879699248,0,0,-7.04126179412e-05
2018-05-15,0.00455235204856,-0.00621890547264,-0.00215982721382,-0.00482374768089,0.000305142830317
2018-05-16,-0.00966767371601,-0.00125156445557,-0.00865800865801,-0.00969425801641,0.000152524873287
2018-05-17,-0.010067114094,0.00250626566416,0.00873362445415,-0.00451807228916,0.000129039826383
2018-05-18,0.0129429892142,0,0,0.00113464447806,0.000363610772262
2018-05-21,0.00578034682081,0.0175,0.00649350649351,-0.00188893086513,2.34502327434e-05
2018-05-22,-0.00483968542045,-0.002457002457,-0.00430107526882,0.00189250567752,0.000316570718381
2018-05-23,-0.0155015197568,-0.00738916256158,-0.00647948164147,0.00188893086513,0.000246143747949
2018-05-24,-0.00957085520222,0.00496277915633,0.0108695652174,0.0052790346908,8.2027725371e-05
2018-05-25,-0.00280548628429,0.00123456790123,0,0.00562640660165,4.68691413573e-05
2018-05-28,0.00750234448265,0.00369913686806,0.00430107526882,-0.00447594181276,8.20171533018e-05
2018-05-29,-0.0111697176544,-0.00614250614251,0,0.00299737729487,-1.17157752915e-05
2018-05-30,-0.0225917791026,-0.0123609394314,-0.00642398286938,0.00224131490474,-1.17159125524e-05
2018-05-31,0.0243980738363,0.0100125156446,0.0129310344828,0.00149086843086,0.000269469145783
2018-06-01,-0.00814791601379,-0.00371747211896,-0.00425531914894,-0.00260513583923,0.000445089955022
2018-06-04,0.0116903633491,0.0136815920398,0.0192307692308,-0.00410447761194,0.000327815112277
2018-06-05,0.00999375390381,0.00613496932515,0.0125786163522,-0.00187336080929,0.000128742304721
2018-06-06,-0.0021645021645,-0.00243902439024,0.00207039337474,0.0015015015015,0.000117023392976
2018-06-07,-0.000309885342423,0.00733496332518,0.00826446280992,-0.000749625187406,0.000140411640125
2018-06-08,-0.0158090514569,-0.00242718446602,-0.0143442622951,0.000375093773443,0.000292483182217
2018-06-11,0.00314960629921,0.00851581508516,0.010395010395,0.00262467191601,0.000210526315789
2018-06-12,0.0119309262166,0.00603136308806,0.00411522633745,-0.00037397157816,5.84672232746e-05
2018-06-13,-0.0121005274589,0.00239808153477,0.00409836065574,-0.00149644594089,0
2018-06-14,-0.00314070351759,-0.00717703349282,-0.00612244897959,0.00487073810416,0.000222162459222
2018-06-15,-0.00189035916824,0.00843373493976,0.0143737166324,0.000745712155108,0.000350704916883
2018-06-19,-0.0410353535354,-0.0215053763441,-0.0121457489879,-0.00856929955291,5.84303276772e-05
2018-06-20,0,0.00976800976801,0.00819672131148,-0.00375798571965,0.00039730301366
2018-06-21,-0.00987491770902,0.0120918984281,0.0182926829268,-0.00339494530366,0.000128488161568
2018-06-22,0.00531914893617,-0.00597371565114,-0.0059880239521,0.00529901589705,5.83962065823e-05
2018-06-25,-0.0168650793651,0.00841346153846,-0.00803212851406,0.00150602409639,0.000186856949327
2018-06-26,-0.0117726202489,-0.00953516090584,-0.0161943319838,0.000751879699248,0.000140116530248
2018-06-27,-0.0285908781484,-0.00842358604091,-0.00617283950617,0.000751314800902,-4.66989667854e-05
2018-06-28,-0.00700770847933,-0.00485436893204,-0.00828157349896,-0.0015015015015,0.000140103443042
2018-06-29,0.0321100917431,0.0182926829268,0.0229645093946,0.000751879699248,0.000560335267268
2018-07-02,-0.0321367521368,-0.0059880239521,-0.00612244897959,0.00262960180316,0.000583355695302
2018-07-03,-0.00459201695514,0.0180722891566,0.0287474332649,0.000749344323717,0.000699618707804
2018-07-04,-0.0127750177431,-0.010650887574,-0.0179640718563,0.00224634968177,0.00115356381305
2018-07-05,-0.0100647016535,0.00956937799043,0,0.000747104968248,0.000849627560521
2018-07-06,0.0105301379811,0.00829383886256,0.0142276422764,0.000746547219112,0.000500040700987
2018-07-09,0.0355731225296,0.00940070505288,0.0320641282565,-0.00111898545319,-0.000162722581245
2018-07-10,0.00312283136711,0.0046565774156,0.0116504854369,-0.00298730395818,-0.000244123596289
2018-07-11,-0.020062262193,0.00231749710313,-0.0191938579655,0.00299625468165,-0.000151161033011
2018-07-12,0.0292975644193,0.00693641618497,0.00978473581213,-0.00336071695295,-0.00177931804438
2018-07-13,0.00205761316872,-0.00114810562572,0.00968992248062,-0.000749344323717,0.000512611405604
2018-07-16,-0.00513347022587,0,-0.00767754318618,0.00187476565429,0.00015137577289
2018-07-17,-0.00756793945648,-0.00574712643678,-0.00967117988395,-0.00224550898204,0.000256135612164
2018-07-18,-0.00554592720971,0.0104046242775,0.013671875,-0.00937734433608,2.32790930466e-05
2018-07-19,0.000697107005925,0.00686498855835,0.00385356454721,0.00416508898145,0.000197867684715
2018-07-20,0.0233368164403,0.00113636363636,0.00191938579655,0.00188536953243,0.000139643675887
2018-07-23,0.00782845473111,-0.00340522133939,-0.00383141762452,0.00564546480994,0.000116353481878
2018-07-24,0.0222897669706,0.0125284738041,0.0153846153846,-0.00187125748503,-0.000104705950788
2018-07-25,-0.000330360092501,0,0.00378787878788,0.00149981252343,0.000197798617737
2018-07-26,-0.0155320555188,0.00674915635546,0.00188679245283,0.00149756645451,0.000255924060352
2018-07-27,-0.00302114803625,0.0122905027933,0.00188323917137,-0.0011214953271,0.000209338838169
2018-07-30,-0.00673400673401,-0.0121412803532,-0.00563909774436,0.000374251497006,0.000220922525958
2018-07-31,0.00440677966102,-0.0156424581006,-0.0226843100189,0.000748222970445,0.000209248796819
2018-08-01,-0.0269996625042,0.0102156640182,0.0116054158607,-0.000747663551402,0.000162715016272
2018-08-02,-0.0270551508845,-0.00337078651685,0.0038240917782,-0.00224466891134,0.000232412206289
2018-08-03,-0.0171122994652,0.0169109357384,0.0285714285714,-0.000749906261717,0.000336919394939
2018-08-06,-0.012694958288,0.0110864745011,0.0259259259259,-0.000375234521576,4.64559887576e-05
2018-08-07,0.0341660543718,0.0175438596491,-0.00541516245487,0,1.16134576749e-05
2018-08-08,-0.0177619893428,-0.0140086206897,-0.016333938294,-0.0015015015015,9.29065824313e-05
2018-08-09,0.029294755877,-0.00983606557377,-0.0129151291513,-0.000751879699248,4.64489758001e-05
2018-08-10,0.00210822206606,0.00110375275938,-0.00373831775701,-0.000376222723853,0.000290292614956
2018-08-13,-0.00525946704067,-0.0077177508269,-0.00187617260788,0.00263455024464,0.000150908352197
2018-08-14,-0.0052872752908,0.00222222222222,0.00751879699248,-0.00713213213213,3.48197497622e-05
2018-08-15,-0.029057406095,0.0121951219512,0.0111940298507,-0.00189035916824,0.000208911224336
2018-08-16,-0.00510948905109,-0.0142387732749,-0.0184501845018,-0.0125,0.000104433794776
2018-08-17,-0.018708730741,0.0122222222222,0.00375939849624,-0.000767165324127,0.000243653408827
2018-08-20,0.0130841121495,0,-0.00561797752809,0.00614203454894,0.000115997169669
2018-08-21,0.0210332103321,-0.0032930845225,-0.00564971751412,0.00381533765738,0.000139180459064
2018-08-22,-0.00216841344416,-0.0011013215859,-0.00189393939394,-0.000380083618396,0.000197144878292
2018-08-23,0.00362187613184,0.00220507166483,0.011385199241,0.000760456273764,0.00047537334199
2018-08-24,0.00180440274269,-0.002200220022,0,-0.000759878419453,5.79448133597e-05
2018-08-27,0.0306195965418,0.00441014332966,0.00562851782364,0.00456273764259,-0.000231765823812
2018-08-28,-0.00349528137015,0.00878155872667,0.00932835820896,0.00378501135503,0.000173864663746
2018-08-29,-0.00455980357769,0.00217627856366,0.00184842883549,-0.00452488687783,0.000289724066799
2018-08-30,-0.0119802677942,0.0043431053203,0.0147601476015,0.00151515151515,0.000220126514818
2018-08-31,-0.009272467903,-0.00324324324324,-0.00363636363636,0.00113464447806,0.000335908632852
2018-09-03,-0.00251979841613,-0.00433839479393,0,-0.00340007555723,-0.000104212500868
2018-09-04,0.0144352219415,0.00326797385621,0.00547445255474,-0.00227445034117,5.79018679143e-05
2018-09-05,-0.0249021700462,-0.0043431053203,-0.00907441016334,-0.00227963525836,-9.26376247714e-05
2018-09-06,-0.0105800802627,-0.00436205016358,-0.0164835164835,0.003808073115,0.000196873190504
2018-09-07,0.00811209439528,-0.00219058050383,-0.00931098696462,0.00303490136571,-0.000115784964165
2018-09-10,-0.0175566934894,0.00439077936334,0.00751879699248,-0.00302571860817,0.0004631934875
2018-09-11,-0.00446760982874,0.00327868852459,0.00559701492537,0.00189681335357,-0.00018519161545
2018-09-12,-0.00860134629768,0.00435729847495,0.00927643784787,0,0.000300992116322
2018-09-13,0.0132025650698,-0.00216919739696,-0.00919117647059,0.00378644452859,0
2018-09-14,0.00186150409531,0.0054347826087,0.00927643784787,0.00188608072426,0.00024303586515
2018-09-17,-0.0115198810851,0,-0.00367647058824,-0.00451807228916,0.00018512519091
2018-09-18,0.0236842105263,-0.00756756756757,-0.0129151291513,0.00113464447806,0
2018-09-19,0.0165258905619,0.00544662309368,0.00747663551402,0.00113335851908,0
2018-09-20,-0.000722543352601,0.0032502708559,-0.00185528756957,0.00188679245283,0.000127250011568
2018-09-21,0.0383224873463,0.00755939524838,0.0111524163569,0.0015065913371,-9.25336880457e-05
2018-09-25,-0.0121866295265,-0.0032154340836,-0.00367647058824,-0.00300864986837,0.000335465661041
2018-09-26,0.0133944307367,0.00537634408602,0.00553505535055,0.00113164843455,4.62556084926e-05
2018-09-27,-0.00521739130435,-0.00855614973262,-0.00183486238532,-0.00339110776187,0.000231267345051
2018-09-28,0.0125874125874,0.00215749730313,0.0128676470588,-0.00831758034026,0.00104046242775
2018-10-08,-0.0576657458564,-0.00861141011841,-0.0290381125227,0.0129622569577,0.000485044462409
2018-10-09,0.00256504213998,0.00325732899023,0,-0.00150545728265,0.00010388770893
2018-10-10,-0.000730994152047,0.00324675324675,0.00373831775701,0,5.77093985525e-05
2018-10-11,-0.0629114850037,-0.0485436893204,-0.0651769087523,0.00452318130418,-9.23297093922e-05
2018-10-12,0.0230288836846,0.00680272108844,0.0219123505976,0.0135084427767,0.000311641542972
2018-10-15,-0.0179320869897,-0.00900900900901,-0.00389863547758,0.00925583117364,0.000126925517798
2018-10-16,-0.00815850815851,0.00340909090909,0.00195694716243,0.000733675715334,-4.6148876275e-05
2018-10-17,0.00430865648257,0.0203850509626,0.033203125,-0.00293255131965,9.23020121839e-05
2018-10-18,-0.0273010920437,-0.00443951165372,-0.00945179584121,0.000735294117647,0.000173050299954
2018-10-19,0.0316760224539,-0.0066889632107,-0.00763358778626,0.00551065393093,5.76734529096e-05
2018-10-22,0.0652934317917,0,-0.00576923076923,-0.0018268176836,-0.000196078431372
2018-10-23,-0.0412258299891,-0.0145903479237,-0.0154738878143,0.00402635431918,0.000323016046976
2018-10-24,0.00190258751903,0,0.00589390962672,0.00109369303682,0.000207586119408
2018-10-25,0.00607671857197,-0.0239179954442,-0.033203125,0.00546249089585,0.000103771518177
2018-10-26,-0.0124575311438,0.00233372228705,0.00606060606061,-0.00108656283955,0.000184463556919
2018-10-29,-0.0370795107034,-0.0058207217695,-0.00200803212851,-0.00145032632342,0.000161375844342
2018-10-30,0.0146883684002,0.00117096018735,-0.0140845070423,-0.00217864923747,5.76249308499e-05
2018-10-31,0.014475743349,0.0152046783626,0.0142857142857,-0.0080058224163,9.21945766541e-05
2018-11-01,0.00887003470883,0.00576036866359,0.0120724346076,0.00146735143067,-4.60930387989e-05
2018-11-02,0.0516055045872,0.0103092783505,0.0119284294235,0.0003663003663,1.15237908662e-05
2018-11-05,-0.0156306797528,-0.0113378684807,-0.0157170923379,0.00146466495789,0.00036875705824
2018-11-06,-0.00775480059084,0.0114678899083,-0.00199600798403,0,0.000126713512268
2018-11-07,-0.0100483810942,0.00453514739229,0.012,0.00073126142596,3.45538521787e-05
2018-11-08,-0.00112781954887,0.020316027088,0.0237154150198,-0.00401899890391,0.000103657974754
2018-11-09,-0.0154309371472,-0.00442477876106,-0.00579150579151,-0.00183418928833,0.000218810820771
2018-11-12,0.0137614678899,-0.00111111111111,-0.00194174757282,-0.00808526277104,-2.30276792706e-05
2018-11-13,0.0128205128205,-0.0211345939933,-0.0311284046693,-0.00370507595406,2.30282095568e-05
2018-11-14,-0.0148920327625,0,-0.00200803212851,0,2.30276792705e-05
2018-11-15,0.0162509448224,-0.00795454545455,-0.00804828973843,0.00557828188918,0.000161190043061
2018-11-16,0.00371885459279,0.00229095074456,0.00405679513185,0.00184911242604,0.000218722659668
2018-11-19,0.01370878103,0.00228571428571,0.0040404040404,0.00332225913621,0.00020716562892
2018-11-20,-0.0266812865497,-0.0136830102623,-0.0362173038229,0.00257542310522,0.000138081813474
2018-11-21,0.00112654900488,-0.0150289017341,-0.0062630480167,-0.00110091743119,0.000264620269913
2018-11-22,-0.00337584396099,0,-0.00210084033613,0.00293901542983,0.000207039337474
2018-11-23,-0.0319909672563,-0.00234741784038,-0.00631578947368,0.0003663003663,0.0003449941351
2018-11-26,0.00194401244168,0.00235294117647,0.00847457627119,-0.000732332478945,9.19667080517e-05
2018-11-27,-0.0011641443539,0.00704225352113,0.0126050420168,-0.00219860754855,2.29895627386e-05
2018-11-28,0.018648018648,0.00815850815851,0.0103734439834,-0.00367242012486,-0.000333340996345
2018-11-29,-0.0122044241037,0.0138728323699,0.0205338809035,0.00663472171028,0.000137980199841
2018-11-30,0.0127413127413,0.00456100342075,0.00402414486922,0.000732332478945,0.000149457927593
2018-12-03,0.0320243995425,0.0215664018161,0.0260521042084,-0.00402488108306,-1.14950456354e-05
2018-12-04,0.00184706316956,-0.0166666666667,-0.017578125,0,0.00027588426655
2018-12-05,-0.00553097345133,-0.0203389830508,-0.0278330019881,0.00220426157237,6.89520438535e-05
2018-12-06,-0.0248424175009,-0.0138408304498,-0.0163599182004,0.0032991202346,0.000252806729256
2018-12-07,-0.00266159695817,0.00701754385965,0.014553014553,0.00109609061016,0.00052846228962
2018-12-10,-0.0114372855509,-0.0278745644599,-0.0286885245902,0.00985401459854,-9.18579416931e-05
2018-12-11,0.0050134978789,0.00836320191159,0.0126582278481,-0.00108420672208,-6.88997852624e-05
2018-12-12,0.00422102839601,0.00473933649289,0.0125,-0.00434153400868,2.29681775898e-05
2018-12-13,0.0210164310279,0.00235849056604,0.00617283950617,-0.000726744186046,-0.000218192675616
2018-12-14,-0.0213323353293,-0.00941176470588,-0.0143149284254,-0.00145454545455,0.000252699287847
2018-12-17,-0.00152963671128,-0.0083135391924,-0.0103734439834,0.000364166059723,0.000160768011759
2018-12-18,-0.0153198008426,-0.0215568862275,-0.020964360587,0.0058245358573,0.00018370533664
2018-12-19,-0.0128354725788,-0.00244798041616,0,0.00398117987695,0
2018-12-20,-0.0090622537431,-0.0220858895706,-0.0278372591006,-0.00252343186734,-0.000103315272293
2018-12-21,-0.0155069582505,-0.00376411543287,-0.00220264317181,0.00758944705457,0.000298497181498
2018-12-24,0.00282714054927,-0.0201511335013,-0.0309050772627,0.00358680057389,0.000137726818855
2018-12-25,-0.00765203383004,-0.0359897172237,-0.0318906605923,0.00679056468906,-6.88539263951e-05
2018-12-26,-0.00689935064935,-0.00266666666667,-0.00235294117647,0.00141995030174,-0.000263958225742
2018-12-27,-0.0028606456886,0.048128342246,0.0542452830189,-0.00319035802907,0.000252548443383
2018-12-28,0.00286885245902,0.00510204081633,0.00447427293065,0.00533428165007,0.000998462138775
2019-01-02,-0.0171638741316,-0.00126903553299,-0.00445434298441,0.00282985496993,0.000137581545729
2019-01-03,0,-0.0012706480305,-0.00447427293065,0.00846560846561,0.000722203753167
2019-01-04,0.0320166320166,-0.00127226463104,0,-0.000699545295558,0.000939332844575
2019-01-07,0.00523771152297,0.0242038216561,0.0314606741573,-0.00630031501575,0.000663782645517
2019-01-08,0,0.0111940298507,0.0152505446623,-0.00352236703064,-0.000560409899813
2019-01-09,0.00921843687375,0.00861008610086,0.00429184549356,-0.00424178154825,-0.000743817730326
2019-01-10,0.0011914217633,-0.0109756097561,-0.00854700854701,0.00283990060348,-1.14518677997e-05
2019-01-11,0.00912336374455,0.00863131935882,0.00431034482759,-0.00743362831858,0.000206135981035
2019-01-14,-0.0106132075472,-0.00855745721271,-0.0128755364807,0.00106990014265,0.000114496387639
2019-01-15,0.0234406038935,0.00616522811344,0.00869565217391,-0.00213751335946,3.43449839151e-05
2019-01-16,0,0.00490196078431,0.0129310344828,0.00142806140664,0.000114479347926
2019-01-17,-0.00659937888199,-0.00487804878049,-0.0063829787234,0.00142602495544,1.14466243906e-05
2019-01-18,0.021101992966,0.0196078431373,0.0192719486081,0.00106799572802,0.000103018440301
2019-01-21,0.00650593187907,0.00841346153846,0.00420168067227,-0.00462304409673,0.000114453142883
2019-01-22,-0.0152091254753,-0.00357568533969,-0.00418410041841,0.000357270453733,0.000148772058319
2019-01-23,-0.0030888030888,-0.00717703349282,-0.0105042016807,0.00142857142857,0.000194519137251
2019-01-24,0.00929512006197,0,0,-0.00142653352354,3.43202306319e-05
2019-01-25,0.00920951650038,0.00361445783133,0.00636942675159,-0.00107142857143,0.00021735400103
2019-01-28,-0.00152091254753,-0.00360144057623,0,0.00965319985699,3.43115950316e-05
2019-01-29,0.00533130236101,-0.00602409638554,-0.0105485232068,0.00389518413598,0.00029735695415
2019-01-30,-0.00795454545455,0,-0.00213219616205,0.00282186948854,-6.86004367562e-05
2019-01-31,0.0114547537228,0.0121212121212,0.0235042735043,-0.00140696447415,0.000217249619813
2019-02-01,0.0200075500189,0.0131736526946,0.0125260960334,0.00457907713984,0.0011088755773
2019-02-11,0.0166543301258,0.00354609929078,0.00618556701031,-0.00210378681627,-0.000114190446827
2019-02-12,0.00873680378595,0.00706713780919,0.00819672131148,0.00140548137737,5.71017438873e-05
2019-02-13,0.0249007578492,0.0105263157895,0.0121951219512,-0.00140350877193,7.99378768501e-05
2019-02-14,0.00140845070423,0.00231481481481,-0.00401606425703,-0.00105411103303,0.000125606622895
2019-02-15,-0.0196905766526,-0.00692840646651,-0.00806451612903,0.00597959901512,0.000148425547462
2019-02-18,0.0347919655667,0.0162790697674,0.0121951219512,0.0048951048951,5.70782771492e-05
2019-02-19,-0.00311958405546,0,0.00200803212851,0.00278357689631,0.000228300077622
2019-02-20,0.00312934631433,-0.00572082379863,-0.00801603206413,0.00555170020819,9.12991874373e-05
2019-02-21,-0.00138648180243,0.00345224395857,0,-0.00517598343685,6.84681394925e-05
2019-02-22,0.0319333564734,-0.00229357798165,-0.0040404040404,-0.00728407908429,3.42317259636e-05
2019-02-25,0.0837537840565,0,0.00405679513185,-0.00104821802935,-0.000159742586233
2019-02-26,-0.0263811297331,-0.00344827586207,-0.00606060606061,0.000349772647779,0.000136944092574
2019-02-27,-0.00637551801084,-0.00115340253749,0.0020325203252,-0.00244755244755,0.000524880475588
2019-02-28,-0.00224574911774,-0.00230946882217,-0.00202839756592,-0.00701016473887,0.00061584079375
2019-03-01,0.024115755627,0.00925925925926,0.010162601626,-0.00211789622309,0.000558474566612
2019-03-04,0.0122448979592,0.00344036697248,0.00603621730382,-0.0141492748497,-0.000615118239395
2019-03-05,0.00992555831265,-0.00685714285714,-0.006,-0.00466451381414,-0.000113980896802
2019-03-06,0.00798525798526,-0.00115074798619,0.00201207243461,0.00504686373468,0.000148192056906
2019-03-07,-0.0127970749543,-0.00806451612903,-0.00803212851406,-0.0032281205165,0.000216556298939
2019-03-08,-0.0407407407407,-0.00696864111498,-0.0121457489879,0.00863620007197,0.000113952322348
2019-03-11,0.0157657657658,0.00350877192982,0.00819672131148,0.00214056368177,6.83636032177e-05
2019-03-12,0.00791891035793,0.013986013986,0.020325203252,-0.000355998576006,2.27863099849e-05
2019-03-13,-0.00691389063482,-0.00114942528736,0,0.00498575498576,0.000478501606398
2019-03-14,-0.00854430379747,0.00920598388953,0.00996015936255,-0.000354358610914,0
2019-03-15,0.0156399616981,0.00114025085519,0.00197238658777,-0.00248138957816,4.5549785916e-05
2019-03-18,0.0361407919547,0.00341685649203,0.00787401574803,-0.00177683013504,-2.27738556137e-05
2019-03-19,-0.00849256900212,0.00454029511918,0.001953125,0.00569597721609,7.97103099592e-05
2019-03-20,0,-0.00225988700565,0,-0.00106194690265,0.000102476515798
2019-03-21,0.000611807892322,-0.00906002265006,0,0.00566973777463,0.000182161805223
2019-03-22,0.00152858453072,0.0171428571429,0.0194931773879,-0.00140944326991,0.000239043824701
2019-03-25,-0.0289987789988,-0.0224719101124,-0.0286806883365,0.00529287226535,0.000307268609666
2019-03-26,-0.0122602955046,0.00574712643678,0.00787401574803,0.000702000702001,0.000102391408223
2019-03-27,0.0101845957989,0.008,0.005859375,-0.000701508242722,-5.68782918311e-05
2019-03-28,-0.00315059861374,-0.00793650793651,-0.00970873786408,-0.002457002457,-0.000227526108621
2019-03-29,0.0480404551201,0.00685714285714,0.0078431372549,-0.018296973962,0.000193441205252
2019-04-01,0.0301568154403,0.00908059023837,0.0136186770428,-0.000358422939068,0.000102390243347
2019-04-02,-0.00204918032787,0.00562429696288,0.00383877159309,0.00179275726067,0.000318514810939
2019-04-03,0.0155470812555,0.00559284116331,0.00764818355641,0.00143163922691,0.00034115720524
2019-04-04,0.0135759676488,0,0,0.00035739814153,0.000659345656276
2019-04-08,-0.00740951838131,0.0122358175751,0.00379506641366,0.00392997499107,0.000170408070526
2019-04-09,0.00689061154177,-0.0043956043956,0.00189035916824,0.000711743772242,-0.000124944626813
2019-04-10,0.00171086398631,-0.00772626931567,-0.00188679245283,0.00462304409673,-0.000329440632526
2019-04-11,-0.019925989183,0.00444938820912,0.00567107750473,0.00176991150442,6.8182592984e-05
2019-04-12,-0.00406622131862,0.00221483942414,-0.00187969924812,-0.0102473498233,0.000147718879609
2019-04-15,-0.00729075532225,0.00331491712707,0.00188323917137,-0.00571224562656,0.000147697061965
2019-04-16,0.0352526439483,0.00550660792952,0.00563909774436,0,-0.000193113789461
2019-04-17,-0.00283768444949,-0.00328587075575,0.0018691588785,-0.00574506283662,0.000204512918399
2019-04-18,-0.00199203187251,-0.00769230769231,-0.00373134328358,-0.00650054171181,0.000113595056343
2019-04-19,0.0171086398631,0.00553709856035,0.00187265917603,0.00472555434387,0.000147656800164
2019-04-22,-0.0288758059994,0,0.0018691588785,0.00325615050651,0.000249843847595
2019-04-23,-0.0020207852194,0.00330396475771,0.00746268656716,-0.0061305445366,0.00010218331687
2019-04-24,0.00173560890946,0.00878155872667,0.0148148148148,-0.0010885341074,4.54101673366e-05
2019-04-25,-0.0239676580999,0,0.00729927007299,0.0050853614239,-2.27040526735e-05
2019-04-26,-0.0159763313609,0.00108813928183,0.00724637681159,0.00252981568486,0.000170284261193
2019-04-29,0.00450992182802,0.00760869565217,0.0125899280576,-0.00108147080029,-7.94524590535e-05
2019-04-30,0.000598623166717,0.00215749730313,-0.00355239786856,0.00216528329123,0.000612967671631
2019-05-06,-0.0667065510021,-0.0150699677072,-0.0285204991087,0.00540151242348,0.000306296086217
2019-05-07,0.0108974358974,0.0109289617486,0.0110091743119,-0.00107449856734,0.000147430735906
2019-05-08,-0.0152187698161,-0.0183783783784,-0.0181488203267,0.005378271782,5.66957704955e-05
2019-05-09,-0.0167417900837,0,-0.00739371534196,0.00106990014265,0.000113385112535
2019-05-10,0.0370006548788,0.0011013215859,0.00186219739292,0.000356252226576,5.66861289042e-05
2019-05-13,-0.0214714240606,0.004400440044,-0.00371747211896,0.00641025641026,0.000170048747308
2019-05-14,-0.00580832526621,-0.0120481927711,-0.0205223880597,0.0116772823779,7.93425899688e-05
2019-05-15,0.0253164556962,0.00886917960089,0.0133333333333,-0.00419727177335,5.66687823012e-05
2019-05-16,0.00569800569801,0,0.00751879699248,0.00351246926589,0
2019-05-17,-0.0264400377715,0.0120879120879,0.0111940298507,-0.0014000700035,0.000339993426794
2019-05-20,-0.0129324280634,0,-0.00553505535055,-0.00630914826498,-2.26585247034e-05
2019-05-21,0.0147396003931,-0.0043431053203,-0.00927643784787,-0.000352733686067,0.000147283747805
2019-05-22,-0.00290510006456,0.00218102508179,-0.00187265917603,0.000352858151023,2.26557013072e-05
2019-05-23,-0.0187763030107,-0.0076169749728,-0.0093808630394,0.00246913580247,3.3982782057e-05
2019-05-24,0.00197954470472,-0.00548245614035,-0.00378787878788,0.00527797325827,0.000192562554512
2019-05-27,0.0141587092526,0.00110253583241,-0.00380228136882,0.000350017500875,0.000101925254813
2019-05-28,0.00551948051948,0.00330396475771,0.00190839694656,-0.00104968509447,0.000135886489486
2019-05-29,0.000645786244753,-0.0164654226125,-0.00952380952381,0.00175131348511,0
2019-05-30,-0.000645369474024,-0.00111607142857,-0.00192307692308,-0.0048951048951,0.000181157369142
2019-05-31,-0.00581207620278,-0.00893854748603,-0.00770712909441,0.0115952213633,0.000192444841912
2019-06-03,0.00259824618383,-0.00901916572717,-0.0135922330097,0.0114623133032,7.92267469498e-05
2019-06-04,-0.0106899902818,0.00341296928328,-0.0137795275591,0.0113324175824,0.000135806520976
2019-06-05,-0.00261951538965,0.0226757369615,0.0279441117764,0.00611205432937,3.39470200175e-05
2019-06-06,-0.0101772816809,0.00554323725055,0.00388349514563,0,0.000237621073595
2019-06-10,0.0152570480929,0.0242557883131,0.0328820116054,-0.00371245359433,0.00012443861217
2019-06-11,0.0369160405096,0,0.00936329588015,-0.00440379403794,0
2019-06-12,-0.00882167611846,-0.005382131324,-0.00742115027829,0.0112283089486,0.000135734322686
2019-06-13,-0.00222504767959,0,-0.00373831775701,0.00168236877524,9.04772675865e-05
2019-06-14,-0.00700860146543,0.004329004329,0.00562851782364,0.0144440712126,0.000248789976026
2019-06-17,0.000962463907604,0.00215517241379,0.00186567164179,-0.0112582781457,6.78349349916e-05
2019-06-18,0.0025641025641,-0.00215053763441,0.00558659217877,0.00736771600804,6.78303337251e-05
2019-06-19,0.01726342711,0.00862068965517,0.0111111111111,-0.0063164893617,-0.000135651466166
2019-06-20,0.0339409176618,0.00534188034188,0.00915750915751,0.0230846436935,1.13058224984e-05
2019-06-21,0.00212765957447,0,-0.00181488203267,0.00817527795945,0.000305253756317
2019-06-24,0.00181983621474,0.00212539851222,0.00181818181818,0.00681154719429,0.00013562693551
2019-06-25,-0.0118074477748,-0.00424178154825,-0.00725952813067,0.020618556701,0.000180811391118
2019-06-26,0.00030637254902,-0.00745473908413,-0.0127970749543,-0.0186237373737,6.77920141008e-05
2019-06-27,0.0128637059724,0.00321888412017,0.00925925925926,-0.00225152782245,-4.51916124368e-05
2019-06-28,-0.000302388872089,-0.00213903743316,-0.00183486238532,0.00322372662798,0.00024856510146
2019-07-01,0.0287356321839,0.0246516613076,0.0202205882353,-0.0244215938303,-5.64780300463e-05
2019-07-02,0.00176418700382,-0.00418410041841,-0.00540540540541,0.0098814229249,0.00030499858797
2019-07-03,-0.0096859407103,0.0031512605042,0.0054347826087,0.0280495759948,0.000214563194507
2019-07-04,-0.0077059869591,0.00837696335079,0.00540540540541,-0.00983502538071,0.000135484526538
2019-07-05,0.00597371565114,-0.00207684319834,0.00537634408602,0.00096123037488,0.000214488107199
2019-07-08,-0.0267220902613,-0.00520291363163,-0.0106951871658,-0.00416133162612,7.90049886006e-05
2019-07-09,-0.00274557657108,-0.00523012552301,-0.00720720720721,-0.00835744133719,-3.38566059881e-05
2019-07-10,0.000305903946161,0.00315457413249,0.010889292196,-0.00129659643436,6.77155045934e-05
2019-07-11,0.000305810397554,0.00943396226415,0.0125673249551,0.0172022070756,4.51406130095e-05
2019-07-12,0.00947722409049,0.00415368639668,-0.00177304964539,-0.00733886407147,0.00013541572628
2019-07-15,0.00423985463356,0.00413650465357,0.0088809946714,0.0041787206686,3.38493478358e-05
2019-07-16,-0.00482509047045,-0.00205973223481,0.00352112676056,-0.000640204865557,0.000124110074353
2019-07-17,-0.00181818181818,-0.0061919504644,-0.00526315789474,-0.00544522741832,0.000112813339049
2019-07-18,-0.00758955676988,-0.00934579439252,-0.0123456790123,0.00933977455717,0.000112800613635
2019-07-19,0.0122361578464,0.0104821802935,0.0125,0.0146777281429,0.00013534546931
2019-07-22,-0.0090661831369,-0.0051867219917,-0.010582010582,-0.00880503144654,1.12772627827e-05
2019-07-23,0.00274473924977,0.00417101147028,0.0106951871658,-0.00571065989848,0.000169157034113
2019-07-24,0.00942822384428,0.00519210799585,0.00352733686067,0.00287172941927,4.51009132936e-05
2019-07-25,0.0105453449834,0.0051652892562,0.00878734622144,0.00159083678015,4.50988792928e-05
2019-07-26,0.00149075730471,-0.00308324768756,-0.00522648083624,-0.00412960609911,0.000214210016009
2019-07-29,-0.00178624590652,0.00515463917526,0.00350262697023,0.00191387559809,4.50871873485e-05
2019-07-30,0.00536832687146,0,-0.00174520069808,0.00445717924228,3.38138659393e-05
2019-07-31,-0.00830614061109,-0.00102564102564,-0.00174825174825,0.00348652931854,0.000146521797935
2019-08-01,-0.0107687705654,-0.0112936344969,-0.0140105078809,-0.0164245104232,0.00012396181976
2019-08-02,-0.0178409434533,-0.00207684319834,0.00177619893428,0.0234425176622,0.000157750033803
2019-08-05,-0.0203201970443,-0.00104058272633,-0.0106382978723,0.0332601192344,9.01286586601e-05
2019-08-06,-0.012256442489,-0.0208333333333,-0.0197132616487,0.00242939568782,9.01205362174e-05
2019-08-07,-0.0076360165447,0.0063829787234,0.0073126142596,0.0190851257195,0.000112640519047
2019-08-08,0.0173132414235,0.00739957716702,0.010889292196,0.00802615933413,4.50511330361e-05
2019-08-09,-0.00913961550583,0.01259181532,0.0125673249551,0.0032438808611,0.000225245517614
2019-08-12,0.0187659033079,0.0020725388601,0.00177304964539,-0.00499706055262,0.000101337657073
2019-08-13,-0.00999063378083,-0.0155118924509,-0.0176991150442,0.023929098966,6.75515925288e-05
2019-08-14,0.00441501103753,0.00840336134454,0.018018018018,-0.0271206001154,3.37735148097e-05
2019-08-15,0.00470957613815,-0.0208333333333,-0.0212389380531,0.0115658362989,1.1257458066e-05
2019-08-16,0.005,0.00212765957447,-0.00180831826401,0.00234535326884,0.000168859970056
2019-08-19,0.0279850746269,0.0169851380042,0.018115942029,-0.00497221409769,-5.62771537268e-05
2019-08-20,-0.00483968542045,0.00521920668058,0.00533807829181,-0.00411522633745,0.000135072770455
2019-08-21,-0.000303951367781,-0.00726895119418,-0.00530973451327,0.00118063754427,0.000180072704354
2019-08-22,0.00243235025844,0.00941422594142,0.00711743772242,0.0032429245283,0.00013503021301
2019-08-23,0.00818926296633,0.00414507772021,0.00353356890459,-0.00176315016162,0.000101258986735
2019-08-26,-0.01293622142,-0.0196078431373,-0.0228873239437,0.0385634383279,0.000101248734391
2019-08-27,0.0121914050594,0.0126315789474,0.0108108108108,-0.00198412698413,1.12487204582e-05
2019-08-28,-0.00361336946703,-0.0031185031185,0,0.000568020448736,0.000101237345332
2019-08-29,-0.0033242671502,0.00417101147028,-0.0017825311943,0.0116378086858,0.000191206739475
2019-08-30,0.00303214069133,0.0103842159917,0.0142857142857,-0.0165544332211,0.000191170186447
2019-09-02,0.0129987908102,-0.00102774922919,-0.00176056338028,-0.00256776034237,7.87020901027e-05
2019-09-03,0.00119367353029,-0.00205761316872,-0.00176366843034,0.00429061784897,8.99381675097e-05
2019-09-04,0.0146050670641,0.00618556701031,0.00530035335689,0.00455710623754,-1.12412599205e-05
2019-09-05,0.0108695652174,0.00409836065574,0.00702987697715,0.0039693790757,2.24827725757e-05
2019-09-06,0.00784655623365,0.00612244897959,0.0104712041885,-0.0319118892968,0.00024730493823
2019-09-09,0.00461361014994,0.00202839756592,0.00345423143351,0.00495915985998,0
2019-09-10,-0.00315729047072,-0.00607287449393,-0.0103270223752,-0.0153846153846,0.000112383542554
2019-09-11,-0.00835012957098,0.0020366598778,0,0.0032429245283,0.00017979346226
2019-09-12,0.0119047619048,0.00813008130081,0.0104347826087,0.000881575080811,0.000337052141966
2019-09-16,-0.00401721664275,-0.00806451612903,-0.0120481927711,0.000293599530241,8.98502869593e-05
2019-09-17,-0.0210314030539,0.00406504065041,0.00174216027875,-0.00322864690343,0.000269526643832
2019-09-18,0.00500294290759,0.00202429149798,0.00521739130435,0.00353356890459,0
2019-09-19,0.00556368960469,0.0010101010101,0,-0.00205399061033,-0.000101045257048
2019-09-20,0.00174723354688,0,0.00173010380623,0.00352837400764,0.000157197395015
2019-09-23,-0.0101744186047,0,-0.00345423143351,0.00908291825374,2.24532411253e-05
2019-09-24,0.000881057268723,0,-0.00173310225303,0.00522648083624,7.85845794602e-05
2019-09-25,-0.00792253521127,-0.00807265388496,-0.0138888888889,0.0051993067591,0.000190833267851
2019-09-26,-0.00798580301686,0.00406917599186,0.00704225352113,-0.0129310344828,4.48933782267e-05
2019-09-27,0.00268336314848,0,-0.00174825174825,-0.0101892285298,0.000303016699587
2019-09-30,-0.0139756170086,-0.00202634245187,-0.00700525394046,-0.000294117647059,0.000897555283796
2019-10-08,0.00753920386007,-0.00913705583756,0.00352733686067,-0.00264783759929,0
2019-10-09,0.00329242741694,-0.0122950819672,-0.0140597539543,0.0147492625369,-0.000257815740211
2019-10-10,0.00835322195704,0.00103734439834,0.00534759358289,-0.00494186046512,7.84858949634e-05
2019-10-11,0.014201183432,0.0103626943005,0.0106382978723,-0.00496640373941,0.000190593643141
2019-10-14,0.00845974329055,0.00512820512821,0.00701754385965,-0.014679976512,3.36277630812e-05
2019-10-15,-0.00376048597049,0.00204081632653,0.00348432055749,0.00238379022646,0.000280221935773
2019-10-16,-0.00406504065041,0.0050916496945,0.00868055555556,-0.00356718192628,8.96458987003e-05
2019-10-17,0.00174927113703,-0.00303951367781,0,0.00715990453461,-2.24094657585e-05
2019-10-18,-0.0168800931315,0,-0.00172117039587,-0.00207345971564,0.000481814311006
2019-10-21,0.00266429840142,0,-0.00689655172414,0.000296823983378,-6.7197527131e-05
2019-10-22,0.0044286979628,0.00609756097561,0.00868055555556,-0.00385756676558,0
2019-10-23,-0.00617283950617,-0.00606060606061,-0.0120481927711,0.00387250521299,-5.60017024517e-05
2019-10-24,0.00147885241053,0.00508130081301,0.00696864111498,-0.00148367952522,8.96077421089e-05
2019-10-25,0.00708800945068,0.0010111223458,0.00173010380623,0.00980683506686,7.83997491209e-05
2019-10-28,0.00674486803519,0.0050505050505,0.0120898100173,-0.00058858151854,5.59954307728e-05
2019-10-29,-0.00378677541509,0.00402010050251,0.00853242320819,-0.0106007067138,0.000179175345472
2019-10-30,-0.00760233918129,0,-0.00676818950931,-0.0014880952381,0.000145553888528
2019-10-31,-0.000589275191515,0.001001001001,0.00511073253833,0.00238450074516,0.00012314305865
2019-11-01,0.0238797169811,0,0.00169491525424,0.007136485281,8.95475609484e-05
2019-11-04,0.00374316153182,0.006,0.00676818950931,-0.00118098612341,6.71546571755e-05
2019-11-05,0.00659781985083,0.00198807157058,0.00504201680672,-0.00591191250369,-2.23833825769e-05
2019-11-06,-0.00484468509547,-0.00694444444444,-0.00501672240803,-0.0145703241154,0.000190263010633
2019-11-07,0.00143184421535,0.001998001998,-0.00168067226891,0.00512975256488,8.95185023555e-05
2019-11-08,-0.00457535030026,-0.000997008973081,-0.003367003367,-0.0183128189733,0.000302097902098
2019-11-11,-0.0192473427176,0.00299401197605,0.00675675675676,-0.00122324159021,0.000223708641865
2019-11-12,-0.00146455770357,0.00398009950249,0.00503355704698,-0.00979791794244,3.35487911252e-05
2019-11-13,-0.000880023467292,-0.000991080277502,0,0.0102040816327,-3.35476656416e-05
2019-11-14,0.000880798590722,0.00396825396825,0.0016694490818,0.00244872972146,3.35487911252e-05
2019-11-15,-0.00557348195952,0.00296442687747,0.005,-0.0024427480916,8.9460441711e-05
2019-11-18,0.00825958702065,0.0137931034483,0.00497512437811,0.000918273645546,0.000134178658884
2019-11-19,0.0117027501463,0.0116618075802,0.0049504950495,0.00672782874618,0.00010062049304
2019-11-20,-0.0118565644881,-0.0134486071085,-0.00492610837438,0.00273390036452,0.000122968229481
2019-11-21,-0.00585308750366,-0.00876338851022,-0.0049504950495,-0.00242350802787,-1.11775554686e-05
2019-11-22,-0.0123638504563,0.00098231827112,0.00331674958541,-0.00182204676587,0.00020119824734
2019-11-25,0.00834575260805,0.00588812561335,0.00495867768595,-0.00699726194098,5.58771596522e-05
2019-11-26,0.00177357375111,0.00780487804878,0.0164473684211,-0.000612745098039,5.58740375698e-05
2019-11-27,-0.00177043375627,0.00290416263311,-0.00323624595469,0.00183936235438,0.000391096410852
2019-11-28,-0.00177357375111,0.00482625482625,0.00649350649351,-0.00214198286414,-0.000156377405699
2019-11-29,-0.0127331951436,0.000960614793468,-0.00161290322581,0.00122661760196,0.00025694591847
2019-12-02,0.00239952009598,0.0115163147793,0.00807754442649,0.00153139356815,4.46747676912e-05
2019-12-03,0.00478755236385,-0.0161290322581,-0.0112179487179,0.00214067278287,5.58409649318e-05
2019-12-04,0.000595592614651,-0.0115718418515,-0.0129659643436,0.0180042722002,7.81729856498e-05
2019-12-05,0.00863095238095,0.000975609756098,0.00492610837438,-0.0044964028777,-2.23333928892e-05
2019-12-06,0.00708173502508,0.00292397660819,0,-0.00722673893406,0.000145170295924
2019-12-09,-0.00380896571931,0.00971817298348,0.00816993464052,-0.0060661207158,0.000200975849402
2019-12-10,0.000882352941177,-0.00384985563041,-0.00486223662885,0.000610314311871,1.1163081457e-05
2019-12-11,0.00176315016162,-0.000966183574879,-0.00162866449511,0.00121988411101,3.3488870532e-05
2019-12-12,-0.00322675271341,0.00580270793037,0.00652528548124,0.00517819067926,0.000122788413239
2019-12-13,0.0232489699823,0.00288461538462,0.00810372771475,-0.0115151515152,2.23224251081e-05
2019-12-16,0.00345125107852,0.00191754554171,0.0064308681672,0.0104230533415,0.000212058304873
2019-12-17,0.0177701347091,0.00574162679426,0.00958466453674,-0.000910194174757,-2.23171942825e-05
2019-12-18,-0.00422416220783,-0.00475737392959,-0.00949367088608,0.000911023382933,8.92707694025e-05
2019-12-19,-0.00197963800905,-0.0038240917782,-0.00319488817891,-0.00151699029126,0.000178525601687
2019-12-20,-0.00113346557098,0.00671785028791,0.0112179487179,0.0030385900942,0.000211961311483
2019-12-23,-0.0147517730496,0.00762631077216,0.00475435816165,0.00424113904877,0.000200762899016
2019-12-24,0.0060466455514,0.000946073793756,0.00473186119874,0.00452488687783,0.000211873856996
2019-12-25,0.00200343445907,-0.00378071833648,-0.00470957613815,0.00630630630631,6.68933608339e-05
2019-12-26,0.00828334761497,0.00474383301708,0.00630914826498,0,-0.000100333329617
2019-12-27,-0.00113314447592,0.0056657223796,0.00783699059561,0.00358102059087,8.91941310264e-05
2019-12-30,0.0164492342598,-0.0018779342723,-0.00155520995334,-0.00059470710675,-0.000211817168339
2019-12-31,0.005859375,-0.0065851364064,-0.00467289719626,0.00654567093127,0.000624435499158
2020-01-02,0.0147018030513,0.00852272727273,0.0140845070423,-0.00413833875259,0.000133724104884
2020-01-03,-0.00273373428103,0.0103286384977,0.00462962962963,0.015731671119,0.000389976489989
2020-01-06,-0.00438596491228,-0.0195167286245,-0.0138248847926,0.0225014611338,4.4551367727e-05
2020-01-07,0.00881057268722,0.00379146919431,0.0140186915888,-0.00885967419263,0.000133648148973
2020-01-08,-0.0111899563319,-0.0122757318225,-0.010752688172,0.0173010380623,0.000133630289532
2020-01-09,0.0121446315208,0.0124282982792,0.0217391304348,-0.0340136054422,5.56718478599e-05
2020-01-10,-0.000272702481593,0.0103871576959,0.0227963525836,0.00322769953052,0.000222674994712
2020-01-13,0.0122749590835,-0.00280373831776,-0.00148588410104,0,8.90501686388e-05
2020-01-14,-0.00485044462409,0.00656044985942,0.0119047619048,-0.0131617431998,0.000166954198898
2020-01-15,-0.0086650419713,-0.00279329608939,0.00294117647059,0.00889152341434,8.9027375918e-05
2020-01-16,-0.00163889647637,-0.00560224089636,0.00879765395894,0.000587544065805,2.22548626876e-05
2020-01-17,0.00136798905609,0.00281690140845,0.0130813953488,-0.000587199060482,0.000411705797263
2020-01-20,0.00819672131148,0.000936329588015,-0.0172166427547,0.00117508813161,-0.00012234864916
2020-01-21,-0.0205962059621,0,-0.00875912408759,0.00880281690141,0.000133487585654
2020-01-22,0.00387382401771,0.00841908325538,0.0117820324006,-0.00901687027341,0.000333674422743
2020-01-23,-0.0339029768467,-0.00371057513915,0.0131004366812,0.00733783387144,0.000989570593075
2020-02-03,-0.0961483594864,-0.0148975791434,-0.0502873563218,0.0253496503497,-0.000422095593544
2020-02-04,0.0350378787879,0.00661625708885,0.0347957639939,-0.0076726342711,0.000100012223716
2020-02-05,0.0112839280268,0.0056338028169,0.0438596491228,-0.00658648339061,0.000344452098936
2020-02-06,0.0271411338963,0.0177404295051,0.03081232493,-0.00490054770827,9.99677881572e-05
2020-02-07,-0.00264239577217,0.00275229357798,0.00815217391304,0.00434530706837,0.00025544769986
2020-02-10,0.00382690609361,0.00182982616651,0.00539083557951,0.00374963945774,-5.55179267386e-05
2020-02-11,0.0123167155425,0.013698630137,0.0375335120643,-0.00229885057471,-0.0001110420183
2020-02-12,0.00811123986095,0.0171171171171,0.0258397932817,-0.00230414746544,6.66326099994e-05
2020-02-13,-0.00603448275862,0.0407440212578,0.0566750629723,0.00721709006928,8.88375605206e-05
2020-02-14,0.00780572419774,-0.0434042553191,-0.0441001191895,0.00143307537977,0.000199866755496
2020-02-17,0.0249569707401,0.00622775800712,-0.00872817955112,0.00314825414997,-8.88119185596e-05
2020-02-18,-0.0069969213546,-0.0141467727675,-0.0352201257862,0.00427960057061,0.00021094704119
2020-02-19,0.000281848928974,-0.00269058295964,-0.00912646675359,0.0116477272727,0.000166502014674
2020-02-20,0.025641025641,0.00629496402878,0.00526315789474,0.00365065992699,-4.43931456984e-05
2020-02-21,0.00384615384615,-0.00983020554066,-0.0261780104712,0.0195858981533,0.000110987791343
2020-02-24,-0.00903119868637,-0.0216606498195,-0.0430107526882,0.0214050493963,0.000210853401398
2020-02-25,-0.002209334438,0,0.0351123595506,-0.0214938205266,4.43808319186e-05
2020-02-26,-0.00941046221976,-0.0267527675277,-0.0176390773406,0.00741350906096,0.000266273174087
2020-02-27,0.00027940765577,-0.00568720379147,-0.0138121546961,0.000545107658763,6.65505728896e-05
2020-02-28,-0.0385474860335,-0.0324118207817,-0.0504201680672,-0.0136202669572,0.000587824273815
2020-03-02,0.0415456130157,0.0197044334975,0.0442477876106,-0.0229218447943,-0.000166267624368
2020-03-03,-0.000836820083682,-0.0048309178744,0.00706214689266,-0.00141322781232,4.43454063703e-05
2020-03-04,0.00809603573423,-0.0126213592233,0,0.0223606000566,2.21717199711e-05
2020-03-05,0.0271392965937,0.0137659783677,0.00140252454418,-0.000276854928018,0
2020-03-06,-0.0212995416554,-0.0213385063046,-0.0210084033613,0.0204929382443,0.000254969126565
2020-03-09,-0.03608815427,-0.0545094152626,-0.0672389127325,-0.00705563093623,0.000132993461155
2020-03-10,0.0251500428694,0.0303983228512,0.0475460122699,-0.0128450396283,-0.000221626293744
2020-03-11,-0.018678561472,-0.0183112919634,-0.0351390922401,0.0094130675526,0.000277094278557
2020-03-12,-0.0178977272727,-0.0362694300518,-0.0364188163885,-0.0104223806912,0.000110807007435
2020-03-13,-0.017066820943,-0.0193548387097,0.0125984251969,-0.0302106430155,4.43178922409e-05
2020-03-16,-0.047969393761,-0.0241228070175,-0.0622083981337,-0.0248642469277,0.000199421677136
2020-03-17,-0.010200927357,-0.00898876404494,0.0215588723051,-0.0463071512309,8.86141849157e-05
2020-03-18,-0.0193628981886,-0.0328798185941,-0.025974025974,0.020282728949,5.53789582109e-05
2020-03-19,-0.0111464968153,-0.00351699882767,0.02,-0.00271084337349,4.43007132416e-05
2020-03-20,0.0154589371981,0.0341176470588,0.0326797385621,0.01117487164,0.000210419066182
2020-03-23,-0.0374246749128,-0.0602957906712,-0.0443037974684,-0.00328554360812,0.000143940652162
2020-03-24,0.0280065897858,0.0399515738499,0.0529801324503,0.0554390170812,-0.000121778407581
2020-03-25,0.0304487179487,0.0395809080326,0.0377358490566,0.0184554230551,1.10721126698e-05
2020-03-26,-0.00715396578538,-0.0123180291153,-0.0242424242424,-0.00418176749373,2.21439801589e-05
2020-03-27,0.00532581453634,0.00226757369615,-0.0186335403727,0.0103583426652,0.000177147918512
2020-03-30,-0.0105952009972,-0.0158371040724,-0.0205696202532,-0.00775838182322,-2.21395678356e-05
2020-03-31,0.000944881889764,0.0137931034483,0.0016155088853,0.00083775481709,0.000110700290035
2020-04-01,0.00125865324103,-0.0215419501134,-0.0112903225806,-0.015625,0.000110688036837
2020-04-02,0.0157133878064,0.0104287369641,0.0195758564437,0.00481859410431,1.10675786351e-05
2020-04-03,-0.00804455445545,-0.0103211009174,-0.016,0.00874471086037,0.000287753859775
2020-04-07,0.0258889582034,0.0486674391657,0.0325203252033,0.0276845637584,1.10642723581e-05
2020-04-08,-0.00456065673457,-0.00773480662983,-0.00629921259843,-0.0087074829932,8.85131995307e-05
2020-04-09,0.00335980452046,0.0300668151448,0.00475435816165,0.00219599231403,7.74421949332e-05
2020-04-10,-0.00365296803653,-0.00108108108108,-0.0141955835962,0.00520405368392,0.000221246280297
2020-04-13,-0.006416131989,-0.00865800865801,-0.0096,-0.000272479564033,5.5299335302e-05
2020-04-14,0.0190651906519,0.0196506550218,0.0226171243942,0.0111747070046,2.21185109819e-05
2020-04-15,-0.00663850331925,0.00749464668094,0.0221169036335,-0.00215633423181,-1.10590108822e-05
2020-04-16,0.000607533414338,-0.00531349628055,0.00772797527048,0.00729335494327,4.42365327407e-05
2020-04-17,0.010321797207,0.0213675213675,0.0352760736196,-0.0171627782247,0
2020-04-20,0.00480769230769,0,0,-0.00381991814461,0.000110586439891
2020-04-21,-0.011961722488,-0.0198744769874,-0.00740740740741,0.00876472199397,0.000132689054259
2020-04-22,0.0102905569007,-0.0117395944504,0.0223880597015,-0.00217214227532,6.63357251047e-05
2020-04-23,-0.00209706411025,0.0107991360691,0.0116788321168,0.0171428571429,2.2110441656e-05
2020-04-24,-0.0096067247073,-0.00641025641026,-0.00577200577201,0.00856072766185,0.000143714693169
2020-04-27,0.00515307668991,0.0204301075269,0.0348330914369,-0.00822281167109,4.42135514536e-05
2020-04-28,0.00723763570567,0.00948366701791,0.0252454417952,-0.0069537309441,4.42115967016e-05
2020-04-29,0.0059880239521,0.00835073068894,0.0177838577291,0.00403985995152,-0.000143681336899
2020-04-30,0.0169642857143,0.0207039337474,0.00403225806452,0.00509656652361,0.000176863980545
2020-05-06,0.00292654375183,-0.0121703853955,0.00401606425703,-0.00186816119562,7.7364308529e-05
2020-05-07,-0.00204260285964,-0.0123203285421,0.004,-0.00427807486631,0.000132614269295
2020-05-08,0.0122807017544,0.00935550935551,0.0066401062417,0.0118152524168,0.000165745856354
2020-05-11,-0.00202195262854,0.010298661174,-0.0171503957784,-0.0031847133758,9.94310335303e-05
2020-05-12,-0.000289435600579,-0.0142711518858,-0.0187919463087,-0.00239616613419,0.000143608324864
2020-05-13,0.0026056745802,-0.0113753877973,-0.00273597811218,0.00213504136643,6.62712482189e-05
2020-05-14,-0.00952930984695,-0.0146443514644,-0.0164609053498,0.00612516644474,2.20889522105e-05
2020-05-15,-0.00553935860058,0.0127388535032,0.00697350069735,0.0142932768661,0.000110442321498
2020-05-18,0.00351802990325,0.0146750524109,0.01108033241,0.0250521920668,1.10430125337e-05
2020-05-19,0.00847210049664,0.025826446281,0.027397260274,-0.0160386965377,3.31286717612e-05
2020-05-20,-0.00463499420626,-0.0110775427996,-0.008,0.0106080206986,5.52126238142e-05
2020-05-21,-0.00756693830035,0.0020366598778,0,-0.00921658986175,4.4167660439e-05
2020-05-22,-0.025219941349,-0.00711382113821,-0.0336021505376,-0.00103359173127,0.000121455701793
2020-05-25,0.000601684717208,0.0174002047083,0.0333796940195,-0.00258665287118,6.62405193257e-05
2020-05-26,0.0138304269393,0.0160965794769,0.021534320323,0.00492738589212,0
2020-05-27,-0.00533807829181,0,-0.00658761528327,-0.0105806451613,4.41574212067e-05
2020-05-28,0.00149075730471,0.0118811881188,-0.00397877984085,0.00782472613459,-2.20777357074e-05
2020-05-29,0.00476332241739,-0.00684931506849,-0.00665778961385,-0.000517598343685,0.000187664896729
2020-06-01,0.0302222222222,0.00197044334975,0.00402144772118,0.0080269290523,-2.20740806145e-05
2020-06-02,0.00316364682197,0.000983284169125,-0.00133511348465,-0.00179809915232,7.72609876161e-05
2020-06-03,-0.000286697247706,0.0127701375246,0.00802139037433,-0.00874935666495,8.82914500768e-05
2020-06-04,0.00057355893318,0.00387972841901,0.00663129973475,-0.00908618899273,5.51772846153e-05
2020-06-05,0.00659214674692,0.00869565217391,-0.00131752305665,-0.000261985852764,0.000209662112953
2020-06-08,0.00541002277904,0.014367816092,0.00131926121372,-0.00864779874214,4.41301397822e-05
2020-06-09,0.00764655904843,0.014164305949,0.00131752305665,-0.000528680941052,2.20640961996e-05
2020-06-10,-0.00252951096121,-0.00279329608939,-0.00263157894737,0.0105792118487,-5.51590234648e-05
2020-06-11,-0.0104254719639,-0.0270774976657,-0.00131926121372,0.00837477100236,9.92917190705e-05
2020-06-12,0.00284738041002,-0.0307101727447,-0.0158520475561,-0.00025953802232,0.000154438450762
2020-06-15,-0.0161839863714,-0.0287128712871,-0.0161073825503,-0.00259605399792,0.00011029614515
2020-06-16,0.0178932178932,0.0489296636086,0.0381991814461,-0.00130140551796,-6.6170388751e-05
2020-06-17,0.00113410830734,0.0106899902818,0.00394218134034,0.0018243419338,2.20582558539e-05
2020-06-18,0.00877938261116,-0.00961538461538,-0.0065445026178,-0.00234131113424,9.92599618401e-05
2020-06-19,0.014598540146,0.00582524271845,0.00131752305665,0.00208604954368,-0.000187472430525
2020-06-22,0.0011068068622,-0.0106177606178,-0.00394736842105,0.0111891751236,0.000154418009552
2020-06-23,0.00525152017689,0.00780487804878,0.00924702774108,-0.00128667009779,3.30844646381e-05
2020-06-24,0.00989826780313,0.00290416263311,0.00261780104712,0.00669930430301,0.000408028231142
2020-06-29,-0.00980125238225,-0.0318532818533,-0.0182767624021,0.000255950857435,-0.00015432609103
2020-06-30,0.013747594171,0.00398803589232,0.00265957446809,0.00102354145343,5.51249683032e-05
2020-07-01,0.0254949823705,0.0148957298908,0.00397877984085,0.00613496932515,0.000209463332892
2020-07-02,0.0259190690294,0.00782778864971,0.00528401585205,-0.00889227642276,-6.6132463324e-05
2020-07-03,0.0224284609435,0.00582524271845,-0.00131406044678,0.00307613432453,0.000198410511348
2020-07-06,0.0824508320726,0.00675675675676,0.00789473684211,-0.00332225913621,-0.000275515489481
2020-07-07,-0.0111809923131,-0.00862895493768,0.00261096605744,0.00282051282051,0.000540159181604
2020-07-08,0.014605418139,-0.00386847195358,-0.00520833333333,0.00383533623114,0.000264424930864
2020-07-09,0.0171813327142,0.000970873786408,0.00523560209424,0.00687722873153,6.60887572008e-05
2020-07-10,-0.0198584797991,-0.011639185257,0.00130208333333,-0.00657728307614,0.000561717313009
2020-07-13,0.0232883092687,0.0245338567223,0.0208062418726,0.00305576776165,-0.000154110343005
2020-07-14,-0.00978607191625,-0.00766283524904,-0.0140127388535,-0.001523229246,0.000517450181658
2020-07-15,-0.0133302689037,0.015444015444,0.00258397932817,0.00152555301297,0.000451159259219
2020-07-16,-0.0531097134871,-0.00380228136882,-0.0154639175258,-0.003046458492,-0.00025297520843
2020-07-17,0.0120541205412,0.00477099236641,0.0130890052356,-0.00636618283677,-0.000253039221079
2020-07-20,0.0296548371415,-0.00379867046534,-0.00516795865633,0.004869297796,-0.000407166123779
2020-07-21,0.0028328611898,0.0162059103908,0.0350649350649,0.00816118337159,0.000121098695437
2020-07-22,0.0124764595104,-0.00281425891182,-0.0100376411543,0.0222615734885,-0.000154106950224
2020-07-23,-0.00604510578935,0.0103480714958,0.00253485424588,0.00569166048008,0.000187158710587
2020-07-24,-0.0495906432749,-0.0186219739292,-0.0303413400759,0.0100885826772,0.000176116412949
2020-07-27,0.00689145951268,0.000948766603415,0.00391134289439,0.0258221680877,2.20106751776e-05
2020-07-28,0.00855536543632,0.00568720379147,0.00649350649351,-0.00356209926383,-1.10050953592e-05
2020-07-29,0.0319922443044,-0.00282752120641,-0.00258064516129,0.00214489990467,-0.000176083463562
2020-07-30,-0.00821982151245,0.00378071833648,-0.0012936610608,-0.00737217598097,0.00020913593836
2020-07-31,0.00852474544163,0.00470809792844,0.0155440414508,0.0093435553426,8.80388251219e-05
2020-08-03,0.0176097675511,0.000937207122774,0,-0.00261096605744,2.20077687425e-05
2020-08-04,0.000922934933087,0.00842696629213,0.0140306122449,0.000237981913375,0.000253083770728
2020-08-05,0.000461041954818,0.00371402042711,-0.00251572327044,0.0275993338092,-2.20017161338e-05
2020-08-06,-0.00414746543779,0.00647548566142,-0.00126103404792,0.00764065755962,0.00020902090209
2020-08-07,-0.0111059694586,0.0110294117647,0.0113636363636,0.00643382352941,2.19976022615e-05
2020-08-10,0.00374356574637,0.00636363636364,-0.00249687890137,-0.00707762557078,6.59913551324e-05
2020-08-11,-0.0109557109557,-0.00361336946703,-0.00125156445557,-0.0227638537595,6.59870005608e-05
2020-08-12,-0.0075418336083,-0.00815956482321,-0.00250626566416,-0.0611764705882,-1.09971077608e-05
2020-08-13,-0.00356209926383,0.0109689213894,0.0213567839196,0.0160401002506,0.00013196674438
2020-08-14,0.0216873212583,0,-0.00123001230012,0.00592007893439,-7.69704433498e-05
2020-08-17,0.0230930720784,0,0.0012315270936,0.0134870034331,4.39864961457e-05
2020-08-18,-0.0015959872321,-0.000904159132007,-0.00123001230012,0.0220179046697,0.000109961403547
2020-08-19,-0.0173555606303,0.00542986425339,0.012315270936,-0.0108901515152,9.89543820298e-05
2020-08-20,-0.0118521961422,-0.011701170117,-0.00121654501217,-0.0239348970799,0.000208883025506
2020-08-21,0.00964252116651,0.00546448087432,0.0255785627284,0.00318783717509,9.89239274998e-05
2020-08-24,0.00698812019567,0.00905797101449,0.0427553444181,-0.00831092642386,-1.09904602805e-05
2020-08-25,0.00208188757807,0.0260323159785,0.0455580865604,0.00221838797141,8.79246485763e-05
2020-08-26,-0.0136195752539,-0.0113735783027,-0.0185185185185,-0.00147565174619,0.000153854607396
2020-08-27,0.00842499414931,0.0132743362832,0.0432852386238,0.0113300492611,-4.39516970849e-05
2020-08-28,0.0271524715711,0.00698689956332,0.0202127659574,0.0002435460302,-9.88956650734e-05
2020-08-31,-0.00971531857207,0.00867302688638,0.0552659019812,0.00438276113952,0.000164842410656
2020-09-01,0.00775724389687,-0.0128976784179,-0.0138339920949,0.0101818181818,0.000153827559306
2020-09-02,-0.00090559203079,0.0165505226481,0.0410821643287,-0.010319174466,0.000197747871464
2020-09-03,-0.00453206435531,0.0565552699229,0.0211742059673,-0.0177012609117,-7.68867458235e-05
2020-09-04,-0.0125199180514,-0.0600162206002,-0.0867106503299,0.00345593680573,6.59079924425e-05
2020-09-07,-0.0223605348087,-0.04659188956,-0.0743034055728,0,0.000241646712506
2020-09-08,0.00565904267861,0.0190045248869,0.0535117056856,0.000738007380074,-4.39251515417e-05
2020-09-09,-0.0260257913247,-0.0373001776199,-0.0518518518519,-0.000737463126843,5.49088513069e-05
2020-09-10,0.000962927298989,0.0129151291513,0.0290178571429,0.00787207872079,0.000142755174875
2020-09-11,0.00865800865801,-0.0100182149362,-0.0173535791757,-0.00292897241884,0.000153714398647
2020-09-14,0.00643776824034,0.000919963201472,0.0275938189845,0,0.000120757036842
2020-09-15,0.00829187396352,0.000919117647059,0.0332975295381,0.00342717258262,2.19531738803e-05
2020-09-16,-0.00657894736842,0.00550964187328,-0.002079002079,-0.00292754330324,2.19526919487e-05
2020-09-17,-0.00685903500473,-0.0200913242009,-0.040625,-0.0068509909469,3.29283150582e-05
2020-09-18,0.0288163848535,0.00372786579683,0.0336590662324,0.00418822370042,3.29272308199e-05
2020-09-21,-0.0127314814815,-0.0129990714949,-0.0199579831933,0.000245338567223,0.00014267996883
2020-09-22,-0.0133645955451,-0.0122295390405,-0.0150053590568,-0.0230561687515,0.000285319228321
2020-09-23,0.00332699619772,0.00952380952381,0.0130576713819,-0.0138086869194,8.77654906091e-05
2020-09-24,-0.0182378019896,-0.022641509434,-0.0375939849624,-0.0124745417515,-4.38788942517e-05
2020-09-25,0.000723763570567,0.00868725868726,-0.0078125,0.0116009280742,0.000153582868928
2020-09-28,0.00241080038573,0.0162679425837,0.0168728908886,-0.00152905198777,9.87166831194e-05
2020-09-29,0.0026455026455,0.0112994350282,0.00553097345133,0.0132720775906,0.000175479002841
2020-09-30,-0.00335811945311,-0.0111731843575,0.002200220022,0.000251889168766,0.000679861834531
2020-10-09,0.0223826714801,0.0320150659134,0.019758507135,-0.00025182573659,3.28741904732e-05
2020-10-12,0.0348399246704,0.00729927007299,0.00645855758881,0.0115869017632,-8.76616261233e-05
2020-10-13,0.00363967242948,0.0163043478261,0.0096256684492,-0.00448207171315,-1.09586639196e-05
2020-10-14,-0.00543970988214,-0.00445632798574,-0.00317796610169,-0.0110055027514,0.000219175680267
2020-10-15,-0.00273473108478,-0.0152193375112,-0.0255047821467,-0.000758725341426,1.09563826407e-05
2020-10-16,-0.00319926873857,0.00454545454545,-0.00109051254089,0.00303720577069,0.000284862827592
2020-10-19,-0.00710683172856,0.000904977375566,0.0120087336245,0.00126167045168,0.000109531424566
2020-10-20,0.00692680674209,-0.0162748643761,-0.00647249190939,-0.00453629032258,5.47597143732e-05
2020-10-21,0.00137583123137,0.00275735294118,0,0.00405063291139,3.28540295467e-05
2020-10-22,-0.00366384245477,-0.0119156736939,-0.0108577633008,0.000504286434695,1.09509833983e-05
2020-10-23,-0.0128706044587,0.00834879406308,-0.00987925356751,-0.00378024193548,1.09508634756e-05
2020-10-26,-0.00838183934808,-0.00551977920883,-0.0177383592018,-0.00354161396408,7.66552048885e-05
2020-10-27,0.00328715660953,-0.00277520814061,-0.00677200902935,0.00888550393501,6.569942513e-05
2020-10-28,0.00936110461034,-0.0139146567718,-0.00795454545455,0.000251635631605,6.56951089992e-05
2020-10-29,0.0102017157431,-0.0178739416745,-0.0126002290951,-0.0140880503145,0.000109484655725
2020-10-30,-0.0208859306863,-0.0191570881226,-0.0139211136891,-0.00586884409288,0.00025178714134
2020-11-02,0.00656352555087,0.009765625,0.00117647058824,0.00898357289528,0.000317390828499
2020-11-03,0.0118770377271,0.0183752417795,0.0387779083431,0.00457898753498,-0.000120351426164
2020-11-04,0.00851553509781,0.0161443494777,0.0486425339367,0.00379842998227,0.00031732831444
2020-11-05,0.0173436786855,0.0130841121495,0.00323624595469,-0.000252270433905,-7.6572191168e-05
2020-11-06,0.000448631673396,0.00369003690037,-0.0354838709677,0.00857935907141,0.000284432775408
2020-11-09,0.0217488789238,0.015625,0.025641025641,-0.00125093820365,-0.000120302725404
2020-11-10,-0.00592495062541,-0.00452488687783,-0.0282608695652,-0.0263026052104,0.00027344818157
2020-11-11,-0.0103752759382,0.00454545454545,-0.0145413870246,-0.00180087471057,0.000229633679606
2020-11-12,-0.000669194735668,0.00180995475113,0.00340522133939,-0.00154639175258,0.000174918826732
2020-11-13,-0.0113839285714,-0.000903342366757,-0.0079185520362,0.00387196695922,-0.000109305147179
2020-11-16,0.011966583879,0.0135623869801,0.00342075256556,-0.000257135510414,-0.000174907353761
2020-11-17,-0.00200803212851,-0.0035682426405,-0.0170454545455,-0.00180041152263,0.000164004329714
2020-11-18,-0.00156494522692,-0.00984780662489,-0.00924855491329,-0.00695696985313,1.09318291137e-05
2020-11-19,0.00940438871473,0,-0.00233372228705,-0.00467047223664,-3.27951288303e-05
2020-11-20,0.00332741792369,-0.00452079566004,0.00701754385965,0.00182481751825,0.000131184817544
2020-11-23,0.0128233473358,-0.000908265213442,-0.00813008130081,0.0015612802498,9.83757077586e-05
2020-11-24,-0.00698537437241,0.0145454545455,0.00234192037471,-0.0246817355157,9.83660309306e-05
2020-11-25,-0.0136293690921,0.00806451612903,0.00700934579439,-0.0109216835376,0.00016392726001
2020-11-26,0.0015600624025,0,0.00348027842227,0.00134661998384,1.09266928179e-05
2020-11-27,0.0157988429016,-0.00266666666667,-0.00346820809249,-0.000268961807423,0.000131118881119
2020-11-30,-0.00547645125958,-0.00534759358289,0.00116009280742,-0.0231369383912,0.000185727395884
2020-12-01,0.024449339207,0.010752688172,0.0115874855156,0.00633434315616,-1.09231122132e-05
2020-12-02,-0.0023650827779,-0.00265957446808,0.00687285223368,0.0147783251232,8.73858522306e-05
2020-12-03,-0.000431034482759,0.00444444444444,-0.00568828213879,0.0110571736785,0.000141989601992
2020-12-04,0.0023717119448,-0.00265486725664,-0.0045766590389,0.000533475593492,0.000294859614062
2020-12-07,-0.00946440094644,0.00354924578527,-0.0114942528736,-0.00213276459611,6.55050438885e-05
2020-12-08,-0.00347448425624,-0.00176834659593,-0.00116279069767,0.0154955917713,3.27503766293e-05
2020-12-09,-0.0130747439529,0.0088573959256,-0.0011641443539,-0.00684030518285,1.09164346924e-05
2020-12-10,-0.00220799293442,-0.00614574187884,-0.016317016317,-0.00900662251656,3.27489465755e-05
2020-12-11,-0.0123921221509,0.000883392226148,-0.00355450236967,-0.00133654103181,0.00022923511882
2020-12-14,0.00985883934573,0.00264783759929,0,-0.000267665952891,9.82211066245e-05
2020-12-15,0.00332815620146,-0.00880281690141,0.00118906064209,0.00883534136546,0.000120036229116
2020-12-16,0.00221141088014,0.00799289520426,0.0166270783848,0.00716560509554,4.36442989633e-05
2020-12-17,0.0156663724625,0.00352422907489,0.00116822429907,0.00500658761528,-0.000305496759552
2020-12-18,-0.00630023897458,0.00351185250219,0.0046674445741,0.00655479811222,0.00028376225089
2020-12-21,0.0098382160035,-0.00262467191601,0.00813008130081,0.0117218025527,7.63758565008e-05
2020-12-22,-0.0166702749513,-0.00964912280702,-0.00921658986175,-0.014675592173,0.000294570091317
2020-12-23,0.00902686041391,0.00088573959256,0.00348837209302,-0.00261301280376,9.81611151101e-05
2020-12-24,0,0.00265486725664,-0.00347624565469,0.00340581608593,0.000196302960903
2020-12-25,0.00916430285839,0.00264783759929,0.0046511627907,0.00548302872063,4.36143185809e-05
2020-12-28,0.00302702702703,0.00528169014085,0.00578703703704,0.00207738249805,9.81279370236e-05
2020-12-29,-0.00344901918517,0.00875656742557,0.00920598388953,-0.00621922777922,0.000152628480474
2020-12-30,0.0138438243565,-0.00607638888889,-0.00114025085519,-0.00156453715776,-6.54022236756e-05
2020-12-31,0.0232558139535,0.000873362445415,-0.00114155251142,0.00496213110473,0.000566856345521
2021-01-04,0.00979983319433,-0.00523560209424,-0.00914285714286,0.0137733887734,9.80541694813e-05
2021-01-05,0.0204418748709,-0.0149122807018,-0.0138408304498,0.0046142014868,0.00017430143254
2021-01-06,0.00991501416431,0.00178094390027,-0.0046783625731,0.00255167134473,0.000446569583165
2021-01-07,0.0234421959527,0.0151111111111,-0.00235017626322,-0.00636294222448,0.000239515742716
2021-01-08,-0.00548159749413,0.0148861646235,0.017667844523,-0.00640368852459,-6.53068332717e-05
2021-01-11,-0.0124015748031,-0.00431406384815,0.00231481481481,-0.0265532353699,-6.53110985327e-05
2021-01-12,0.0318915686665,0.00173310225303,-0.00692840646651,0.00768008474576,0.000185060198994
2021-01-13,-0.00424956538536,-0.00259515570934,-0.0046511627907,-0.00236530880421,-0.000195909837939
2021-01-14,-0.0199806013579,0.00693842150911,0.0035046728972,-0.00579557428872,-1.08860125625e-05
2021-01-15,-0.00336500395883,-0.00861326442722,-0.0058207217695,0.00185479597244,0.000206836490311
2021-01-18,0.0117179741807,-0.00347523892268,-0.00585480093677,-0.00264480296218,0.00011972267874
2021-01-19,-0.0147232037691,0.00784655623365,0.0106007067138,0.00238663484487,-3.26477309827e-05
2021-01-20,0.00597728631201,-0.00173010380623,0.00815850815851,0.0026455026455,9.79463906754e-05
2021-01-21,0.0186175480293,0.0173310225303,0.0254335260116,0.00923482849604,1.08818664577e-05
2021-01-22,0.00058331713008,-0.00511073253833,-0.0011273957159,-0.00522875816993,0.000250280205012
2021-01-25,0.0128254955305,0.00513698630137,0.00902934537246,-0.00446780551905,4.35161009573e-05
2021-01-26,-0.023023791251,-0.00851788756388,-0.00559284116331,0.0026399155227,3.26356555416e-05
2021-01-27,0.0019638648861,0.00429553264605,0.0157480314961,-0.00500263296472,3.26345904902e-05
2021-01-28,-0.0266562132497,-0.0256629597947,-0.0398671096346,-0.00502778512834,-4.35113673448e-05
2021-01-29,-0.00745066451873,0.0017559262511,-0.00230680507497,0.00452127659574,0.000326349454996
2021-02-01,0.0127814972611,-0.00613496932515,-0.00346820809249,0.0116494572412,9.78728957328e-05
2021-02-02,0.0160256410256,0.0167548500882,0.030162412993,-0.00837477100236,0.000141358125374
2021-02-03,-0.00118296529968,0.0112749349523,0.0123873873874,-0.010556875165,0.000239187631825
2021-02-04,-0.00217133833399,-0.000857632933105,-0.0100111234705,-0.00693518271539,3.26086956521e-05
2021-02-05,0.00158259149357,0.0171673819742,0.0134831460674,-0.0115498254096,0.000304337902025
2021-02-08,0.014220817697,0,0.00554323725055,0.00815217391304,-3.25977116407e-05
2021-02-09,0.0268743914314,0.00590717299578,0,0.0118598382749,0.000239057678098
2021-02-10,0.0218092167647,-0.000838926174497,0.00441014332966,0.000266382525306,0.000543183052689
2021-02-18,-0.00798069784707,0.0016792611251,-0.00548847420417,-0.0287616511318,-4.34310532029e-05
2021-02-19,0.00598690364827,-0.00335289186924,-0.00110375275938,-0.00411296956403,0.000173731758165
2021-02-22,-0.038497303329,-0.00336417157275,-0.00883977900552,0.0112885462555,3.25690463783e-05
2021-02-23,-0.00290135396518,0,-0.015607580825,0.0103457664035,0.000260543885361
2021-02-24,-0.0285160038797,-0.00759493670886,-0.0169875424689,-0.00242522231205,0
2021-02-25,0.0101837060703,0.016156462585,0.0184331797235,-0.00891410048622,9.76785074724e-05
2021-02-26,-0.0294524609607,-0.0267782426778,-0.039592760181,-0.014990460616,9.76689673136e-05
2021-03-01,0.0181262729124,0.00773860705073,0.0223792697291,-0.00525733259546,0.000130212572024
2021-03-02,-0.0138027605521,0.0145051194539,0.0126728110599,-0.0175243393602,0.000162744523647
2021-03-03,0.0212981744422,-0.000841042893188,-0.00455062571104,0.00481313703284,0.000151870172698
2021-03-04,-0.0331678252234,-0.020202020202,-0.032,-0.00958016342632,-0.00028200177878
2021-03-05,-0.00431388660641,-0.0103092783505,-0.012987012987,-0.0102418207681,0.000249533480883
2021-03-08,-0.0383742521147,0.0217013888889,0.00239234449761,0.0117849956884,6.50794511634e-05
2021-03-09,-0.0216691697061,0.00934579439252,-0.00835322195704,-0.00340909090909,1.08458693506e-05
2021-03-10,0.0046052631579,-0.000841750841751,0.0252707581227,0.0094070695553,0.000108457517191
2021-03-11,0.0281597904388,0.0160067396799,0.00821596244131,0.00931940129907,7.59120288032e-05
2021-03-12,0.00276008492569,0.000829187396352,0.0069848661234,-0.0139899272524,0.000206031295069
2021-03-15,-0.0215964429388,0.00579950289975,-0.00462427745665,0.00879682179342,0.000336087079078
2021-03-16,0.00714131140446,0.00658978583196,0.0185830429733,0.00196905766526,-0.000130054514517
2021-03-17,0.00494198538891,-0.00409165302782,-0.00114025085519,0.00393037619315,-6.5035715447e-05
2021-03-18,0.00855249091298,0.000821692686935,0.00799086757991,0.00755033557047,-1.08399908945e-05
2021-03-19,-0.0294678821285,-0.012315270936,-0.0339750849377,-0.00416319733555,0.000184281842818
2021-03-22,0.0124508519004,0,0.010550996483,-0.00529542920847,0.000119219222474
2021-03-23,-0.00970873786408,0.00415627597672,0.0092807424594,0.0042028579434,8.66945534146e-05
2021-03-24,-0.0165577342048,-0.00662251655629,0,-0.00139508928571,6.50152785904e-05
2021-03-25,-0.000886132033673,0,-0.0149425287356,0.00251466890193,2.16703506262e-05
2021-03-26,0.0230598669623,0.0108333333333,0.00816802800467,-0.00306577480491,8.66795241294e-05
2021-03-29,0.00216731686173,0.00741962077494,0,0.00111825552139,7.58380100105e-05
2021-03-30,0.00951557093426,0.00654664484452,0.00231481481481,-0.0131248254677,0
2021-03-31,-0.00792630676949,-0.00487804878049,0,-0.010752688172,0.000259996316719
2021-04-01,0.013388037141,0.0106209150327,0.0230946882217,0.0191647597254,8.66429120683e-05
2021-04-02,0.0104410824632,0.00970088924818,0.0112866817156,0.012629806343,0.00019492966288
2021-04-06,-0.00590468156896,0.0128102481986,0.015625,-0.00554323725055,8.66185212054e-05
2021-04-07,-0.0074246924056,-0.00158102766798,-0.0010989010989,0.00473801560758,9.74373964728e-05
2021-04-08,0.00235092968583,0.00395882818686,0.00990099009901,0.00194174757282,0
2021-04-09,-0.0151385927505,0.00236593059937,0.00326797385621,0.00553709856035,0.000216506451892
2021-04-12,-0.0181857544923,0.00629425649095,0.00651465798046,-0.00605726872247,0.000129875752197
2021-04-13,-0.00154355016538,0,-0.00215749730313,-0.00969529085873,5.41078694485e-05
2021-04-14,0.00618374558304,0.00469116497263,0.012972972973,0.0103496503497,5.41049419456e-05
2021-04-15,-0.00614574187884,-0.00233463035019,-0.00960512273212,0,0.000129844835422
2021-04-16,0.00353356890459,0.00780031201248,0.00862068965517,0.00830564784053,4.3275992643e-05
2021-04-19,0.0277288732394,-0.0015479876161,0.00213675213675,0.00768808347062,-1.08185299781e-05
2021-04-20,-0.0017130620985,-0.0077519379845,-0.0149253731343,-0.00926430517711,0.00015146105828
2021-04-21,0.002574002574,-0.00625,-0.00757575757576,0.0101760176018,4.32680346576e-05
2021-04-22,-0.000855798031665,0.00550314465409,0.00872410032715,0.000272257010618,7.57157845779e-05
2021-04-23,0.0109207708779,-0.0086004691165,-0.0118918918919,-0.00190528034839,0.000151420104264
2021-04-26,-0.0135564499047,0.00946372239748,0.0109409190372,-0.00463594218707,1.08140842634e-05
2021-04-27,0.00279149667168,0.00546875,0.00757575757576,0.00054794520548,6.48838039212e-05
2021-04-28,0.00813704496788,-0.001554001554,-0.00322234156821,-0.00547645125958,4.32530628576e-05
2021-04-29,0.00977060322855,0.00389105058366,0.00323275862069,0.00220264317181,0.000270319950693
2021-04-30,-0.00946571308372,0,-0.00751879699248,-0.00357142857143,0.000237817269858
2021-05-06,-0.014228073901,-0.00542635658915,-0.0238095238095,0.0140612076096,-3.24219172161e-05
2021-05-07,-0.0131408875485,0.00545596258769,-0.00221729490022,0.0100598151169,0.000216153122872
2021-05-10,-0.000218292949138,0.00232558139535,0.00777777777778,0.00376850605653,0.000108053205398
2021-05-11,0.0056768558952,-0.015467904099,-0.0286659316428,-0.00134084204881,0.000118845684281
2021-05-12,0.00673035171515,-0.00706991358994,0,0.0016111707841,4.32114769684e-05
2021-05-13,-0.0118611171016,-0.0189873417722,-0.0136208853575,-0.00375335120643,2.16048049086e-05
2021-05-14,0.0274989087735,0.0153225806452,0.0115074798619,0.0056512378902,-0.000151230367058
2021-05-17,0.0129566694987,0.00794281175536,0.0102389078498,0.01070377308,0.000226879861711
2021-05-18,0.000419375131055,0.00315208825847,0.00337837837838,0.00635424940429,0.000194424341928
2021-05-19,-0.00293439530497,-0.0164964650432,-0.0190796857464,0.00236779794791,8.63940215337e-05
2021-05-20,0.00294303132226,-0.000798722044729,0.00228832951945,0.000524934383202,-2.15966395628e-05
2021-05-21,-0.0115279815552,0.0127897681855,0.0205479452055,0.000262329485834,0.00019437395389
2021-05-24,0.00593723494487,0.00157853196527,-0.00447427293065,0.00367164961972,0.000129557453332
2021-05-25,0.0345699831366,0.00551615445232,0.014606741573,-0.00391951920564,-0.000205106061424
2021-05-26,0.000203748981255,-0.00470219435737,-0.00110741971207,0.0102308499475,0.000259134490801
2021-05-27,0.00387044204522,-0.00708661417323,-0.00554323725055,-0.00519345624513,-3.23834196891e-05
2021-05-28,-0.00304383116883,0.00634417129262,0,-0.00809188201514,0.00021589645606
2021-05-31,0.00122124974557,-0.00236406619385,-0.00222965440357,0.00684210526316,0
2021-06-01,0.00162634681846,0.000789889415482,0.00223463687151,0.00653423941453,0.000118717420163
2021-06-02,-0.00872742033692,0,-0.00557413600892,-0.0153206959231,0.000107912116372
2021-06-03,-0.00839475839476,0.00157853196527,0.00336322869955,-0.00448312236287,5.39502363022e-05
2021-06-04,0.00681395829032,-0.00157604412924,-0.00782122905028,-0.0121854304636,0.00022657876849
2021-06-07,-0.00123051681706,0.00947119179163,0.0135135135135,0.00750871547332,8.62961684502e-05
2021-06-08,-0.00862422997947,0,0.00333333333333,0.00532339632686,0.000118646992838
2021-06-09,0.0016570008285,0,0.00221483942414,-0.000529520783691,-7.54936747086e-05
2021-06-10,0.0070306038048,-0.00312744331509,-0.00331491712707,-0.00264900662252,2.15712498384e-05
2021-06-11,-0.0100616016427,0.00313725490196,0.0121951219512,0.00770252324037,0.000194137060765
2021-06-15,-0.0122381248704,0.00625488663018,0.0153340635268,-0.0166051660517,0.000161749482402
2021-06-16,-0.014909701806,-0.003885003885,-0.00647249190939,-0.00134012329134,0.000161723323738
2021-06-17,0.00234491579621,-0.00468018720749,-0.00325732899023,-0.016639828234,0.000183256796671
2021-06-18,0.00106337728626,0.00470219435737,0.020697167756,-0.0103711790393,2.15556729142e-05
2021-06-21,-0.00148714680263,-0.0132605304212,-0.00960512273212,0.000551571980143,-2.15552082772e-05
2021-06-22,0.00553191489362,0.0189723320158,0.00646551724138,0.00330760749724,2.15556729142e-05
2021-06-23,0.0065594583157,0.00853374709077,0.0160599571734,0.00137362637363,6.46656248315e-05
2021-06-24,0.00273281479924,-0.00153846153846,-0.00105374077977,-0.00521262002743,0.000118545979675
2021-06-25,0.0169811320755,0.00308166409861,0.00316455696203,-0.000275785990072,0.000118531928191
2021-06-28,0.00185528756957,0.00153609831029,0.00210304942166,0.00110344827586,-6.46461163846e-05
2021-06-29,-0.0111111111111,0.000766871165644,0.00839454354669,-0.00358225406448,0.000237051084509
2021-06-30,0.00645027049521,0.00229885057471,0.00624349635796,-0.00857300884956,0.000150814939297
2021-07-01,-0.000413479429398,0.00305810397554,-0.00206825232678,0.0111576011158,0.000344667880185
2021-07-02,-0.0291623578077,0.00838414634146,0.00103626943005,0.00165517241379,-2.15343203229e-05
2021-07-05,0.00149126544525,0.00529100529101,0.0113871635611,0.00413109336271,8.61391362397e-05
2021-07-06,0.00148904488407,0.0015037593985,0,0.0082281952825,4.3065858464e-05
2021-07-07,0.0112574341546,-0.0015015015015,0.007164790174,-0.000544069640914,2.15320019379e-05
2021-07-08,-0.00924175593363,-0.00300751879699,-0.0020325203252,-0.00108873162765,9.68919224433e-05
2021-07-09,-0.00508797964808,0.000754147812971,-0.0010183299389,0.00217983651226,0.00013994143989
2021-07-12,0.0144896654592,0.00904295403165,0.00611620795107,-0.00135943447526,3.22896597746e-05
2021-07-13,0.00336063852132,-0.000746825989544,0.00101317122594,0.00408385515927,9.68658515585e-05
2021-07-14,-0.0119321750052,-0.00149476831091,0,0.00108459869848,0.000279807578481
2021-07-15,0.014406779661,0.000748502994012,0.00202429149798,0.00758396533044,-0.000215176390846
2021-07-16,-0.0106516290727,-0.00224382946896,-0.00909090909091,-0.00188172043011,0.000236744971859
2021-07-19,0.00464428963479,-0.00824587706147,-0.00611620795107,-0.00969566388365,5.37929402145e-05
2021-07-20,-0.00273166631645,-0.00377928949358,-0.00205128205128,0.00843078596682,1.0758009338e-05
2021-07-21,0.00821744627054,0.00758725341426,0.00616649537513,-0.00431499460626,6.45473616265e-05
2021-07-22,0.00104493207941,0.00602409638554,0.00919305413687,-0.00650054171181,1.07571992556e-05
2021-07-23,-0.0108559498956,0.00224550898204,0.00708502024291,0.00381679389313,9.68137518556e-05
2021-07-26,-0.0369354157873,0.00597460791636,0.0130653266332,0.00271591526344,0.000150584590894
2021-07-27,-0.0379136532983,0.00445434298441,-0.00198412698413,-0.00866738894908,8.60353820509e-05
2021-07-28,0.00227790432802,-0.000739098300074,-0.00994035785288,0.00956284153005,6.45209854506e-05
2021-07-29,0.0197727272727,-0.00221893491124,0.00301204819277,0.00378890392422,1.07528037936e-05
2021-07-30,-0.00757744595498,-0.00667160859896,-0.017017017017,0.00296575896468,0.000387096774193
2021-08-02,0.0271726925668,0.0089552238806,0.0142566191446,-0.010752688172,-0.000118233801969
2021-08-03,0.0004372540446,-0.00443786982249,-0.00200803212851,0.00054347826087,0.000225745767267
2021-08-04,0.00961538461538,0.00297176820208,0.00603621730382,0.00190114068441,-6.44842336048e-05
2021-08-05,-0.00649350649351,-0.00222222222222,-0.001,-0.00162645703443,0.000161220980224
2021-08-06,-0.00348583877996,0.00519673348181,0.00800800800801,-0.00570187347271,0.000322389984418
2021-08-09,0.0120244862265,0.00295420974889,-0.00496524329692,-0.0264882577826,-3.22286082612e-05
2021-08-10,0.0123136746598,-0.00147275405007,0.00399201596806,-0.00364656381487,-3.22296469779e-05
2021-08-11,-0.00576184379001,0.00147492625369,-0.00497017892644,-0.00112612612613,9.66920572847e-05
2021-08-12,-0.00686842670101,0.000736377025037,-0.002997002997,0.00845546786922,0.000268563080096
2021-08-13,-0.00583531445861,0.00662251655629,0.00400801603206,0.0030743432085,1.07396389335e-05
2021-08-16,-0.000652173913043,-0.00365497076023,0.00199600798403,0.00835887433826,-4.29580943789e-05
2021-08-17,-0.0243637154666,0.002201027146,0.00398406374502,0.010776457585,5.369992482e-05
2021-08-18,0.0118171683389,-0.000732064421669,-0.00595238095238,-0.000273373428103,3.22182247758e-05
2021-08-19,-0.00749228735126,-0.0161172161172,-0.0179640718563,-0.00328137817884,3.22171867952e-05
2021-08-20,-0.0199822380107,0.00521221146687,0.010162601626,0.00384087791495,0.000214774325877
2021-08-23,0.0163117353874,0.0140740740741,0.0160965794769,-0.00218638972397,-8.58912831085e-05
2021-08-24,0.0115916183683,0.00584368151936,0.0148514851485,0.00766913174473,2.14746652638e-05
2021-08-25,0.00308505949758,-0.00363108206245,-0.000975609756097,-0.00543625985322,0.000171793632898
2021-08-26,-0.0186731107206,0.000728862973761,-0.001953125,-0.00409948073244,6.44115468433e-05
2021-08-27,0.00291023057981,0.000728332119446,0.000978473581213,0.00933040614709,7.51419646403e-05
2021-08-30,-0.00401785714286,0.00363901018923,0.00782013685239,0.00326264274062,7.51363187499e-05
2021-08-31,-0.000448229493501,0.00797679477883,0.0135790494665,-0.000542005420054,0.000160994300802
2021-09-01,0.0156950672646,0,-0.00478468899522,-0.00027114967462,0.000150237160088
2021-09-02,-0.000883002207506,-0.00647482014388,-0.000961538461539,-0.000542446433415,7.51072961371e-05
2021-09-03,-0.00596553247901,0.00434467776973,-0.00288739172281,0,0.00030040662182
2021-09-06,0.0186708157368,-0.00144196106705,0.00289575289575,0.0067842605156,-8.5804687081e-05
2021-09-07,0.0137464542876,0,0.000962463907604,-0.00404312668464,8.5812050157e-05
2021-09-08,-0.00452001721911,-0.0043321299639,-0.000961538461539,-0.0116373477673,3.21767576554e-05
2021-09-09,-0.000432432432432,-0.00362581580856,-0.00577478344562,-0.00410733844469,7.50766854716e-05
2021-09-10,0.0105991780229,0.000727802037846,-0.00290416263311,0.00604894143525,0.000139417663145
2021-09-13,-0.00577910958904,-0.00727272727273,-0.00582524271845,-0.00573927302542,0
2021-09-14,-0.0142088266954,-0.000732600732601,-0.005859375,0.00247388675096,0.000171567050548
2021-09-15,-0.0115745796025,-0.0058651026393,-0.00196463654224,0.00329037565122,2.14422025431e-05
2021-09-16,-0.0123729562528,0.00368731563422,0.00492125984252,-0.00874555889587,8.57669711396e-05
2021-09-17,0.00872483221477,0.0051432770022,0.00587659157689,-0.0093741384064,0.000289438703315
2021-09-22,-0.00731869594145,-0.0204678362573,-0.0243427458617,0.0125243529084,-5.35842505172e-05
2021-09-23,0.00647899910634,0.00820895522388,0.00898203592814,-0.00962067069819,6.43045463313e-05
2021-09-24,0.0015538290788,0.0059215396003,0.00197823936696,-0.00582847626978,0.000182184499314
2021-09-27,0.00709219858156,0.00662251655629,0.00592300098717,0.00195421552205,4.28591327455e-05
2021-09-28,-0.00198063380282,-0.00950292397661,-0.01766437684,-0.00780161604904,0.000214286479594
2021-09-29,-0.00727673649394,-0.0154981549815,-0.013986013986,-0.00224655995507,0.0002035285422
2021-09-30,0.00310972900933,0.00599700149925,0.00202634245187,-0.0030959752322,0.000749689414385
2021-10-08,0.0157218777679,-0.000745156482861,-0.00202224469161,0.0121400338792,-0.000192632863166
2021-10-11,-0.000218007412252,-0.00596569724087,-0.0111448834853,-0.00390516039052,6.4223325912e-05
2021-10-12,-0.0113388573921,-0.0105026256564,-0.00819672131148,0.00532063847662,0.000128438403082
2021-10-13,0.0123511248346,0.00530705079606,0.00206611570248,-0.000557103064067,0.000139123734509
2021-10-14,-0.00588235294118,0.00904977375566,0.0134020618557,0.0133779264214,0.000256808089455
2021-10-15,0.00525969756739,0.0127055306428,0.0142421159715,-0.00247524752475,6.4185538998e-05
2021-10-18,-0.0126444299106,0,-0.00100300902708,-0.0132340777502,-0.000181847355191
2021-10-19,0.0103775667918,0.00664206642066,0.0120481927711,0.00363229952501,-5.34942440195e-05
2021-10-20,-0.00305944055944,0.00293255131965,0.00198412698413,-0.00306236080178,0.000149791896259
2021-10-21,0.00482244629548,0,-0.000990099009901,0.00530578050824,2.13956374295e-05
2021-10-22,0.00719895287958,0.00438596491228,0.00396432111001,0.00361111111111,0.000181859027161
2021-10-25,0.00368204461772,0,-0.00493583415597,-0.00249100470523,0.000106956447335
2021-10-26,-0.00366853690117,0.00655021834061,0.0128968253968,0.003884572697,7.48615062136e-05
2021-10-27,-0.0142949967511,-0.000723065798988,-0.00195886385896,-0.00663349917081,0.000149711804776
2021-10-28,-0.00461437046803,-0.00361794500724,0.00392541707556,0.00918196994992,-0.000192457792937
2021-10-29,0.00706401766004,0.00145243282498,0.000977517106549,-0.00496277915633,0.000213883155632
2021-11-01,-0.00350723366944,0.0123277737491,0.017578125,-0.00443336104184,4.27674838821e-05
2021-11-02,-0.0114386273647,-0.00214899713467,0.00191938579655,0.00640133593098,8.55313098052e-05
2021-11-03,-0.00445037828215,0.00717875089734,0.00478927203065,-0.00801991150442,6.41429961195e-05
2021-11-04,0.0105051408136,0.00498930862438,0.0133460438513,-0.00390298299415,7.48286957359e-05
2021-11-05,-0.0037602300376,0.00425531914894,0.0122295390405,0.013713965855,8.55121106527e-05
2021-11-08,-0.00088809946714,0.00141242937853,-0.00371747211896,0.00993926007731,8.55047989567e-05
2021-11-09,-0.000444444444444,-0.000705218617771,0.00186567164179,0.00328048113723,0.000106871860639
2021-11-10,-0.00555802578924,-0.00423429781228,-0.0102420856611,0,0.000160290660397
2021-11-11,0.0178850883076,-0.00212615166549,-0.00846660395108,0.0149863760218,-7.47903199958e-05
2021-11-12,-0.000439270810455,-0.000710227272727,0,-0.000536912751678,7.47959140062e-05
2021-11-15,-0.00131839156229,0.00639658848614,0.0123339658444,-0.00241740531829,0.000149580639991
2021-11-16,-0.000880088008801,-0.00282485875706,-0.00562324273664,0.00403877221325,0.000128192801974
2021-11-17,-0.000220215811495,0.0070821529745,0.00754005655042,-0.00241351568785,7.47695495669e-05
2021-11-18,-0.00969162995595,-0.00351617440225,0.00280636108513,0.00403225806452,0.000138847353356
2021-11-19,0.0122330960854,0.00635144671842,0.0139925373134,-0.00214190093708,4.27163315213e-05
2021-11-22,0.00285651505164,-0.00140252454418,0.00275988960442,-0.0091226187282,5.33931336431e-05
2021-11-23,0.000657318141981,-0.00912921348315,-0.0165137614679,-0.017059301381,6.40683395623e-05
2021-11-24,0.00240858331509,0.00354358610914,0.00186567164179,-0.00523415977961,5.33868625607e-05
2021-11-25,-0.0041502839668,0.00706214689266,0.00465549348231,-0.000553863195791,8.54144200895e-05
2021-11-26,-0.0092125466111,-0.015427769986,-0.0101946246525,0.00526461623718,0.000160138359543
2021-11-29,-0.00154970112907,-0.000712250712251,-0.00374531835206,-0.00413450937155,-0.000117415994193
2021-11-30,-0.0039911308204,-0.00570206699929,0.0046992481203,-0.00304456130639,0.000149456086599
2021-12-01,0.00289403383793,-0.00430107526882,0.000935453695042,-0.00305385896724,0.000192129110762
2021-12-02,0.00221975582686,-0.0136789056875,-0.0224299065421,-0.00501253132832,3.20153673763e-05
2021-12-03,0.00996677740864,0.00656934306569,-0.000956022944551,-0.00223901483347,0.000128057369702
2021-12-06,-0.00109649122807,-0.00290065264685,-0.0133971291866,0.0070126227209,0.000138711054204
2021-12-07,0.00614709110867,0.0123636363636,0.0126091173618,-0.0025069637883,0.000170697619835
2021-12-08,0.0157102334715,0.0150862068966,0.0249042145594,0.00167550963418,-9.6001024011e-05
2021-12-09,0.018045112782,0,-0.00373831775701,-0.00390298299415,-2.13356091316e-05
2021-12-10,-0.00316522473096,-0.00424628450106,-0.0093808630394,-0.00251889168766,0.000213360643496
2021-12-13,0.00275190516511,0.0113717128643,0.0123106060606,0.00561167227834,9.59918086989e-05
2021-12-14,-0.00654422630357,-0.0119465917077,-0.0159027128157,0.000837053571429,0.000138641526337
2021-12-15,-0.00977475563111,-0.0049786628734,-0.00855513307985,-0.0103150264845,4.26530177011e-05
2021-12-16,0.00579399141631,0.0207290922087,0.0249280920422,0.00957746478873,4.26511984986e-05
2021-12-17,-0.0155749946661,-0.0168067226891,-0.0289990645463,0.0128348214286,0.000234571586983
2021-12-20,-0.0162548764629,-0.0163817663818,-0.014450867052,-0.00192837465565,5.32992218314e-05
2021-12-21,0.00462656972902,0.00579290369298,0.0127077223851,-0.00690035881866,-7.46149336459e-05
2021-12-22,0.000657894736842,0.00791936645068,0.00482625482625,-0.00222345747638,0.000170561146171
2021-12-23,0.0083278544817,0.0107142857143,0.0134486071085,0.0100278551532,4.2633015007e-05
2021-12-24,-0.00499891327972,0.00565371024735,0.00568720379147,0.00110314396029,0.000191840388797
2021-12-27,0.00087374399301,0.00210822206606,0.00471253534402,-0.000550964187328,2.13115103467e-05
2021-12-28,0.00567437800087,0.0105189340813,0.0140712945591,0.00275633958104,0.00010655528088
2021-12-29,-0.0145399305556,0.00208188757807,-0.000925069380203,-0.00357339197361,4.26175712245e-05
2021-12-30,0.00792776921383,0,-0.00555555555556,-0.00496551724138,5.32696938058e-05
2021-12-31,0.00262180467555,-0.00277008310249,-0.000931098696462,0.0105350706959,0.000522015191707
2022-01-04,-0.00392242318588,0.00625,0.00745573159366,-0.00658436213992,-7.45346905745e-05
2022-01-05,-0.0102822139576,-0.00414078674948,-0.0203515263645,0.00359016846175,-5.32430331492e-05
2022-01-06,-0.0123784261715,-0.023562023562,-0.0273843248347,-0.00577875619152,0.000159737604362
2022-01-07,0.00268576544315,0.00638750887154,0.00776699029126,-0.00525878771104,0.000212949456446
2022-01-10,0.00290178571429,-0.00705218617772,-0.00963391136802,0.0016694490818,7.45164415206e-05
2022-01-11,-0.0100155797908,-0.00426136363636,-0.00778210116732,0.00777777777778,0.000138377365721
2022-01-12,0.011690647482,0.0114122681883,0.0176470588235,0.00468577728776,4.2571760023e-05
2022-01-14,-0.0277777777778,-0.0119887165021,-0.0221579961464,0.00164609053498,0.0002341347126
2022-01-17,0.00937142857143,-0.0028551034975,-0.000985221674877,-0.00520405368392,0.000117039953184
2022-01-18,0.0104166666667,-0.00357909806729,-0.00591715976331,-0.00137665198238,7.44712540959e-05
2022-01-19,-0.00582698341551,-0.0158045977011,-0.0218253968254,-0.000551419906259,-9.57416252673e-05
2022-01-20,0.00856627592426,-0.00583941605839,0.00304259634888,0.0126896551724,-5.31948847798e-05
2022-01-21,-0.00759946356728,-0.0198237885463,-0.0293225480283,0,0.000287267658981
2022-01-24,0.00045045045045,-0.0119850187266,-0.009375,-0.00272405339145,1.06364874064e-05
2022-01-25,-0.0238631247186,-0.0121304018196,-0.0220820189274,0.00245834471456,0.000138272865546
2022-01-26,0.0059963099631,-0.00153491941673,-0.00537634408602,0.00136239782016,0.000106349037541
2022-01-27,-0.0185694635488,-0.0192159877018,-0.0216216216216,-0.0187755102041,0.000212675457252
2022-01-28,-0.0165849100677,0.0180250783699,0.0154696132597,-0.00305047143649,0.000669785243462
2022-02-07,0.0171021377672,0.0369515011547,0.0402611534276,0.00695410292072,0.000265609893437
2022-02-08,-0.00513778608127,-0.0022271714922,-0.00627615062762,0.00552486187845,2.12431490845e-05
2022-02-09,0.00915492957746,0.0126488095238,0.0168421052632,0.00467032967033,-0.000233669676049
2022-02-10,-0.00255873458944,0.0117560617193,0.0144927536232,0.00246103363413,-8.49906510283e-05
2022-02-11,-0.00839552238806,-0.0268700072622,-0.0285714285714,-0.00600109110747,0.000169995750106
2022-02-14,-0.0115239887112,-0.0089552238806,-0.0199579831933,0.0164654226125,2.12458570579e-05
2022-02-15,0.00999286224126,-0.00677710843374,0,0.00998920086393,0.000138095136927
2022-02-16,0.00494699646643,0.0128885519333,0.0171489817792,-0.0128307939054,4.24849443978e-05
2022-02-17,0.00234411626817,-0.00299401197605,-0.00737618545838,0.0089358245329,4.24831395041e-05
2022-02-18,0.00561272217025,-0.0135135135135,-0.00955414012739,0.00858829844337,0.000138064337981
2022-02-21,-0.00395348837209,-0.00380517503805,-0.0021436227224,-0.00133049494412,1.06188676041e-05
2022-02-22,-0.0140088722858,-0.0213903743316,-0.0408163265306,0.01172395417,4.24750193793e-05
2022-02-23,0.0113663272555,0.00468384074941,0.01679731243,-0.00711087700816,0
2022-02-24,-0.0199016623742,-0.041958041958,-0.0561674008811,0.02175066313,8.49464306572e-05
2022-02-25,0.00836120401338,0.0275750202758,0.0431738623104,-0.0116822429907,0.000106174019217
2022-02-28,0.00142146410803,0.00789265982636,0.00223713646532,-0.0060415024954,6.36976484951e-05
2022-03-01,0.00898982730069,0.0203602192639,0.0256696428571,0.000264270613108,0.000127387182726
2022-03-02,-0.00820633059789,-0.0153491941673,-0.0152339499456,0.0140026420079,9.55282179742e-05
2022-03-03,-0.00685579196218,0.0179267342167,0.0165745856354,-0.00338718082335,0.000148585256097
2022-03-04,-0.0121399666746,-0.00918836140888,-0.0195652173913,0.00392156862745,0.00011672821427
2022-03-07,-0.0356626506024,-0.0131375579598,-0.0232815964523,0.0216145833333,8.48833384617e-05
2022-03-08,-0.0204897551224,-0.0313234142522,-0.0329171396141,0.0196278358399,6.36571004191e-05
2022-03-09,-0.0102040816327,0.0105092966855,0.0117370892019,0.01625,0.000106088414084
2022-03-10,0.0154639175258,0.0184,0.0255220417633,-0.0327183271833,0
2022-03-11,0.00710659898477,-0.000785545954438,-0.00565610859729,0.00127161749746,0.00015911574079
2022-03-14,-0.0352822580645,-0.00235849056604,-0.0125142207053,-0.00508001016002,0.000169696455465
2022-03-15,-0.0519853709509,-0.0133963750985,-0.0195852534562,-0.0209343885627,-4.24169158662e-05
2022-03-16,0.0476715348581,0.026357827476,0.0376028202115,-0.00990873533246,-0.000106046787843
2022-03-17,0.022093634929,0.0194552529183,0.0305775764439,0.0121148274954,0.000106058034957
2022-03-18,0.00720535254761,0.00687022900763,0,0.000780640124902,7.423275149e-05
2022-03-21,-0.00153295861012,0.0144048521607,0.021978021978,-0.0015600624025,0.000328720640475
2022-03-22,-0.00102354145343,0.000747384155456,0.00215053763441,0.00703125,-8.4803256445e-05
2022-03-23,0.00640368852459,0.01643017177,0.024678111588,-0.00827514869408,6.36078364855e-05
2022-03-24,-0.00687197760244,-0.0124908155768,-0.00942408376963,0.0117340286832,0.000212012635953
2022-03-25,-0.0197334700154,0.015625,0.0179704016913,0.00721649484536,6.35903088368e-05
2022-03-28,-0.00653594771242,0.0021978021978,-0.00519210799585,-0.00946775844422,-5.29885544722e-05
2022-03-30,0.0276315789474,0.016081871345,0.0334029227557,-0.00826659777835,1.05982724814e-05
2022-03-31,-0.00793854033291,-0.00215827338129,-0.00707070707071,-0.00104193800469,0.000498113527492
2022-04-01,0.0131646876613,-0.0115356885364,-0.0101729399797,0.00417209908735,3.17786511022e-05
2022-04-06,-0.00305732484076,0,-0.00616649537513,-0.0041547649961,0.000158888206258
2022-04-07,-0.0132890365449,-0.0138584974471,-0.0206825232678,0.00182529335072,0.000127090371845
2022-04-08,0.00725200725201,0.00961538461538,0.00633579725449,0.00208224882874,0.000148253258924
2022-04-11,-0.0339418873746,-0.00879120879121,-0.0251836306401,0.00883116883117,7.41156415767e-05
2022-04-12,0.018631887144,-0.0192165558019,-0.0193756727664,0.00566426364573,-5.29358206111e-05
2022-04-13,-0.00836164097204,0.00828937452901,0.00658616904501,0.00486431131592,5.29386229604e-05
2022-04-14,0.0115942028986,0.0067264573991,0.0152671755725,-0.000254777070064,7.41101488555e-05
2022-04-15,-0.000520969002344,-0.00965107646622,-0.0279269602578,0.0045871559633,0.000190554832153
2022-04-18,-0.00521240552515,-0.00749625187406,-0.00552486187845,0.00583460172501,-1.05843626627e-05
2022-04-19,-0.00707361802463,0.00755287009063,0.0144444444444,-0.00756620428752,0.000116429221618
2022-04-20,-0.0184696569921,0.0157421289355,0.0120481927711,-0.0132147395172,-1.05832424939e-05
2022-04-21,-0.0182795698925,0.0125461254613,0.004329004329,0.0133917074427,4.23334180002e-05
2022-04-22,0.00273822562979,-0.0131195335277,-0.0183189655172,0.00381194409149,6.34974389366e-05
2022-04-25,-0.0527034407428,-0.0324963072378,-0.0307354555434,-0.00607594936709,4.23289381786e-05
2022-04-26,-0.00864802536754,0.018320610687,0.0237825594564,-0.00815078960774,0.000105817866288
2022-04-27,0.0308229136377,-0.023988005997,-0.0254424778761,-0.000513610683102,7.40646690367e-05
2022-04-28,0.00733427362482,0.0130568356375,0.0136208853575,-0.00154162384378,0.000253917201833
2022-04-29,0.0280033604032,0.0159211523882,0.013437849944,0.0141533710757,0.00030673873264
2022-05-05,-0.00408608008717,0.000746268656716,0.00883977900552,-0.00253742704897,-0.000105739542359
2022-05-06,-0.0265317286652,-0.0238627889635,-0.0383351588171,-0.00254388196388,0.000264376810981
2022-05-09,-0.00899128968811,-0.00534759358289,-0.0136674259681,0.00408059168579,7.40059416198e-05
2022-05-10,0.0127587184576,-0.0184331797235,-0.0127020785219,-0.00660401320803,7.40004651458e-05
2022-05-11,0.0153975363942,-0.000782472613459,0.0046783625731,-0.00562515980568,-2.11414255663e-05
2022-05-12,-0.00551419906259,-0.0172278778387,-0.0337601862631,0.010542555927,7.39965538747e-05
2022-05-13,0.00859439977821,0.0159362549801,0.0168674698795,-0.0101781170483,0.000243113544595
2022-05-16,-0.00852116547554,0.00470588235294,0.0130331753555,-0.0105398457584,6.34055099389e-05
2022-05-17,0.0135846964236,0.00468384074941,0.0046783625731,0.00727461678358,-3.17007449675e-05
2022-05-18,-0.00382932166302,0.00932400932401,0.0058207217695,-0.0105751870003,6.34034998732e-05
2022-05-19,0.00247116968699,-0.0369515011547,-0.0416666666667,0.0033889468196,6.33994801242e-05
2022-05-20,0.0230073952342,-0.00639488409273,0.006038647343,0.00597557807223,1.05659101475e-05
2022-05-23,-0.00856760374833,0.00321802091714,0.00480192076831,-0.00025826446281,8.4526388082e-05
2022-05-24,-0.0221442073994,-0.00801924619086,-0.0286738351254,0.00284164298631,0.00013734377146
2022-05-25,0.00469483568075,0.00889248181083,0.00615006150061,0.00103039670273,2.11269093446e-05
2022-05-26,0.00274876305662,0.0088141025641,0.00488997555012,0.00334534225425,8.45058520302e-05
2022-05-27,0.00274122807018,0.022239872915,0.0316301703163,0.00436009233137,0.000105623389243
2022-05-30,0.00628758884636,0.017094017094,0.0318396226415,-0.00842696629213,-6.33673404727e-05
2022-05-31,0.0173865797338,-0.00381970970206,-0.008,-0.00206026268349,4.22475707647e-05
2022-06-01,-0.00160213618158,0.00230061349693,0,-0.00645161290323,9.50530184614e-05
2022-06-02,0.00294196309174,-0.0114766641163,-0.00921658986175,0.00779220779221,-4.22417707751e-05
2022-06-06,0.0218666666667,0.0030959752322,0.00116279069767,-0.00335051546392,0.000190095998479
2022-06-07,0.00156576200418,-0.0054012345679,-0.00813008130081,-0.00413757434704,0.000126706579239
2022-06-08,0.0109431995831,0.0124127230411,0.0140515222482,0.00467411062062,4.2230175572e-05
2022-06-09,-0.00876288659794,-0.00842911877395,-0.00577367205543,0.00232618247609,7.38996864542e-05
2022-06-10,0.0150806032241,-0.0177743431221,-0.0162601626016,-0.00309437854564,-0.000137232133432
2022-06-13,-0.0133196721311,-0.0416994492526,-0.0507674144038,0.0155199172271,0.000358964071919
2022-06-14,0.0103842159917,-0.0106732348112,-0.00621890547264,-0.0191034131431,0.000126647739866
2022-06-15,0.0125899280576,-0.0107883817427,0.00500625782228,-0.00545312905739,-3.16579255617e-05
2022-06-16,-0.00685105303223,-0.00335570469799,-0.00622665006227,0.00443864229765,3.16589278175e-05
2022-06-17,0.0160960654062,-0.0159932659933,-0.00877192982456,0.00675851312711,0.000116079060393
2022-06-20,0.00528036208197,-0.00171086398631,0.0063211125158,-0.00413116447199,9.49627534979e-05
2022-06-21,-0.000500250125063,0.0119965724079,0.0113065326633,-0.00181488203267,4.22016606354e-05
2022-06-22,-0.0125125125125,0.000846740050804,-0.00372670807453,-0.000519480519481,0.000158249548989
2022-06-23,0.0190065889508,0.00676818950931,0.0162094763092,0.000779625779626,-0.000147676209363
2022-06-24,0.0119373290226,0.0159663865546,0.0110429447853,-0.00623214749416,0.000116048444951
2022-06-27,0.0117965101991,0.0215053763441,0.0157766990291,0.00653253200941,0.000105486344792
2022-06-28,0.0126305562303,0.00161943319838,-0.010752688172,-0.00519210799585,0.000126570262317
2022-06-29,-0.0131926121372,-0.0234438156831,-0.0265700483092,-0.00208768267223,0.000105461870261
2022-06-30,0.0121536217793,-0.010761589404,-0.00620347394541,-0.0020920502092,2.10901498454e-05
2022-07-01,-0.0036023054755,-0.00334728033473,-0.00249687890137,-0.00864779874214,0.000221441903135
2022-07-04,0.00674861412389,0.0125944584383,0.00375469336671,0.00475812846947,7.37976258249e-05
2022-07-05,-0.00239406272444,0.00829187396352,0.0149625935162,-0.00105235464351,0.00025300176047
2022-07-06,-0.0141588672906,-0.00493421052632,0.00614250614251,-0.0194890703187,8.43125889234e-05
2022-07-07,0.00389483933788,0.00909090909091,0.01221001221,-0.0131614289551,-6.32291106826e-05
2022-07-08,-0.000969932104753,0.00737100737101,0.00723763570567,-0.00163309744148,8.43108118076e-05
2022-07-11,-0.0184466019417,-0.00569105691057,-0.00838323353293,-0.000545256270447,7.37657410823e-05
2022-07-12,-0.00890207715134,-0.00490596892886,-0.0144927536232,0,5.2685928642e-05
2022-07-13,0.00174650698603,0,0.00612745098039,-0.00572831423895,-2.10732611925e-05
2022-07-14,0.000249066002491,-0.0106820049302,-0.0109622411693,0.000274348422497,-1.05368526422e-05
2022-07-15,-0.0161852589641,0.00415282392027,0.0110837438424,-0.00685682940208,0.000200202309703
2022-07-18,0.011642622121,0.0231596360629,0.0243605359318,0.0038663352665,5.26742728315e-05
2022-07-19,-0.00550412809607,-0.0121261115602,-0.0142687277051,-0.00247592847318,5.26714983988e-05
2022-07-20,0.00301886792453,0.0302782324059,0.0325693606755,0,-1.05337448517e-05
2022-07-21,-0.0112866817156,0.00238284352661,0.00584112149533,-0.00799779371208,7.3736990688e-05
2022-07-22,0.00076103500761,0.00713153724247,0.00696864111498,0.014734500973,0.00016852926616
2022-07-25,-0.00456273764259,-0.00865460267506,-0.0149942329873,0.00328767123288,0.000126375651625
2022-07-26,0.00738477209065,-0.000793650793651,-0.00585480093677,0.00136537411251,-4.21198942792e-05
2022-07-27,-0.00606673407482,0.00317712470214,0,-0.00245432233433,3.15912513296e-05
2022-07-28,0.000762970498474,0.0110847189232,0.017667844523,0.00929469655549,5.26504222564e-05
2022-07-29,-0.0149936467598,0.0211433046202,0.0277777777778,0.0140845070423,0.000147413420939
2022-08-01,0.0046439628483,0.00460122699387,-0.00225225225225,-0.000534188034188,5.2639890509e-05
2022-08-02,-0.0182331792501,-0.0030534351145,0,0.00748262960983,0
2022-08-03,-0.0117708605807,0,0,-0.00318302387268,0.000115801663333
2022-08-04,0.00820539968237,0.00995405819296,0.0282167042889,0.000798296966471,0.000105262049873
2022-08-05,0.0170648464164,0.00379075056861,0.00439077936334,0.00717894177081,4.21003883762e-05
2022-08-08,-0.0036138358286,0.00302114803625,-0.00327868852459,-0.00475184794087,5.262327001e-05
2022-08-09,0.00181347150259,-0.00527108433735,-0.00767543859649,0.00450928381963,6.31446011365e-05
2022-08-10,-0.011636927851,-0.00605601816805,-0.014364640884,0.0021124900977,4.20937427652e-05
2022-08-11,0.0230245944532,0.022086824067,0.0347533632287,-0.00579710144928,-4.20919709566e-05
2022-08-12,0.000255754475703,0,-0.00975081256771,0.00503578054598,0.000157851535369
2022-08-15,-0.00255689082076,0.0141579731744,0.0185995623632,0.00210970464135,7.36524236908e-05
2022-08-16,-0.00256344527044,0.00881704628949,0.0118152524168,-0.00157894736842,3.15629997476e-05
2022-08-17,0.0105371369828,0.000728332119446,-0.0031847133758,-0.00369003690037,0
2022-08-18,-0.00940996948118,-0.00655021834061,-0.013844515442,-0.00529100529101,8.41653428159e-05
2022-08-19,-0.00770218228498,0.0014652014652,0.00215982721382,-0.000531914893617,0.000157796736763
2022-08-22,0.00698576972833,-0.0102414045355,-0.0172413793103,-0.00239489089941,-2.10362454509e-05
2022-08-23,-0.00359712230216,-0.0133037694013,-0.0186403508772,0.00320085356095,8.41467519352e-05
2022-08-24,-0.0198555956679,0,0.00335195530726,0.00584950810955,0.000115692048801
2022-08-25,0.00947119179163,0.0119850187266,0.0133630289532,0.00343642611684,-7.36136963539e-05
2022-08-26,-0.00156372165755,0.00518134715026,0.00549450549451,0.00105374077977,8.41361322619e-05
2022-08-29,-0.00652571130253,-0.0324005891016,-0.0393442622951,-0.00894736842105,2.10322634921e-05
2022-08-30,-0.00236468733579,0.00304414003044,0.00455062571104,0.00398300584174,0.000105159105727
2022-08-31,0,-0.00986342943854,-0.00906002265006,-0.00661200740545,7.36036339166e-05
2022-09-01,-0.00895443771398,-0.0176245210728,-0.024,-0.00692225772098,4.20561238972e-05
2022-09-02,-0.00611214456551,0.0101404056162,0.0105386416862,-0.00134048257373,7.35951216948e-05
2022-09-05,-0.000534759358289,-0.0030888030888,-0.00811123986095,0.0104697986577,6.30768907297e-05
2022-09-06,0.00775815944355,0,0.00700934579439,0.00531349628055,2.10243040955e-05
2022-09-07,0.00212370586674,-0.00774593338497,-0.0104408352668,-0.00713530655391,1.05119310418e-05
2022-09-08,-0.00476821192053,0.0179547228728,0.0199296600234,0.00798509449028,5.2559102711e-05
2022-09-09,0.0154378493479,0.00613496932515,0.00344827586207,-0.00105624504885,5.2556340397e-05
2022-09-13,0.00366972477064,0.0251524390244,0.028636884307,0.000528680941052,9.45964410717e-05
2022-09-14,-0.0120135805693,-0.0408921933086,-0.0467706013363,-0.00660501981506,7.35680504467e-05
2022-09-15,-0.00978059740946,0.000775193798449,0.00233644859813,-0.00505319148936,0.000157634225543
2022-09-16,-0.0240256273358,-0.0162664601084,-0.0198135198135,-0.00400962309543,0.000178623965032
2022-09-19,-0.00300875273523,-0.00236220472441,-0.00118906064209,0.00348899624262,1.05054155417e-05
2022-09-20,0.000548696844993,0.0134175217048,0.0178571428571,0.00347686547205,1.05053051791e-05
2022-09-21,-0.00822593912805,-0.0132398753894,-0.00584795321637,0.00186567164179,5.25259740942e-05
2022-09-22,-0.00801769422173,-0.017363851618,-0.0188235294118,-0.00159616919393,0
2022-09-23,-0.00222965440357,-0.00562248995984,-0.00599520383693,0.00399680255795,0.000157569645783
2022-09-26,-0.00698324022346,-0.0177705977383,-0.015681544029,-0.00875796178344,-3.15089643004e-05
2022-09-27,0.014064697609,0.0123355263158,0.0183823529412,0.00214190093708,-0.000115536509537
2022-09-28,-0.0155339805825,-0.0121852152721,-0.0132370637786,0.00240448837831,0.000147063457882
2022-09-29,0.000281769512539,0.0180921052632,0.0158536585366,0.00879530916844,-0.000136538845302
2022-09-30,-0.00732394366197,-0.0185783521809,-0.0252100840336,0,0.000840353788945
2022-10-10,-0.022417707151,-0.00658436213992,-0.0246305418719,0.00713342140026,-4.19824093705e-05
2022-10-11,-0.000870827285922,-0.0016570008285,0,-0.00131164742917,0.000104960429918
2022-10-12,0.0180127832655,0.00580912863071,0.00631313131313,0.000788022064618,2.09898828765e-05
2022-10-13,-0.00941780821918,-0.00825082508251,-0.00878293601004,0.00131233595801,6.29683269315e-05
2022-10-14,0.0253529242293,0.0316139767055,0.026582278481,-0.00104849279161,1.04940603618e-05
2022-10-17,-0.000280977802754,-0.0193548387097,-0.0221948212084,-0.00498556809236,4.19758009507e-05
2022-10-18,-0.00196739741428,0.0328947368421,0.0390920554855,0.00263713080169,7.34545683496e-05
2022-10-19,-0.0166150380175,-0.00238853503185,-0.00364077669903,-0.0026301946344,3.14782170738e-05
2022-10-20,-0.00343642611684,-0.00877893056664,-0.0109622411693,-0.00474683544304,5.24620437112e-05
2022-10-21,-0.00632183908046,-0.00805152979066,-0.00246305418719,-0.00132485426603,9.44267248615e-05
2022-10-24,-0.0283400809717,0.025974025974,0.0283950617284,0.0122048288671,6.2945206198e-05
2022-10-25,-0.0047619047619,0.0189873417722,0.0180072028812,0.00340760157274,-9.44118665226e-05
2022-10-26,0.00837320574163,-0.00155279503106,-0.00707547169811,-0.000261233019854,3.14735936549e-05
2022-10-27,-0.00771055753262,0.00933125972006,-0.00593824228029,-0.00235171152339,8.39269415973e-05
2022-10-28,-0.0257023311417,-0.017719568567,-0.0310633213859,0,0.000220289733449
2022-10-31,-0.011963190184,0.0352941176471,0.0468557336621,-0.00235725510739,1.04876769795e-05
2022-11-01,0.0428438373176,0.00378787878788,0.00235571260306,-0.000787608296141,-6.2925401936e-05
2022-11-02,0.0101220601369,-0.00905660377358,-0.0152761457109,0.00315291644771,0.000157323404478
2022-11-03,-0.00884173297966,-0.019040365575,-0.0298329355609,-0.00392875851231,5.2432885906e-05
2022-11-04,0.0377639012786,-0.0100931677019,0.00123001230012,0.000262950302393,6.29161642112e-05
2022-11-07,0,0.00705882352941,0.0012285012285,0.00736067297581,-1.04853676693e-05
2022-11-08,-0.00659025787966,0.0101246105919,0.00122699386503,0.00234864300626,8.38838209081e-05
2022-11-09,-0.0115373521777,0.00385505011565,0.00245098039216,0.0213486071336,6.29075887522e-05
2022-11-10,-0.00612780857893,-0.0145929339478,-0.0122249388753,0,0.000146775140485
2022-11-11,0.0287727539636,0.0436477007015,0.0569306930693,0.006372673974,-4.19296002012e-05
2022-11-14,0.000570776255708,-0.0112023898432,-0.00702576112412,-0.00835866261398,-8.38627167328e-05
2022-11-15,0.0213918996007,0.00151057401813,0.00825471698113,0.00408684546616,-1.04837187846e-05
2022-11-16,-0.00809829656521,0.00754147812971,0.00701754385965,0.0061053167133,0.000230644231273
2022-11-17,-0.00478603603604,-0.000748502994012,-0.00580720092915,0.000505689001264,-2.09628224344e-05
2022-11-18,-0.0036775106082,-0.00674157303371,-0.0035046728972,-0.00126358352287,0.000104816309418
2022-11-21,-0.00936967632027,0.00754147812971,-0.00351699882767,-0.0043016194332,7.33637268773e-05
2022-11-22,-0.000573230151906,-0.00224550898204,-0.00823529411765,-0.0010165184244,8.38381086123e-05
2022-11-23,0.000860338399771,0.013503375844,0.011862396204,-0.000508776392775,-5.23944252333e-05
2022-11-24,-0.00515759312321,0.00740192450037,0.0117233294256,0.00330872995673,0.000104794341106
2022-11-25,0.00604838709677,0.00440852314475,0.00231749710313,0.00380517503805,8.38266883219e-05
2022-11-28,-0.0128829086745,-0.00438917337235,-0.0127167630058,0.000505433409148,-1.04774577497e-05
2022-11-29,0.0336426914153,-0.0110213078619,-0.00234192037471,-0.00252589037636,-2.09551350558e-05
2022-11-30,0.000841750841751,-0.00668647845468,-0.0117370892019,-0.00050645733097,0.000188600167645
2022-12-01,0.0126156433978,0.0194465220643,0.0308788598575,0.00253356979985,-0.000115233924867
2022-12-02,-0.00636766334441,-0.00366837857667,-0.00576036866359,0.00530705079606,0.000125724223915
2022-12-05,0.0197826692672,-0.0154639175258,-0.0104287369641,-0.00879839115133,6.28542096608e-05
2022-12-06,0.00628415300546,-0.0157068062827,-0.0117096018735,-0.0109054019782,9.4275388886e-05
2022-12-07,-0.00325821341298,-0.0136778115502,-0.010663507109,-0.00051282051282,5.23702788193e-05
2022-12-08,0.0024516480523,-0.00231124807396,-0.00359281437126,0.00307850179579,1.04735072635e-05
2022-12-09,0.00923913043478,0.00772200772201,0.00120192307692,0.00306905370844,9.42605781316e-05
2022-12-12,-0.0113085621971,-0.00842911877395,-0.00960384153661,-0.00101988781234,3.14172313041e-05
2022-12-13,-0.00299564270153,0.015455950541,0.0157575757576,0.000765696784073,2.09441628618e-05
2022-12-14,0.00273149412729,0.00837138508371,0.0119331742243,0.0104565161948,5.23593105326e-05
2022-12-15,-0.000544810678289,-0.00905660377358,-0.0153301886792,-0.00731953558809,0.000261782845894
2022-12-16,0.00109021531753,-0.022086824067,-0.022754491018,-0.00508517670989,0.000136091453457
2022-12-19,-0.0157909066158,-0.0109034267913,-0.00367647058824,0.00741119345771,2.09342977067e-05
2022-12-20,-0.0174273858921,-0.0149606299213,-0.0135301353014,0.00050735667174,3.14007892066e-05
2022-12-21,-0.000844594594595,0.0119904076739,0.00872817955112,0.00836713995943,-6.27996064558e-05
2022-12-22,0.00225415610031,0.0118483412322,0.00247218788628,0.000251445813427,1.04672584158e-05
2022-12-23,-0.00281135788586,-0.0117096018735,-0.0123304562269,-0.00754147812971,0.000115138637387
2022-12-26,0.0025373555117,0.00315955766193,0.00124843945069,0.00101317122594,-5.2329719094e-05
2022-12-27,0.0132170978628,0.00314960629921,0.0074812967581,0.00151821862348,0.000136064389856
2022-12-28,-0.00360810435748,-0.010989010989,-0.0111386138614,0.00151591712986,4.18602704173e-05
2022-12-29,-0.0033426183844,-0.0126984126984,-0.00500625782228,-0.00100908173562,-0.00039765592298
2022-12-30,0.00447177193963,0.0088424437299,0.00503144654088,0.00580808080808,0.00146563095413
2023-01-03,0.00306065664997,-0.00398406374502,0.00876095118899,0.000251067034898,-0.000418138863917
2023-01-04,0.00138696255201,-0.004,-0.00248138957816,0.00401606425703,3.13735332873e-05
2023-01-05,0.0207756232687,0.000803212851405,0.00124378109453,0,-6.27450980392e-05
2023-01-06,0.00434192672999,-0.00642054574639,-0.00745341614907,-0.007,0.00019870527824
2023-01-09,0.0067549310997,0.0129240710824,0.0125156445557,0.0100704934542,4.18243794307e-05
2023-01-10,0.00161030595813,-0.00478468899522,-0.00494437577256,0.00024925224327,0.000167290520901
2023-01-11,0,0.00641025641026,0.00621118012422,0.00299028158485,-6.27234522989e-05
2023-01-12,0.0016077170418,0.00636942675159,0.00987654320988,-0.00149068322981,-3.13636933885e-05
2023-01-13,0.0165864098448,-0.00237341772152,-0.00366748166259,0.00124409056979,0.000146368493136
2023-01-16,0.0165789473684,0.000793021411578,0,0.00546719681909,-9.4080260916e-05
2023-01-17,-0.00103546466477,0.00396196513471,0.00613496932515,0.00444883835887,0.000167269533945
2023-01-18,-0.00233221041721,0.00473559589582,0.00121951219512,-0.00295275590551,0.000250862339291
2023-01-19,0.00727272727273,-0.019638648861,-0.0133982947625,0.00296150049358,4.17999038602e-05
2023-01-20,0.00593089221248,0.00160256410256,0.00617283950617,0.00787401574803,0.00049112834124
2023-01-30,0.00615226864906,0.0272,0.0355828220859,-0.000732421875,-7.31108674082e-05
2023-01-31,-0.0117197452229,-0.00856697819315,-0.0142180094787,-0.00635230881994,1.04451732854e-05
2023-02-01,0.00799175045115,0.0133542812255,0.0180288461538,0.00590115564298,0.000135785834404
2023-02-02,-0.00255754475703,0.0100775193798,0.0177095631641,0.00659985333659,0.000355083966915
2023-02-03,-0.0110256410256,0.00844205679202,0.0092807424594,-0.0121418164157,0.000459357317353
2023-02-06,-0.0147783251232,-0.00380517503805,-0.00574712643678,-0.0122910521141,-2.08702911405e-05
2023-02-07,0.00263157894737,0.00152788388083,0.00115606936416,-0.00248880039821,-0.000490462077889
2023-02-08,-0.00446194225722,0.0106788710908,0.0184757505774,0.000249500998004,5.22024201042e-05
2023-02-09,0.0142367519114,-0.00377358490566,-0.0102040816327,0.00174607133949,-5.21996951537e-05
2023-02-10,-0.00623862750195,-0.0136363636364,-0.0148911798396,-0.00622509960159,0.000240131132479
2023-02-13,0.00837038974627,0.00537634408602,-0.00116279069767,0.00576296667502,-1.04379775375e-05
2023-02-14,0.00233463035019,0.012987012987,0.0139697322468,0.000249128051818,6.262851894e-05
2023-02-15,-0.00724637681159,-0.00226244343891,0.00229621125144,-0.00423412204234,7.30620296632e-05
2023-02-16,-0.00755995828989,0.0113378684807,0.0194730813288,0.000250125062531,-1.04366702848e-05
2023-02-17,-0.0152350932493,-0.01644245142,-0.0280898876404,-0.00200050012503,0.000219172363409
2023-02-20,0.0280074686583,0.000759878419453,0.00346820809249,0.00425958406414,-2.08689845151e-05
2023-02-21,0.00129735339907,-0.00303720577069,-0.00230414746544,-0.000998003992016,4.17388400775e-05
2023-02-22,-0.010365379632,-0.011424219345,-0.0184757505774,0.00274725274725,5.21713725246e-05
2023-02-23,0,0.00154083204931,0.00823529411765,-0.00224159402242,9.39035714658e-05
2023-02-24,-0.0102120974077,0.00538461538462,0.00350058343057,0.00274588117823,0.000156491257355
2023-02-27,-0.00396825396825,-0.00459066564652,-0.0093023255814,-0.00199153597212,-3.12933543346e-05
2023-02-28,0.00690571049137,0,0.00352112676056,0.000997755051135,1.04314445464e-05
2023-03-01,0.012925349512,-0.00768639508071,-0.00350877192982,0.00398704211313,0.000125176028791
2023-03-02,-0.00130208333333,-0.0100697134005,-0.0140845070423,-0.00148920327625,9.38702712852e-05
2023-03-03,0.00234680573664,0.0109546165884,0.0107142857143,0.00472284364902,0.000156435767474
2023-03-06,-0.00650364203954,0.0185758513932,0.0259128386337,0.00643245917862,0.000104274199435
2023-03-07,-0.0149253731343,0.00303951367781,0.00114810562572,0.00147492625369,0.000145968658444
2023-03-08,-0.00425305688464,-0.0121212121212,-0.00917431192661,-0.0110456553756,-4.16992442011e-05
2023-03-09,-0.00266951414842,0.00230061349693,0.00462962962963,0.000248200546041,0.000156378686627
2023-03-10,-0.014721627409,-0.0244835501148,-0.0230414746544,0.00645161290323,0.000125083388926
2023-03-13,0.011953273567,0.00156862745098,0.00707547169811,0.00838264299803,-0.000125067745028
2023-03-14,-0.00671140939597,-0.0203602192639,-0.0152224824356,0.0119804400978,3.12708472314e-05
2023-03-15,-0.00027027027027,0.0167865707434,0.0214030915577,0.000241604252235,6.25397387923e-05
2023-03-16,-0.0124357934577,-0.0062893081761,0.0046565774156,0.00845410628019,1.04226379698e-05
2023-03-17,0.00574869969888,0.0134493670886,0.0243337195829,0.00550898203593,9.38027640547e-05
2023-03-20,-0.0059880239521,-0.0171740827479,-0.012443438914,0.0290614578371,9.37939659216e-05
2023-03-21,0.0117743702081,0.0174741858618,0.0103092783505,-0.00856481481481,4.16822975282e-05
2023-03-22,0.00487144790257,0.0109289617486,0.0147392290249,-0.013775391081,0.000135461820607
2023-03-23,0.0102343118772,-0.0162162162162,-0.0122905027933,0.00686553030303,0.000135443473188
2023-03-24,-0.00133297787257,0.00156985871272,0.0079185520362,0.00446743475194,0.00010417317749
2023-03-27,-0.00560597971169,0.012539184953,0.00897867564534,-0.00678838951311,-1.04162326571e-05
2023-03-28,-0.00214765100671,-0.00077399380805,-0.00667408231368,-0.00494932830544,3.1249023468e-05
2023-03-29,0,0.00387296669249,0,0.0035528185694,-3.12480469971e-05
2023-03-30,0.0115684691956,0.00694444444444,0.0111982082867,0.00212414444182,-2.0832682312e-05
2023-03-31,0.00265957446809,0.00229885057471,0.00553709856035,0.00612341026849,-3.12496744825e-05
2023-04-03,0.0079575596817,0.0137614678899,0.0132158590308,-0.0131086142322,0.000406258463718
2023-04-04,0.00526315789474,0.00603318250377,0.00217391304348,0.0118595825427,0.000239491029499
2023-04-06,-0.00314136125654,-0.00974512743628,-0.0173535791757,0.0147679324895,0.000197793046013
2023-04-07,0.00761554621849,0.00378501135503,0.00883002207506,-0.001386001386,0.000135305321662
2023-04-10,-0.00390930414386,-0.000754147812971,-0.00437636761488,-0.0087901919963,-7.28468550972e-05
2023-04-11,-0.00261643118786,0.00528301886792,0.00549450549451,0.00513418903151,4.16298069419e-05
2023-04-12,-0.00104931794334,-0.0015015015015,-0.00765027322404,0.00719758532621,0.000104070184933
2023-04-13,-0.00656512605042,-0.00375939849624,-0.00660792951542,0.00115260488704,7.28415488194e-05
2023-04-14,0.00555114988105,0.00528301886792,0.00886917960089,0.00368408933917,0.000104051776164
2023-04-17,0.0160357518402,0.00525525525526,0.0043956043956,-0.00871759577885,8.32327604146e-05
2023-04-18,0.00181112548512,0.00149365197909,0,-0.00509141402453,0.000218467812409
2023-04-19,-0.00852272727273,0,-0.00218818380744,-0.000465224470807,1.0400956888e-05
2023-04-20,-0.00416775201875,-0.000745712155108,0,0.00162904351873,-3.12025461278e-05
2023-04-21,-0.0190949516087,-0.00298507462687,-0.00438596491228,-0.00487918215613,0.00013521525228
2023-04-24,-0.0136,-0.00149700598802,-0.00220264317181,-0.00210133084287,-1.03997670453e-05
2023-04-25,-0.0051365233847,0.00374812593703,0,0.00889096864764,3.11996256044e-05
2023-04-26,-0.00244565217391,-0.0067214339059,-0.00220750551876,0.00162337662338,3.11986522181e-05
2023-04-27,0.00953418687006,-0.00526315789474,0.00110619469027,0.00185228062051,0.000207984525951
2023-04-28,0.0105234754452,0.0151171579743,0.0198895027624,-0.00716431707881,0.000218338341252
2023-05-04,0,-0.00893521965748,-0.00541711809317,0.022113594041,0.000259869857176
2023-05-05,-0.00427236315087,-0.00375657400451,-0.00217864923747,0.00523798679116,0.000259802342378
2023-05-08,0.0120675784393,0.0135746606335,0.0152838427948,-0.0115541458994,-7.27257615425e-05
2023-05-09,-0.00927397986222,0.000744047619047,0,0.00252120100848,1.03901501376e-05
2023-05-10,-0.00829098689489,0,0,0.00411522633745,0.000187020759304
2023-05-11,-0.00134843581446,0.00520446096654,0.0129032258065,0.000455373406193,0.0003116429818
2023-05-12,-0.0137726167972,0.000739644970414,0.00424628450106,-0.00751024123805,0.000176542671402
2023-05-15,0.0172508214677,0,-0.00211416490486,0.00458610410456,-0.000145362419661
2023-05-16,-0.00457604306864,-0.000739098300074,0.00317796610169,-0.00342387582744,-7.26917764831e-05
2023-05-17,-0.00730124391563,0.00221893491124,0.00633579725449,-0.00366468163078,-1.03852944231e-05
2023-05-18,-0.000272405339145,0.0132841328413,0.0157397691501,-0.00229885057471,-4.15416091143e-05
2023-05-19,-0.0016348773842,0.0152949745084,0.0227272727273,-0.00322580645161,9.34725035053e-05
2023-05-22,0.00545851528384,-0.00430416068867,-0.00606060606061,0.00439204808137,5.19243151185e-05
2023-05-23,-0.0154723127036,0.00432276657061,0.00813008130081,-0.00368239355581,1.03843238246e-05
2023-05-24,-0.0146126275159,-0.00932568149211,-0.0151209677419,0.004851004851,3.1152647975e-05
2023-05-25,-0.00251818690543,-0.000724112961622,0.0163766632549,-0.00413793103448,5.19194625299e-05
2023-05-26,0.00140252454418,-0.000724637681159,0.00302114803625,-0.00577100646353,0.000176517007933
2023-05-29,-0.00448179271709,0.0203045685279,0.0361445783133,0.000928720687253,5.19076044641e-05
2023-05-30,0.00112549240293,0.00426439232409,0.00290697674419,-0.00347947112039,0
2023-05-31,-0.0101180438449,-0.00778485491861,-0.00386473429952,0.0148975791434,0.000103809820409
2023-06-01,0.0022714366837,0.00142653352354,-0.000969932104753,-0.000688073394495,6.22794270293e-05
2023-06-02,0.0150141643059,0.00569800569801,0.0126213592233,0.00321322010558,0.000155688871359
2023-06-05,-0.00502372313704,0.0184135977337,0.00479386385427,-0.0116678105697,6.22658544431e-05
2023-06-06,-0.0103786816269,-0.00347705146036,0.000954198473282,0.00740740740741,9.33929664719e-05
2023-06-07,-0.00340136054422,0.00488485694348,0.00285986653956,0.00114889705882,7.26321905868e-05
2023-06-08,0.00910125142207,-0.00486111111111,-0.0209125475285,-0.00550837732385,5.18763682393e-05
2023-06-09,0.00450958286359,0.00558269364969,0.0165048543689,0.00761597045927,-6.22484126654e-05
2023-06-12,0.00112233445567,0.00832755031228,0.0114613180516,0.00183234081539,0.000186756863315
2023-06-13,0.00812780269058,0.0123881624226,0.0245514636449,0.00228623685414,2.07468879667e-05
2023-06-14,0,0.00339904826649,0.000921658986175,-0.00593065693431,5.1866143856e-05
2023-06-15,0.0180706144009,-0.00271002710027,0.00460405156538,-0.00734281780633,-5.18634538985e-05
2023-06-16,0.0101037684326,0.00815217391304,0.00824931255729,0.00716597318539,0.000124478745254
2023-06-19,-0.0081103000811,0,-0.00363636363636,0.00137709433096,0.000145207127596
2023-06-20,-0.00190787680567,0.00202156334232,-0.000912408759124,0.00183360073344,3.11112954743e-05
2023-06-21,-0.0150191152376,0,0.00456621004566,-0.00480439258751,0.00022814240234
2023-06-26,-0.012198502911,-0.00336247478144,-0.00818181818182,0,4.1470975501e-05
2023-06-27,0.0072972214426,-0.00539811066127,-0.0137488542621,-0.00137931034483,8.29385114611e-05
2023-06-28,0.00222903315687,0.0101763907734,0.0130111524164,-0.00276243093923,-5.18322707719e-05
2023-06-29,-0.00500417014178,0.00470114170584,0.00825688073394,0.000692520775623,-0.000103669914991
2023-06-30,0.0064263760827,0.00467914438503,0.00090991810737,0.00253748558247,0.000404354587869
2023-07-03,0.0124930594114,0.0126413838989,0.0163636363636,0.00230096640589,0.000165822010799
2023-07-04,0.00191938579655,-0.00394218134034,-0.00536672629696,0.000918273645546,9.32594166105e-05
2023-07-05,-0.00738916256158,-0.00065963060686,-0.00179856115108,0.00114678899083,8.28895289804e-05
2023-07-06,-0.00771987868762,-0.0019801980198,0.000900900900901,0,0.000259008308986
2023-07-07,-0.00305640455682,-0.00661375661376,-0.004500450045,-0.00252004581901,9.32188467793e-05
2023-07-10,0.00445930880713,-0.00665778961385,-0.00994575045208,0.0032154340836,-0.00010356684204
2023-07-11,0.00721420643729,0.00469168900804,0.00547945205479,0.000686813186813,1.03577569242e-05
2023-07-12,-0.00523415977961,0.00466977985324,0.000908265213442,-0.000686341798216,2.07152992844e-05
2023-07-13,0.0174466906674,0.0066401062417,0.0145190562613,0.00778388278388,4.1429740339e-05
2023-07-14,-0.000544365813827,-0.00197889182058,0.00715563506261,-0.00477055883689,0.000144998083954
2023-07-17,-0.00762527233115,0.00528750826173,0.00532859680284,0.00433690938142,9.31995402156e-05
2023-07-18,-0.00164654226125,0.00460223537147,0.00883392226148,0.00340909090909,0.000176027170312
2023-07-19,-0.000549752611325,0.0157068062827,0.0183887915937,0.0110985277463,-0.000113879887777
2023-07-20,-0.00770077007701,-0.00708762886598,-0.0137575236457,0.000224014336917,9.31850655401e-05
2023-07-21,0.000554323725055,-0.00324464633355,-0.0165649520488,-0.00425531914894,8.28234514605e-05
2023-07-24,-0.00470914127424,0.00325520833333,0.00354609929078,-0.00247413405308,5.17603701902e-05
2023-07-25,0.0311717227943,-0.00194678780013,-0.00353356890459,-0.00405862457723,0
2023-07-26,-0.00242914979757,0.00195058517555,0.00265957446809,0.00384876613086,5.17576911929e-05
2023-07-27,-0.00108225108225,0.00259571706684,0.00884173297966,0.00248082995038,0.000113861027441
2023-07-28,0.0260021668472,-0.00711974110032,-0.00613496932515,-0.0103487064117,-0.00010349824053
2023-07-31,0.00422386483633,0.00325945241199,0.0132275132275,0.00113662195954,9.3158058172e-05
2023-08-01,-0.00473186119874,0.00649772579597,0.00348128807659,0.00431425976385,0.000206998623459
2023-08-02,-0.00765979926043,-0.00774693350549,-0.0138768430182,-0.00158263621976,0.000113825681143
2023-08-03,0.00958211338834,-0.00910865322056,-0.0167106420405,-0.0036231884058,0.000206932229695
2023-08-04,0.00553651463222,0.00196979645437,0.00894454382826,-0.000909090909091,0.000144822592324
2023-08-07,-0.00812794965915,-0.00524246395806,-0.00886524822695,0.00181983621474,-7.2400810889e-05
2023-08-08,-0.00396510705789,0.00724637681159,0.00178890876565,0.000227066303361,5.171860939e-05
2023-08-09,-0.00212314225053,0,-0.000892857142857,0.000227014755959,0
2023-08-10,0.00132978723404,-0.00523217789405,-0.00893655049151,-0.0036314117113,6.20591216565e-05
2023-08-11,-0.0252324037185,0.000657462195924,0.000901713255185,0.00410022779043,0.000155138176402
2023-08-14,-0.00735694822888,0.00197109067017,-0.00630630630631,0.00158802177858,0.000103409408188
2023-08-15,-0.00109799615701,0.0104918032787,0.0190389845875,0.000906002265006,0.000124078458946
2023-08-16,-0.00824402308326,-0.0110317975341,-0.0106761565836,0.00158406879384,0.000134401654174
2023-08-17,0.00360210584649,-0.00590551181102,-0.00719424460432,-0.00135562584727,-0.000248092786702
2023-08-18,-0.0138045278851,-0.0118811881188,-0.0190217391304,-0.00203619909502,0.000175775999338
2023-08-21,-0.0145576707727,0.00400801603206,0.00277008310249,0.0047608252097,0.000134393317551
2023-08-22,0.00653409090909,0.00399201596806,0.0165745856354,-0.00157942238267,-0.000103365583395
2023-08-23,-0.0155235675981,0.000662690523526,0,0.00338983050847,7.23633882607e-05
2023-08-24,0.00659403669725,0.0145695364238,0.0271739130435,0.0036036036036,6.20212732967e-05
2023-08-25,-0.00199373397892,-0.0202349869452,-0.0379188712522,-0.00291741472172,5.16811890807e-05
2023-08-28,0.0151255707763,0.0093271152565,0.012832263978,0,2.06714073094e-05
2023-08-29,0.00618498734889,0.00594059405941,0.00542986425339,0.00360117038037,1.03354900054e-05
2023-08-30,-0.00027940765577,0.0137795275591,0.021602160216,0.00224265530388,9.30184486589e-05
2023-08-31,-0.00531022917831,0.00517799352751,0.00440528634361,0.00358021928843,0.000103344218924
2023-09-01,0.00646248946333,-0.00579523502898,-0.000877192982456,-0.000445930880714,0.000434000868002
2023-09-04,0.0161920714685,0.00194300518135,0.00263388937665,0.00401516841401,-7.23020988267e-05
2023-09-05,-0.00741758241758,0.000646412411118,-0.000875656742557,0.000888691401911,-8.26369449121e-05
2023-09-06,-0.00276778300581,0,0.00175284837862,-0.00110987791343,2.06609435853e-05
2023-09-07,-0.014709963919,-0.00839793281654,-0.00787401574803,-0.000444444444444,8.26420668782e-05
2023-09-08,-0.00591549295775,0.00586319218241,0.00617283950617,0.00578034682081,8.26352377312e-05
2023-09-11,0.00793425899688,-0.00518134715026,-0.00613496932515,0.00198938992042,3.09856536425e-05
2023-09-12,-0.00140567894293,0.00325520833333,0.00617283950617,0.00110302228105,2.06564623741e-05
2023-09-13,-0.00703828828829,-0.00713822193381,-0.011393514461,0.00220361392684,8.26241427745e-05
2023-09-14,-0.000850581230508,0.00457516339869,0.00709219858156,0.00813544415128,-2.06543291473e-05
2023-09-15,-0.00482406356413,0.00715679895901,0.00528169014085,-0.00654307524537,0.000113601156666
2023-09-18,0.00370687197035,-0.0109819121447,-0.015761821366,-0.00812294182217,4.13048192398e-05
2023-09-19,-0.00142045454545,-0.000653167864141,-0.000889679715303,0.00796812749004,3.09773349165e-05
2023-09-20,-0.00512091038407,-0.00130718954248,0.000890471950134,0.00592885375494,4.13018338015e-05
2023-09-21,-0.0100085787818,-0.0104712041885,-0.0186832740214,-0.00130975769483,-1.03250320076e-05
2023-09-22,0.0216637781629,-0.0125661375661,-0.00997280145059,-0.00437158469945,5.16256930749e-05
2023-09-25,-0.00791631325982,-0.0020093770931,0.0018315018315,0.003951701427,0.000216816717601
2023-09-26,-0.00598461100028,-0.00469798657718,-0.00822669104205,-0.000656024491581,1.03223675383e-05
2023-09-27,0.00286697247706,-0.00539447066757,-0.0036866359447,-0.0142231947484,9.29003488925e-05
2023-09-28,-0.00400228702116,-0.00271186440678,-0.000925069380203,-0.0153163152053,0.000712169847348
2023-10-09,-0.00287026406429,-0.000679809653297,0.0148148148148,-0.00811541929666,0.000216593093775
2023-10-10,-0.00777202072539,0.0136054421769,0.0136861313869,-0.0127272727273,0.000195922744568
2023-10-11,0.00232085871773,0.00604026845638,0.00630063006301,0.000230202578269,-0.000144335848901
2023-10-12,0.0104196816208,0.00733822548366,0.00894454382826,0.00805523590334,1.03111917675e-05
2023-10-13,-0.0100257805786,-0.00860927152318,-0.00531914893617,0.00365296803653,0.000185599538063
2023-10-16,-0.0124421296296,-0.000668002672011,-0.00980392156863,0.0134212920837,0
2023-10-17,0.00351596835628,0.00735294117647,0.00720072007201,0.00381593714927,6.18550324223e-05
2023-10-18,-0.00817518248175,-0.00132714001327,-0.00446827524575,0.0100626118068,0.000216479223149
2023-10-19,-0.0226670591699,-0.0132890365449,-0.0125673249551,0.00575603276511,0.000113369336686
2023-10-20,-0.00542168674699,-0.0121212121212,-0.0127272727273,0.0101254677526,-3.09154051464e-05
2023-10-23,-0.0115081768625,-0.0068166325835,-0.00644567219153,-0.00392242318588,3.09163609382e-05
2023-10-24,0.0015318627451,-0.00137268359643,0.0064874884152,0.000656311529206,0
2023-10-25,0.00611807892322,0.000687285223368,-0.0036832412523,-0.0039352864014,-0.000123661620586
2023-10-26,0.00395256916996,-0.0157967032967,-0.0304990757856,0.00548726953468,-1.03064095561e-05
2023-10-27,0.0163537250151,0,0.00381315538608,0.00283780833879,0.00014429122091
2023-10-30,0.00476758045292,-0.00418702023726,0.00189933523267,0.00239442751415,8.24402308326e-05
2023-10-31,-0.00237247924081,0.00280308339173,-0.000947867298578,0.00217155266015,9.27376143764e-05
2023-11-01,-0.000594530321046,0.0104821802935,0.0142314990512,-0.0032502708559,0.000257580596969
2023-11-02,-0.00505651397977,0.0117565698479,0.0205799812909,0.00152173913043,0.000113306277168
2023-11-03,0.00837070254111,0.0157211209843,0.00733272227314,-0.000868243976557,-9.26946329808e-05
2023-11-06,0.0142306552031,0.00538358008075,0.0109190172884,-0.00434499239626,-4.12014338099e-05
2023-11-07,-0.0032154340836,-0.00133868808568,-0.000900090009001,-0.00370936068078,0.000164812525752
2023-11-08,-0.00322580645161,0.00335120643432,0.00900900900901,-0.00438020148927,2.05981708823e-05
2023-11-09,0.000882612533098,0.00534402137609,0.00625,-0.00659920809503,5.14943665162e-05
2023-11-10,-0.00793650793651,-0.00797342192691,-0.00976042590949,0.00686448184234,0.000144176801953
2023-11-13,-0.00148148148148,0.0133958472873,0.0215053763441,-0.00351880360677,4.11874337138e-05
2023-11-14,0,0.00330469266358,0.00350877192982,0.00419333480468,3.08893030343e-05
2023-11-15,0.00741839762611,0.0138339920949,0.0174825174825,0.00373626373626,0
2023-11-16,-0.0106038291605,0.00129954515919,-0.00429553264605,-0.00306546967375,0.000205922326099
2023-11-17,-0.00148853825543,-0.00064892926671,0.00172562553926,0.00307489567318,8.23519723296e-05
2023-11-20,0.00327966607036,-0.0103896103896,-0.0137812230835,-0.0098532953799,0.000174983530962
2023-11-21,0.00148588410104,0.00393700787402,0.0113537117904,-0.00243255196816,-1.02913480636e-05
2023-11-22,-0.0115727002967,-0.00130718954248,-0.00690846286701,-0.00332520505431,5.14572698831e-05
2023-11-23,0.00570399279496,0.0032722513089,0.00521739130435,-0.00133451957295,5.14546221686e-05
2023-11-24,-0.00746268656716,0.00130463144162,0.000865051903114,0.000668151447661,0.000246969478689
2023-11-27,-0.00721804511278,-0.000651465798046,-0.00518582541054,0.0102381482306,-8.2302833275e-05
2023-11-28,0.00121175401394,0.000651890482399,0.00260642919201,0.00440625688478,-1.02887009487e-05
2023-11-29,-0.00816944024206,-0.00195439739414,0,0.00636104408862,0
2023-11-30,0.00122025625381,-0.00065274151436,-0.000866551126516,-0.000435919790758,8.23104544565e-05
2023-12-01,-0.00426569165143,0.00522534291313,-0.00433651344319,-0.000218054949847,0.000308638800012
2023-12-04,-0.00734394124847,0.00519818063678,0.00174216027875,0.0113413304253,3.08543571494e-05
2023-12-05,-0.0203452527744,-0.00840336134454,-0.0113043478261,-0.0138020271727,3.08534051874e-05
2023-12-06,0.00157331655129,0.00782268578879,0.014072119613,-0.00109337415264,1.02841510947e-05
2023-12-07,-0.00282752120641,-0.00840879689521,-0.0112749349523,0.00240805604203,0.000102840453321
2023-12-08,0.00220541902962,0.00782778864971,0.0149122807018,0.0017471063551,-0.000154244817374
2023-12-11,0.00754479723357,0.00906148867314,0.00605012964564,-0.00763025942882,0.000226260631679
2023-12-12,0.00249609984399,0.00513149454779,0.0120274914089,-0.00461335676626,0.000185080458588
2023-12-13,-0.0180516651105,0.00574345883854,0.0110356536503,-0.0017656146546,0.000133644485109
2023-12-14,-0.00507131537242,0.0107868020305,0.0109151973132,0.0150342692903,1.02789712806e-05
2023-12-15,-0.00223000955718,-0.00439422473321,-0.00913621262458,-0.00108908734481,7.19520593706e-05
2023-12-18,-0.00446998722861,0.00441361916772,0.00754400670578,-0.00327082424771,1.0278126092e-05
2023-12-19,0.000641436818474,0.00502197112367,0.00582362728785,0.00284401662656,3.08340613597e-05
2023-12-20,-0.0099358974359,0.00499687695191,0.00578990901572,0.0032722513089,8.22216283993e-05
2023-12-21,0.0100356102298,-0.0130515848353,-0.0131578947368,-0.000434877147206,-4.11074342794e-05
2023-12-22,0.00192307692308,0.00566750629723,0.005,0.00652599521427,0.000195268339808
2023-12-25,0.00287907869482,0.00187852222918,0.000829187396352,0,0.000123303295281
2023-12-26,-0.00637958532695,0.003125,0.006628003314,0.00302571860817,-1.02740077877e-05
2023-12-27,0.00321027287319,0.0018691588785,0.00329218106996,0.00301659125189,3.0822340032e-05
2023-12-28,0.02688,-0.00186567164179,-0.00246103363413,0.000859291084855,-0.000164380746905
2023-12-29,0.00311623558741,-0.001246105919,-0.00246710526316,-0.00407812835372,0.000585702689095
2024-01-02,-0.0142901522212,0.00249532127261,-0.00247320692498,0.00409482758621,0.000287545185672
2024-01-03,-0.00315159155373,-0.00746733042937,-0.0157024793388,0,2.05330376577e-05
2024-01-04,-0.0094846664559,-0.00376175548589,-0.00503778337531,-0.00364885168491,7.18641562121e-05
2024-01-05,-0.00542610916055,-0.00440528634361,-0.00759493670886,0.0021542438604,0.000184780265468
2024-01-08,-0.0150834403081,0.00126422250316,0.00255102040816,-0.00128976784179,0
2024-01-09,0.00260671228413,0.0170454545455,0.0254452926209,-0.00107619457598,4.10546951177e-05
2024-01-10,-0.00519987000325,-0.000620732464308,0,-0.0034475328593,8.21060193974e-05
2024-01-11,0.0062071218556,0.00807453416149,0.0115798180314,0.000648648648649,-2.05248196381e-05
2024-01-12,-0.00357142857143,-0.00431300061614,-0.00327064595258,0.00216076058773,0.000225777650065
2024-01-15,-0.00130335614207,0.0049504950495,0.00656275635767,0.00646830530401,9.23427351918e-05
2024-01-16,0.00717781402936,-0.00492610837438,-0.00977995110024,0.000214224507284,-1.02593565331e-05
2024-01-17,-0.0242954324587,-0.00433168316832,-0.00082304526749,-0.00813878774898,4.10378471545e-05
2024-01-18,0.0149402390438,0.000621504039776,0.00247116968699,-0.00237529691211,9.23313670171e-05
2024-01-19,0.00228982662741,0.00993788819876,0.0205423171734,0.0038961038961,0.00017438759181
2024-01-22,-0.0225195822454,0.0159901599016,0.0305958132045,-0.00388098318241,0.000164100881016
2024-01-23,0.00734557595993,0.00242130750605,-0.00703125,0.0012987012987,-8.20369781679e-05
2024-01-24,0.0169042094796,0.0108695652174,0.00550747442958,-0.00064850843061,0
2024-01-25,0.0182529335072,-0.00477897252091,-0.00547730829421,-0.00562405364482,-0.000112810099581
2024-01-26,-0.00192061459667,-0.00720288115246,-0.00786782061369,0.00500326299761,0.000287185378161
2024-01-29,-0.0096215522771,0.00423216444982,0.00872323552736,0.00238095238095,8.20294075428e-05
2024-01-30,-0.0181347150259,0.0120409391933,0.0157232704403,0.00259123299503,0.000133286853815
2024-01-31,-0.00692612137203,-0.00416418798334,-0.0216718266254,0.00150764591859,6.15088111371e-05
2024-02-01,-0.00132846230488,-0.00836320191159,-0.00949367088608,0.00344086021505,8.20067040481e-05
2024-02-02,-0.00997672098437,0.0168674698795,0.0247603833866,0.00278611230176,0.00012299996925
2024-02-05,0.00671817265704,0.00414691943128,0.00467653936087,-0.00897627698226,7.17411579023e-05
2024-02-06,0.0343677010344,0,0.00155159038014,-0.00107828337287,-8.19840131174e-05
2024-02-07,0.00935483870968,0.00353982300885,-0.00929512006197,0.00129533678756,0.000184479153856
2024-02-08,0.00703100031959,0.0258671369782,0.0226739640344,0.00388098318241,0.000983707347064
2024-02-19,0.00856870834656,-0.00458452722063,-0.00535168195719,-0.00515463917526,-0.000481133427513
2024-02-20,0.0037759597231,-0.00345423143351,-0.00153727901614,0,7.16926637923e-05
2024-02-21,0.0150470219436,-0.00808781051415,-0.0130869899923,0.00129533678756,-3.07232247097e-05
2024-02-22,0.00802964793082,0.0139778683751,0.0171606864275,-0.0012936610608,3.07241686552e-05
2024-02-23,0.000919117647059,0.0143595634693,0.013036809816,-0.00194300518135,0.000163857198452
2024-02-26,-0.0107131925314,-0.00622876557191,-0.00984102952309,0.00519143413368,7.16757797299e-05
2024-02-27,0.0126856435644,0.0034188034188,-0.00152905198777,-0.00150634818162,2.04773264803e-05
2024-02-28,-0.0109990834097,0.0124929017604,0.00229709035222,0,-1.02384535841e-05
2024-02-29,0.0169910410874,-0.00616937745373,-0.00687547746371,0.000646551724138,-3.07156752329e-05
2024-03-01,0.00820170109356,0.00507900677201,0.0161538461538,0.00387680379065,0.000286688441336
2024-03-04,-0.000903886712865,0.00729927007299,0.0136260408781,0.0124436816134,0.000112595322176
2024-03-05,0.00874547647768,-0.00278706800446,-0.00746825989544,0.0135621953804,9.21130739155e-05
2024-03-06,-0.00418535127055,-0.00447177193963,-0.00376222723853,0.00794480451599,7.1636903239e-05
2024-03-07,-0.00570399279496,-0.00280741156654,-0.00679758308157,0.0105787181083,3.06993307546e-05
2024-03-08,0.0030193236715,0.0135135135135,0.0167300380228,0.000821018062398,0.000102327961115
2024-03-11,0.0144491270319,-0.00333333333333,-0.0149588631264,0.00287120590648,2.0463498235e-05
2024-03-12,0.00148367952522,-0.00334448160535,0.00379650721336,-0.0038854805726,5.11576987221e-05
2024-03-13,-0.00622222222222,-0.00279642058166,0.00605143721634,-0.00205296653665,5.11550817457e-05
2024-03-14,-0.00387596899225,0.000560852495794,-0.00451127819549,0.00185147089076,9.20744370672e-05
2024-03-15,0.00269380425022,-0.00504484304933,-0.00604229607251,0.00369609856263,0.000153443266909
2024-03-18,0.00925373134328,0.00338028169014,0,-0.0069558101473,5.11399085619e-05
2024-03-19,-0.00680272108844,-0.00393037619315,-0.00531914893617,0.00226617222909,3.06823760432e-05
2024-03-20,0.000893388921977,0.00901916572717,0.00381970970206,0.00184994861254,6.13628693278e-05
2024-03-21,-0.000595060993752,0.0201117318436,0.017503805175,0.0199015182602,6.13591041572e-05
2024-03-22,-0.00922893718369,0.00602409638554,0.00074794315632,-0.0068396700865,0.000163614238529
2024-03-25,-0.00570913461538,-0.00653238976592,-0.00298953662182,0.00162041725744,0.00018403590745
2024-03-26,0.0033242671502,0.00383561643836,0.00524737631184,0.00262891809909,-3.06670074112e-05
2024-03-27,-0.0114457831325,0.00655021834061,0.000745712155108,0.00423557886244,-9.20038437161e-05
2024-03-28,0.00517976843388,0.0130151843818,-0.00223546944858,0.0060253062864,-7.15651293796e-05
2024-03-29,0.00484995453168,-0.00642398286938,-0.00149365197909,0.0223597524456,0.000562337688894
2024-04-01,0.0174962292609,-0.00377155172414,0.00523560209424,0.00566295645382,-9.1967177936e-05
2024-04-02,-0.00355766380077,-0.00378583017847,-0.00297619047619,0.000582524271844,0.000316804970772
2024-04-03,-0.00416542695626,-0.0217155266015,-0.00970149253731,0.0133902581021,0.000306488358551
2024-04-08,-0.00866447564984,0.00277469478357,-0.000753579502637,0.0254691689008,0.000132770929294
2024-04-09,-0.00180831826401,0.00332042058661,0.00150829562594,0.00130718954248,-0.000112329718359
2024-04-10,-0.00785024154589,-0.00165471594043,0.00376506024096,0.00279746363297,0
2024-04-11,-0.000912964090079,-0.0121546961326,-0.00900225056264,-0.00613725125535,-0.000204258795894
2024-04-12,-0.00852878464819,0.00782997762864,0.0151400454201,0.0275074850299,0.000163440420859
2024-04-15,0.0224270353303,-0.0105438401776,-0.0089485458613,-0.0149335275906,0
2024-04-16,-0.00961538461538,-0.0235558048233,-0.0270880361174,0.00684045110002,8.17068562264e-05
2024-04-17,0.0139563106796,-0.0040206777714,-0.00077339520495,0.00165258905619,-2.04250451904e-05
2024-04-18,0.00179533213645,-0.00230680507497,-0.00232198142415,-0.00568285976169,8.17018495256e-05
2024-04-19,-0.00836320191159,-0.0121387283237,-0.0193948797517,0.00645280235988,0.000122542762318
2024-04-22,-0.00210843373494,0.0040959625512,-0.00632911392405,-0.0181351895952,4.08425824765e-05
2024-04-23,-0.00754603078781,0.00699300699301,0.00238853503185,-0.022947761194,6.12613716422e-05
2024-04-24,0.00425790754258,0.0219907407407,0.0238284352661,0.00954745083063,0
2024-04-25,0.0030284675954,-0.015288788222,-0.0162916989915,-0.000189143181388,8.16768252219e-05
2024-04-26,0.0150966183575,0.00402530189764,0.0173501577287,0.00794551645857,0
2024-04-29,0.0127900059488,0.00458190148912,0.0062015503876,-0.00619369369369,0.000102087693329
2024-04-30,-0.00528634361233,0.00228050171038,0.000770416024653,-0.00188857412653,0.000336854999234
2024-05-06,0.0147623265427,0.000568828213879,0.00230946882217,-0.00662251655629,1.02042898833e-05
2024-05-07,0.000581902822229,0.0102330869812,0.0099846390169,0.00209523809524,9.18376718131e-05
2024-05-08,-0.00843268391974,0.00393922341024,0.00152091254753,0.000380155863904,6.12194922864e-05
2024-05-09,0.0102639296188,-0.00280269058296,-0.00227790432802,-0.00342010260308,-3.06078723448e-05
2024-05-10,0.000580551523948,0.0112422709387,0.00532724505327,0.0224976167779,0.000214261664507
2024-05-13,-0.000870322019147,0.00444691495275,0.00378501135503,-0.00559388402014,-1.02007507752e-05
2024-05-14,-0.00174216027875,0,0,-0.000562535158447,5.10042741582e-05
2024-05-15,-0.00756253635835,0.0105146651909,0.00678733031674,0.00600375234522,4.0801338284e-05
2024-05-16,0.00351699882767,0.013143483023,0.0172284644195,0.0106303618053,2.03998368014e-05
2024-05-17,0.0119742990654,-0.00324324324324,-0.00220913107511,0.000184535892231,9.1797392954e-05
2024-05-20,0.0023088023088,-0.00542299349241,0.00147601476015,0.0226937269373,9.17889669663e-05
2024-05-21,-0.00345522602937,0.000545256270447,0.00515843773029,-0.0113656864514,3.05935141749e-05
2024-05-22,0.00231147067322,0.00490463215259,0.00366568914956,0.000912408759124,6.11851564811e-05
2024-05-23,-0.0106658979533,0.0027114967462,0.00876552227904,-0.0226071103008,0.000203938043622
2024-05-24,-0.0119463869464,-0.0167658193618,-0.0166545981173,-0.00932661816825,0.000224286107515
2024-05-27,0.00884694780301,0.00880088008801,0.0117820324006,0.00451892299002,-8.15402961952e-05
2024-05-28,-0.00672318035662,0.00218102508179,0.00436681222707,-0.000749765698219,-3.0580104584e-05
2024-05-29,0.00029429075927,-0.00489662676823,-0.00434782608696,0.00600262614894,-7.13557594291e-05
2024-05-30,-0.00411885848779,-0.0125751776927,-0.0109170305677,-0.00857728883088,0.00016311051757
2024-05-31,-0.00413589364845,0.000553709856035,-0.00441501103753,0.00432574760203,2.03854896086e-05
2024-06-03,0.00148323939484,0.0154952960708,0.00443458980044,-0.00973782771536,0.000132502981317
2024-06-04,0.00740521327014,0.0016348773842,-0.00294334069169,0.0100226928896,-1.01911866617e-05
2024-06-05,-0.00382240517495,0.00489662676823,0.00811808118081,-0.00486800224677,8.1530324185e-05
2024-06-06,0,0.0140768814293,0.0197657393851,0.0150517403575,8.15236775331e-05
2024-06-07,-0.00678866587957,0.00480512546716,0.000717875089734,0.000185356811863,0.000152844434934
2024-06-11,-0.0074294205052,0.00371944739639,0.000717360114778,-0.0303928836175,0
2024-06-12,-0.00119760479042,0.00158814187401,0.00931899641577,0.0059250764526,2.03761436111e-05
2024-06-13,-0.003896882494,0.00898520084567,0.0198863636364,0.000570017100513,2.03757284323e-05
2024-06-14,0.0060186578393,-0.00314300680985,-0.000696378830083,0,5.09382831761e-05
2024-06-17,-0.00299132515704,-0.00525486074619,0.00418118466899,0.00170907709837,0.000122245652639
2024-06-18,0.003300330033,0.00475435816165,0.0131852879944,0.00113744075829,4.07435701555e-05
2024-06-19,-0.00299043062201,0.00105152471083,0.0013698630137,0.00378716152244,5.09273877305e-05
2024-06-20,-0.00689862027594,0.00892857142857,0.00683994528044,0.00830032069421,5.09247942637e-05
2024-06-21,-0.00181214134703,-0.00364393545029,-0.0149456521739,0.00542563143124,0.000101844402123
2024-06-24,-0.00514372163389,-0.00208986415883,-0.00413793103448,-0.0163751395608,7.12838216275e-05
2024-06-25,-0.00638686131387,-0.00157068062827,-0.0103878116343,0.00208096859629,0
2024-06-26,0.00642791551882,0.0136339800734,0.0188943317005,-0.00547479705494,3.05480316884e-05
2024-06-27,-0.00577858880779,0.00775995861355,-0.000686813186813,-0.00569476082005,9.16412956042e-05
2024-06-28,0.00214132762313,0.0118069815195,0.0137457044674,0.0106911034746,8.14514651082e-05
2024-07-01,0.0042735042735,-0.00202942668696,-0.00135593220339,0.000377786173026,0.000142528454788
2024-07-02,-0.00151975683891,0.00203355363498,0.000678886625933,0.00169939577039,0.000122149837134
2024-07-03,-0.00182648401826,0.0142059868087,0.0183175033921,0.00659754948162,-5.08895493221e-05
2024-07-04,-0.00457456541629,-0.0110055027514,0.00599600266489,0.00411985018727,9.16058505602e-05
2024-07-05,-0.00520833333333,0.00809307030855,0.012582781457,0.00205147333085,6.10649731314e-05
2024-07-08,-0.00739143825069,0.00301053687908,0.0150425114454,0.00167504187605,3.05306222141e-05
2024-07-09,0.0114799875892,-0.00150075037519,0.0103092783505,-0.0042735042735,-5.08828168727e-05
2024-07-10,-0.00245398773006,-0.00551102204409,-0.0127551020408,0.00597126329539,6.10624872786e-05
2024-07-11,0.0141451414514,0.0095717884131,0.00452196382429,0.00426636987572,1.0176459813e-05
2024-07-12,0.00303214069133,-0.0149700598802,-0.0405144694534,0.00535648319173,0.000122116275047
2024-07-15,0.00211608222491,0.0253292806484,0.0315013404826,-0.000367444424031,0.000101751137069
2024-07-16,0.00754147812971,0.00197628458498,-0.00194931773879,0.0112111744165,-1.01740784829e-05
2024-07-17,0.00149700598802,0.0123274161736,-0.00911458333333,0.01217739004,4.06967279831e-05
2024-07-18,0.00627802690583,-0.0126643935704,-0.0177398160315,-0.000538696354821,1.01737679568e-05
2024-07-19,0.0068330362448,-0.0236803157375,-0.0160535117057,-0.0258713618397,0.000172952295687
2024-07-22,-0.00855709648864,-0.011622031329,-0.00543847722638,-0.00073773515308,-4.06876207915e-05
2024-07-23,-0.0208333333333,0.0138036809816,0.00956937799043,-0.00572166851237,6.10339145117e-05
2024-07-24,-0.00668693009119,-0.00756429652042,-0.019634394042,0.0131798774828,3.05150948001e-05
2024-07-25,-0.00611995104039,-0.0289634146341,-0.0283149171271,-0.0243679003298,2.03427757717e-05
2024-07-26,0.00461822660099,0.00837257980115,0.00142146410803,0.00450704225352,0.000111882990734
2024-07-29,-0.00612932883849,0.0233523611832,0.0198722498226,0.00654327911759,5.08502156049e-05
2024-07-30,-0.00709219858156,-0.00507099391481,-0.0118302018093,0.00055720653789,4.06781039937e-05
2024-07-31,0.0239130434783,-0.00713557594292,0.00633802816901,0.00816781139781,-6.10146740291e-05
2024-08-01,-0.00758265089475,0.0123203285421,0.0237928621414,0.00810163874056,0.000152545992617
2024-08-02,-0.0110024449878,-0.0304259634888,-0.0457963089542,0.00420091324201,0.000162690907612
2024-08-05,-0.0120519159456,-0.0664225941423,-0.0780802292264,-0.0252819206984,0.000101665277241
2024-08-06,0,0.0106442577031,0.034965034965,-0.00671767120731,0
2024-08-07,-0.00218955270566,0.00388026607539,0.0015015015015,0.00413300770242,5.08274712316e-05
2024-08-08,0.0012539184953,-0.00662617338487,-0.0149925037481,-0.000561272217025,-5.08248879311e-05
2024-08-09,-0.00375704445836,0.0200111172874,0.027397260274,0.00954698614751,0.000162647907941
2024-08-12,-0.00125707102451,0.0136239782016,0.0111111111111,0.00686074541072,4.06553644752e-05
2024-08-13,0.00157331655129,0.0145161290323,0.0102564102564,0.0073664825046,2.03268558421e-05
2024-08-14,-0.00754005655042,0.0185479597244,0.0246555474982,-0.00310786106033,2.03264426692e-05
2024-08-15,0.0120291231402,0.0135275754422,0.00636942675159,-0.00293416467999,3.04890442702e-05
2024-08-16,0.000625586487332,0.0138603696099,0.0330520393812,0.0022070995034,0.000152440573583
2024-08-19,0.00281337918099,-0.0167088607595,-0.0183798502383,0.0104606349789,1.01611559331e-05
2024-08-20,-0.00498753117207,0.0123583934089,0.0180305131761,0.000181620050854,7.11273687952e-05
2024-08-21,-0.0046992481203,0.000508646998983,0.000681198910082,0.00453967677501,-2.0320660015e-05
2024-08-22,-0.0028328611898,0.00203355363498,0.00136147038802,-0.00253073029646,0.000132086974192
2024-08-23,0.00441919191919,-0.00355149670218,-0.00951733514616,-0.00308082638637,4.06367783161e-05
2024-08-26,0.000314267756128,0.0071283095723,0.00205902539465,0.00527176876931,2.03175635178e-05
2024-08-27,-0.00534087338988,0,-0.0123287671233,-0.000180831826401,4.06343014456e-05
2024-08-28,-0.00631711939356,0.00960566228514,0,-0.000723458129861,4.06326503664e-05
2024-08-29,-0.00317863954228,-0.0115172759139,-0.0242718446602,0.000542986425339,-3.04732495657e-05
2024-08-30,0.0143494897959,0.00202634245187,0.00710732054016,-0.00144717800289,8.12644752346e-05
2024-09-02,-0.0188619930839,0.0106167846309,0.00846859562456,-0.00634057971014,0.000304717019461
2024-09-03,0.00384492149952,-0.000500250125063,0.00139958012596,0.00200546946217,-7.10789788998e-05
2024-09-04,-0.00670284072774,-0.0395395395395,-0.0524109014675,-0.00727802037846,5.07743082001e-05
2024-09-05,0.00224935732648,0.00521104742053,0.00294985250737,0.00659824046921,7.10804224207e-05
2024-09-06,-0.00897723629368,-0.00518403317781,0.00882352941176,0.00382374362709,0.000121843492034
2024-09-09,-0.0132643157554,-0.00729546638874,-0.00583090379009,-0.00761835661165,-7.10667113371e-05
2024-09-10,0,-0.00524934383202,0.00293255131965,0.00694571376348,2.03062177637e-05
2024-09-11,-0.00229508196721,0.00211081794195,0.00657894736842,0.00508259212198,3.04587081446e-05
2024-09-12,-0.00361485376273,0.0168509741969,0.0319535221496,-0.00180603214737,-1.015259348e-05
2024-09-13,-0.00494722955145,0.00517866390471,0.00985221674877,0.0139316084675,0.000253817413905
2024-09-18,0.00331455087836,-0.00103039670273,-0.00766550522648,-0.000356887937188,-7.10508419526e-05
2024-09-19,0.00891972249752,0.0134089736978,0.0112359550562,-0.00124955373081,1.01508415049e-05
2024-09-20,0.00294695481336,0.00254452926209,0.00208333333333,0.0107238605898,0.000263919200122
2024-09-23,0.00293829578844,0.00203045685279,0.004158004158,0.00866489832007,1.01480601984e-05
2024-09-24,0.046875,-0.00709219858156,-0.00552104899931,-0.00192847124825,-0.000142071401027
2024-09-25,0.0146144278607,-0.00765306122449,-0.00763358778626,0.0079044440541,0.000202987983111
2024-09-26,0.0508734293595,0.00154241645244,0.0104895104895,0.00104566050889,-9.13260543086e-05
2024-09-27,0.0667833187518,-0.014887063655,-0.0214532871972,-0.00104456824513,0.000700230365642
2024-09-30,0.0995079278294,-0.00573215216258,-0.0035360678925,-0.00627396305333,-0.000212964465358
2024-10-08,0.0445052212829,-0.00786163522013,-0.00425833924769,0.00140301648544,6.08599511092e-05
2024-10-09,-0.0928350392764,0.0169043845747,0.0171062009979,-0.0136602451839,0.000182568742203
2024-10-10,0.0167934925216,0.0161038961039,0.0112123335669,0.005859375,0.000608451389804
2024-10-11,-0.0281290322581,0.00562372188139,0.001386001386,0.0116504854369,0.000952660862867
2024-10-14,0.0167286245353,0.0106761565836,0.000692041522491,0.0102948874542,0.000162000708753
2024-10-15,-0.0284669626534,0.0296780684105,0.0207468879668,0.000518134715026,-0.00110345106853
2024-10-16,-0.00672043010753,-0.0112359550562,-0.0115176151762,0.0146728810634,-0.000435787254743
2024-10-17,-0.0116373477673,0.0103754940711,0.00616860863605,0.0039128955427,5.06950288455e-05
2024-10-18,0.0418948521358,-0.00880195599022,-0.00613079019074,0.00525334689036,-0.0004967860981
2024-10-21,0,-0.00444005920079,0.00137080191912,0.0133175994606,0.000568037733935
2024-10-22,0.00630749014455,-0.00594648166501,-0.00136892539357,-0.000332723340542,7.09644062813e-05
2024-10-23,0.00391747192478,-0.00348953140578,0.00411240575737,0.00565817939757,2.02741059121e-05
2024-10-24,-0.0114464099896,-0.0040020010005,-0.0109215017065,-0.00976336256826,0.000162189559047
2024-10-25,0.00763157894737,0,0.00414078674948,0.000668449197861,-1.01352036161e-05
2024-10-28,0.00156698876991,0.0105474635861,0.0123711340206,0.00367401469606,6.08118380379e-05
2024-10-29,-0.00860495436767,-0.00347912524851,-0.0020366598778,0.00848585690516,1.01346900303e-05
2024-10-30,-0.0110468174645,0.0074812967581,0.00952380952381,0.0117142385745,6.08075239177e-05
2024-10-31,0,-0.0118811881188,-0.016846361186,-0.00570776255708,9.12057398812e-05
2024-11-01,0.00212765957447,-0.0125250501002,-0.0116518163125,-0.00902082991635,0.000162128750494
2024-11-04,0.0140658174098,-0.00405885337392,0.000693481276006,-0.00810989738497,3.03942129418e-05
2024-11-05,0.0274797173515,-0.00101884870097,-0.003465003465,0.00083430669114,-7.09176747108e-05
2024-11-06,-0.00662251655629,0.0346761856196,0.0354659248957,-0.00150050016672,0.000131713593856
2024-11-07,0.0351282051282,0.00788565795959,0.0154466084621,-0.0227082985473,-0.00012156576708
2024-11-08,-0.0133762695071,0.00880195599022,0.00859788359788,0.00837177515804,0.000233029381965
2024-11-11,0.00527240773286,0.012603005332,0.00590163934426,-0.000508302270417,3.03880554684e-05
2024-11-12,-0.0114885114885,0.0114887505984,0.0013037809648,-0.0162739447364,8.10323521665e-05
2024-11-13,0.00656897422941,-0.00851869380028,-0.005859375,-0.00137859727727,-1.01282233069e-05
2024-11-14,-0.0178212851406,0.0128878281623,0.00130975769483,-0.0198446937015,4.05133035559e-05
2024-11-15,-0.0176335292614,-0.0160226201697,-0.0124264224984,-0.000528169014084,4.05116622948e-05
2024-11-18,-0.00442247658689,0.00670498084291,-0.00728476821192,0.0135635018496,3.03825158749e-05
2024-11-19,0.00522602560753,0.00190294957184,0.00333555703803,0.0168578380257,2.02543952037e-05
2024-11-20,0.00259942812581,0.002849002849,0.0113031914894,0.000512732866177,0.000121523909829
2024-11-21,0.00129634430905,-0.00236742424242,-0.00723208415516,0.0124701059105,5.06288098181e-05
2024-11-22,-0.0310719834283,0.00996677740864,0.00728476821192,0.0126539564704,0.000202504986685
2024-11-25,-0.00587920897916,0.0230263157895,0.00986193293886,-0.0163278907031,-0.000101231993359
2024-11-26,-0.00215053763441,0.00183739090491,0,-0.0116869918699,5.06211211566e-05
2024-11-27,0.0172413793103,-0.000458505272811,0.00260416666667,0.00994001713796,-3.0371135273e-05
2024-11-28,-0.00768008474576,-0.000917431192661,-0.00584415584416,-0.00526047853385,0.000131612250063
2024-11-29,0.0114758473445,0.00183654729109,0.000653167864141,0.00955305356534,1.0122686966e-05
2024-12-02,0.00791556728232,0.00779101741522,0.00522193211488,-0.00878675228118,0.000121471013979
2024-12-03,0.00104712041885,0.00818553888131,0.0181818181818,0.0107398568019,5.06067752351e-05
2024-12-04,-0.00549163179916,0,0.00446428571429,-0.0013493000506,0.000121450114366
2024-12-05,-0.00184065211675,0.00721695985566,0.00888888888889,0,-2.0239227671e-05
2024-12-06,0.0131717597471,-0.00223914017017,-0.00314663310258,-0.00456004053369,1.01198186528e-05
2024-12-09,-0.000780031201248,-0.000448833034111,0.0164141414141,0.00644723447574,7.08380137022e-05
2024-12-10,0.00806661462399,-0.00898069151325,-0.00807453416149,0.00387727579231,-3.03569983e-05
2024-12-11,-0.00258131130614,0.00906207521522,-0.00250469630557,0.00856423173804,5.05965331254e-05
2024-12-12,0.0108695652174,0.00224517287831,0.015065913371,0.00599400599401,0.000101187946492
2024-12-13,-0.0248335893497,0.00537634408602,0.00742115027829,-0.00827540549487,0.000161884333644
2024-12-16,-0.00630086636913,0.0133689839572,0.012277470841,-0.00917890520694,4.04645328369e-05
2024-12-17,0.00290620871863,-0.00879507475814,0.00848999393572,-0.000168435236652,1.01157238812e-05
2024-12-18,0.00447839831401,-0.011091393079,0.00661455201443,-0.00151617250674,1.01156215544e-05
2024-12-19,0.00157356412274,-0.0323014804845,-0.026284348865,-0.00826725156065,1.01155192296e-05
2024-12-20,-0.00314218381775,-0.00602688919796,-0.020245398773,0.00221163661109,0.000101154169069
2024-12-23,0.00105069608616,0.0233208955224,0.0344395742016,0.0086572738075,2.02287875877e-05
2024-12-24,0.0123327210706,-0.00364630811304,-0.00242130750605,-0.00471221810838,0
2024-12-25,0.000777604976672,0.00503202195791,0.0115291262136,0.00236726411904,7.07993243723e-05
2024-12-26,0.000259000259,0.00136549840692,0.00419916016797,0.000843454790823,1.01134731689e-05
2024-12-27,-0.00155359917141,-0.00409090909091,-0.00716845878136,0.00117984156413,0.000161813934202
2024-12-30,0.00492738589212,-0.0118667275217,-0.0138387484958,-0.00387205387205,0.000111229081349
2024-12-31,-0.0165161290323,-0.0013856812933,-0.00610128126907,0.00050701368937,0.000323539522375
2025-01-02,-0.0296510102335,0.00971322849214,0.0085942295887,0.00827702702703,-0.000222361478906
2025-01-03,-0.0108166576528,-0.00595510765002,-0.00608642726719,0.00837661249791,8.08767034657e-05
2025-01-06,-0.00437397484964,0.0188940092166,0.0220453153705,-0.00581491942183,2.02175407382e-05
2025-01-07,0.00741350906096,-0.00814111261872,-0.00599161174356,0.00167112299465,8.08685279905e-05
2025-01-08,-0.00163532297629,-0.00136798905609,-0.0102471368294,0.00533867200534,0.000333555703802
2025-01-09,-0.002184002184,-0.00182648401826,-0.00365408038977,0.00431463657484,-0.000121252538725
2025-01-10,-0.0117647058824,-0.00594693504117,-0.00366748166259,0.00776602775942,9.09504320146e-05
2025-01-13,-0.00415282392027,-0.0156465715601,-0.0233128834356,0.00180357435645,-0.000161674952508
2025-01-14,0.0272449263275,0.010752688172,0.0119346733668,-0.00801963993453,-8.08505477624e-05
2025-01-15,-0.00622462787551,-0.00185013876041,-0.00620732464308,0.00593961392509,0.000192035577117
2025-01-16,0.000544662309368,0.016218721038,0.0224859462836,0.00295227160899,-9.09467557271e-05
2025-01-17,0.00353837778987,-0.000911992704059,-0.00427611484423,0.0022894521668,8.08489135926e-05
2025-01-20,0.00515324111744,0.00456412596988,0.00981595092025,-0.00114211127427,-6.06317831807e-05
2025-01-21,0.00134916351862,-0.000454338936847,0.000607533414338,-0.000326690623979,0.00013137682917
2025-01-22,-0.00970088924818,0.00818181818182,0.00607164541591,0.00866013071895,9.09412418533e-05
2025-01-23,0.00299319727891,-0.0058611361587,-0.0084490042245,0.000809978940548,-6.06219815305e-05
2025-01-24,0.00868149755833,0.00408163265306,0.000608642726719,0.00501780511492,2.02085522594e-05
2025-01-27,-0.00591715976331,-0.00813008130081,-0.0176399026764,-0.003060074086,0.000656764676164
2025-02-05,-0.00541125541126,-0.00182149362477,-0.00185758513932,0.0384491114701,0.000100974402989
2025-02-06,0.0122415669206,0.00273722627737,0.00930521091811,-0.00435594275047,-9.08677873693e-05
2025-02-07,0.0150497178178,-0.00272975432211,-0.00245851259988,0.0015625,4.03893533665e-05
2025-02-10,0.00105904156738,-0.00228102189781,-0.0104744300678,0.0146645865835,1.0096930533e-05
2025-02-11,-0.00423168473949,-0.00182898948331,0.000622665006227,0.010147601476,9.08714572754e-05
2025-02-12,0.0100929614874,-0.00366468163078,0.00124455507156,-0.00669710806697,-2.01918223119e-05
2025-02-13,-0.00262950302393,-0.00137931034483,0.00559353635799,0.00520992951272,7.06728051048e-05
2025-02-14,0.00790930661745,0.000460405156538,0.00679851668727,0.00487804878049,0.000191812629347
2025-02-17,0.001831022757,-0.00138057984353,0.00061387354205,-0.0165351941748,6.05607929427e-05
2025-02-18,-0.00757180156658,0.00691244239631,0.0079754601227,0.00956347370045,-0.000111021396851
2025-02-19,0.00552486187845,-0.00411899313501,-0.00426049908704,0.00626432391138,-1.00939749065e-05
2025-02-20,-0.00313971742543,-0.000919117647059,-0.00855745721271,0.00334041907076,0.000121128921549
2025-02-21,0.0141732283465,-0.00919963201472,-0.00678175092478,-0.00786924939467,-3.02785627776e-05
2025-02-24,-0.00336438923395,-0.0134633240483,-0.0130353817505,0.00274557657108,0.000131211078252
2025-02-25,-0.0106465853025,-0.0145882352941,-0.0157232704403,-0.000152114390021,5.04591785244e-05
2025-02-26,0.00866141732283,-0.00143266475645,-0.00255591054313,-0.0100410771337,-1.00913265049e-05
2025-02-27,0.00338277387458,-0.00334768053563,0.00640614990391,-0.00322729368373,9.08228550669e-05
2025-02-28,-0.0189315352697,-0.0249520153551,-0.0381922342457,-0.00832562442183,9.08146070251e-05
2025-03-03,-0.00343642611684,0.0187007874016,0.0205162144275,0.00171019900498,9.0806360481e-05
2025-03-04,-0.00106100795756,-0.0188405797101,-0.0175097276265,0.00667390966941,5.04433974637e-05
2025-03-05,0.00451407328731,-0.00344657804037,0.0118811881188,0.00755473327166,0.000100881706111
2025-03-06,0.0145387258789,0.000494071146245,0.000652315720809,-0.00153022188217,-9.07843770175e-05
2025-03-07,-0.00260552371027,-0.0118518518519,-0.0221642764016,-0.00168582375479,9.07926195688e-05
2025-03-10,-0.00417972831766,-0.000999500249875,-0.00266666666667,0.00260976358612,7.06100710135e-05
2025-03-11,0.00314795383001,-0.0250125062531,-0.0454545454545,-0.00551217271475,7.06050855834e-05
2025-03-12,-0.00261506276151,-0.00564391995895,0.00280112044818,0.00323325635104,3.02571860817e-05
2025-03-13,-0.00524383848977,-0.0030959752322,-0.00558659217877,0.00751995089012,0.000161366776598
2025-03-14,0.0266209804955,-0.00103519668737,0.00983146067416,0.0147753236862,-0.000121005556172
2025-03-17,-0.00308087291399,-0.000518134715026,0.00347705146036,0.000900630441309,2.01700333815e-05
2025-03-18,0.00231779551893,0.00984966303784,0.00831600831601,0.00764847030594,-8.06785062376e-05
2025-03-19,0.00154162384378,-0.00770020533881,-0.00824742268041,0.0101205536538,0.000151284404595
2025-03-20,-0.00846587993843,0.0248318675634,0.022176022176,0.00176808604685,0.000191597926709
2025-03-21,-0.0170763260026,-0.00403836446239,-0.00474576271186,-0.0055890572143,0.000322629429853
2025-03-24,0.00447486180574,0.0131779016726,0.0204359673025,0.00103534980033,8.0631343419e-05
2025-03-25,0.000524109014675,0.00900450225113,0.0100133511348,-0.00132978723404,0.000131015369111
2025-03-26,-0.00419067574646,-0.00297471492315,-0.00330469266358,0.00355082112739,-0.000151151776537
2025-03-27,0.00368227248816,-0.0139234211835,-0.0172413793103,0.00206398348813,-0.000131018009937
2025-03-28,-0.00497903563941,-0.0100857286939,-0.00472334682861,0.0191260850375,-2.01592581393e-05
2025-03-31,-0.00632077956281,-0.0285277636271,-0.0433898305085,0.00952793417064,7.05588259011e-05
2025-04-01,-0.000530082162735,0.0157315154693,0.0177179305457,0.00800800800801,0.000211661543113
2025-04-02,-0.00079554494829,0,0.0041782729805,-0.00297914597815,8.06159055182e-05
2025-04-03,-0.00530785562633,-0.0206504904491,-0.0201109570042,0.00768355150825,5.03808794485e-05
2025-04-07,-0.0704375667022,-0.100158144439,-0.0997876857749,-0.0309234679469,-9.06810144183e-05
2025-04-08,0.010045924225,0.0404217926186,0.0369496855346,0.00611977269416,8.06126561872e-05
2025-04-09,0.0102301790281,-0.0304054054054,-0.0144048521607,0.011151339609,5.03788489441e-05
2025-04-10,0.0177215189873,0.0952380952381,0.0992307692308,0.0217702663993,3.0225786626e-05
2025-04-11,0.00304035378662,-0.0238600212089,-0.0111966410077,0.0173815531259,7.05247037962e-05
2025-04-14,0.00220446403968,0.0168386746334,0.0134465675867,0.00799118214384,7.05197304129e-05
2025-04-15,0.000824855650261,-0.00373931623932,-0.0111731843575,-0.000546746856205,9.0661831369e-05
2025-04-16,0.00247252747253,-0.0123324396783,-0.0190677966102,0.0239332603939,5.03631180815e-05
2025-04-17,0.000822143052891,-0.00380021715527,0.000719942404608,0.00934953920128,-4.02884654124e-05
2025-04-18,0.00273822562979,-0.00326975476839,-0.00647482014388,0.00211724229191,7.05076551168e-05
2025-04-21,0.000546149645003,-0.0125751776927,-0.00868935553946,0.0187508253004,-3.02154360591e-05
2025-04-22,0.000818777292576,-0.00166112956811,0.00146092037984,0.0326636422553,5.03605817654e-05
2025-04-23,0.00109080992637,0.0288408208541,0.0320933625091,-0.059871971884,0
2025-04-24,0,-0.00485175202156,-0.0120141342756,0.0100133511348,7.0501263987e-05
2025-04-25,0,0.0265438786566,0.032904148784,-0.00608063450099,6.04253947794e-05
2025-04-28,-0.00163443203487,0.00316622691293,0.00277008310249,-0.00837877377311,-2.01405812573e-05
2025-04-29,-0.00190995907231,-0.00210415570752,-0.00138121546961,0.00630364806867,2.01409869085e-05
2025-04-30,-0.000820120284308,0.00158144438587,0,-0.00613088098094,0.000251757265715
2025-05-06,0.010123119015,0.00947368421053,0.0076071922545,0.0187743060212,0
2025-05-07,0.00650054171181,0.00208550573514,0.00343170899108,0.00789785441622,3.02032679935e-05
2025-05-08,0.0061894510226,0.00936524453694,0.015731874145,-0.0151495363719,5.03372596394e-05
2025-05-09,-0.00133725595079,0.00103092783505,0.000673400673401,-0.00318260177695,0.000120803342226
2025-05-12,0.0120514193894,0.0108135942327,0.0201884253028,-0.0206199281628,1.00657292117e-05
2025-05-13,0.00105848107965,0.00713194090678,0.00395778364116,-0.00611246943765,6.03937673631e-05
2025-05-14,0.0134813639968,0.0182094081942,0.0289093298292,-0.00724340576739,2.01300400586e-05
2025-05-15,-0.00886802295253,-0.00695479384004,-0.00446998722861,-0.0284966960352,0.000130842626515
2025-05-16,-0.00578947368421,0.00650325162581,0.00128287363695,0.0150205469746,4.02540027575e-05
2025-05-19,-0.00158814187401,-0.00298210735586,-0.00896860986547,0.00684070920006,8.05047648758e-05
2025-05-20,0.00530222693531,0.00947158524427,0.010989010989,-0.00221852468109,-3.01868566426e-05
2025-05-21,0.0042194092827,-0.00740740740741,-0.00959079283887,0.0316842690384,2.01251786109e-05
2025-05-22,-0.000525210084034,-0.010447761194,-0.00645577792124,0.00148168103448,8.04990943852e-05
2025-05-23,-0.00761954808198,-0.00150829562594,-0.00324886289799,0.000134498991258,8.04926148026e-05
2025-05-26,-0.00555996822875,0.00251762336354,0.00586701434159,-0.00242065626681,-1.00607670329e-05
2025-05-27,-0.0055910543131,0.00301356102461,0.00453661697991,-0.00916689134538,-1.00608682528e-05
2025-05-28,-0.00107095046854,0.00751126690035,0.0116129032258,0.00163265306122,5.0304847375e-05
2025-05-29,0.00643259179845,0.00994035785288,0.0133928571429,-0.0103232817169,2.01209267698e-05
2025-05-30,-0.00186418109188,-0.0137795275591,-0.020767778477,0.00947021685424,0.000231386002153
2025-06-03,-0.000533617929563,0.00299401197605,0.00385604113111,0.0149558123725,-4.02317347925e-05
2025-06-04,0.00453817405232,0.00945273631841,0.00832266325224,-0.000535833891494,2.01166767249e-05
2025-06-05,0.00265745415892,-0.0019714144899,-0.00253968253968,0.00120627261761,2.01162720526e-05
2025-06-06,0.000530082162735,-0.000493827160494,-0.00254614894971,-0.00053547523427,0.000120695204377
2025-06-09,0.00238410596026,0.0054347826087,0.00255264837269,-0.0107152424324,0
2025-06-10,-0.00607822410148,0.000491400491401,0,0.00148930408882,5.02835995011e-05
2025-06-11,0.00850837543207,0.0049115913556,0.00381922342457,0.00229822901176,0
2025-06-12,0.00052728710783,-0.00293255131965,-0.00380469245403,0.00971135689237,3.01686427127e-05
2025-06-13,-0.0068511198946,-0.00833333333333,-0.0108211330363,0.0114881111408,0.000140782752102
2025-06-16,0.00265322366676,0.00741473059812,0.00836550836551,-0.00316957210777,-1.0054495365e-05
2025-06-17,-0.000264620269913,0,0.00382897255903,-0.00808161102279,1.00545964588e-05
2025-06-18,0.000794070937004,-0.00147203140334,-0.00317863954228,0.00053425938293,0.000140762935108
2025-06-19,-0.00819888918276,-0.00491400491401,-0.00573979591837,-0.00533974102256,0.000130690043429
2025-06-20,0.00133333333333,0.000987654320988,0.00192431045542,-0.0038920950208,3.01552997939e-05
2025-06-23,0.0034620505992,-0.000986679822398,-0.00192061459667,0.00377256804096,-6.03087809585e-05
2025-06-24,0.0119426751592,0.0177777777778,0.023091725465,-0.0115436241611,0
2025-06-25,0.017046944663,0.00194080543426,0,0.00230852797393,-1.00520697212e-05
2025-06-26,-0.00386797318205,0.00290556900726,0.00501567398119,0.00162579596261,8.04173661304e-05
2025-06-27,-0.00595392182242,0.00965717044906,0.00998128509046,-0.0112268361964,0.000180924524319
2025-06-30,0.00494791666667,0.0052606408417,0.00617665225448,-0.000683994528044,0.000492427668405
2025-07-01,0.0015548069448,-0.00285442435775,-0.00429711479435,0.0108145106092,-0.000401783920607
2025-07-02,0.00103492884864,0.00667938931298,0.000616522811344,-0.000812567713976,-1.00486353953e-05
2025-07-03,0.00594468855001,0.00189573459716,0.00184842883549,0.00745459474112,8.03898909711e-05
2025-07-04,0.00436793422405,0.00520340586566,0.00615006150061,-0.00497780169514,0.000221054429629
2025-07-07,-0.00460475825019,-0.00188235294118,-0.000611246943765,-0.00730124391563,-7.0319955799e-05
2025-07-08,0.00873811359548,0,0.000611620795107,0.00585671479161,-0.000100464144347
2025-07-09,-0.000764331210191,-0.003771805752,-0.00366748166259,-0.0109681787407,1.00474238405e-05
2025-07-10,0.0050994390617,0.00378608613346,0.00552147239264,0.00739320920044,6.02839373449e-05
2025-07-11,0.00355149670218,0.001414427157,-0.00366076876144,0.00122315846697,5.02335861758e-05
2025-07-14,-0.000252780586451,-0.00800376647834,-0.00612369871402,0.00882313017511,6.02772754672e-05
2025-07-15,0,0.0113906027527,0.0154035736291,-0.001345532831,8.03648564482e-05
2025-07-16,-0.00227560050569,-0.00750821210699,-0.00606796116505,-0.00390730261385,6.02687988429e-05
2025-07-17,0.00836289913837,0.00756501182033,0.00732600732601,-0.000946841606925,3.01325833667e-05
2025-07-18,0.00753958280975,0.00563115908024,0.00727272727273,0.000406173842405,3.01316754217e-05
2025-07-21,0.00623596906959,-0.00139990667289,0,0.00581946136148,0
2025-07-22,0.0109072880516,-0.0018691588785,0.000601684717208,0.004036598493,-1.00435891771e-05
2025-07-23,-0.000490436488475,0.00374531835206,-0.00180396873121,0.0097829000268,6.02621403103e-05
2025-07-24,0.00637880274779,0.00419776119403,0.00180722891566,-0.0164565361646,7.03015938377e-05
2025-07-25,-0.00536323744515,0.00510915002322,0.00180396873121,-0.00215895290784,0.000120508546064
2025-07-28,0.00269607843137,0.00970425138632,0.0108043217287,-0.0025693035835,3.01235063762e-05
2025-07-29,0.00513321926179,-0.00045766590389,-0.000593824228028,-0.00338937093275,-5.02043316298e-05
2025-07-30,-0.000729571984436,-0.0018315018315,-0.0017825311943,0.00176846687526,6.02482226775e-05
2025-07-31,-0.0187393526405,0.0100917431193,0.0142857142857,-0.00366648560565,0.000251019137699
2025-08-01,-0.00545634920635,-0.0136239782016,-0.0193661971831,0.000272590977239,0.000240917897188
2025-08-04,0.00473815461347,-0.0110497237569,-0.0137642130461,0.0128082845074,-0.000200716558112
2025-08-05,0.00769421692728,0.018156424581,0.0188106796117,0.00174895735235,-0.000110416269336
2025-08-06,0.00270935960591,-0.00594421582076,-0.00536033353186,0.00107440236369,1.00389511304e-05
2025-08-07,-0.000245639891918,0,0.00838323353293,0.00254896699759,8.03108028069e-05
2025-08-08,-0.002457002457,0,0.0041567695962,0.00281011641911,4.01521767499e-05
2025-08-11,0.00467980295566,0.00827966881325,0.010053222945,-0.0101414464905,-6.0225846926e-05
2025-08-12,0.00637411130179,-0.00228102189781,-0.00292740046838,-0.00444863844702,0.000100382457162
2025-08-13,0.00852618757613,0.00777320530407,0.0105695830887,0.0023019634394,3.01117144605e-05
2025-08-14,-0.00169082125604,-0.000453720508167,-0.00232423009878,0.00121588759795,7.02585514694e-05
2025-08-15,0.00943624485846,0.00635497049478,0.00291205591147,-0.0033733639185,7.02536155521e-05
2025-08-18,0.00767018216683,-0.0063148398737,-0.00696864111498,0.00216626049282,0
2025-08-19,-0.00523311132255,-0.00272355878348,-0.00409356725146,-0.00324236692786,4.01421030449e-05
2025-08-20,0.0141080822573,-0.00546199362767,-0.0111567821491,-0.00284629981025,0.000120421475163
2025-08-21,0.00330110822919,-0.00091533180778,0.00356294536817,0.00299034932717,0.000280949609681
2025-08-22,0.0237367802585,-0.00595510765002,-0.00828402366864,-0.00189727605367,-0.000120373156786
2025-08-25,0.0197428833792,0.0138248847926,0.0131264916468,0.00665308893415,-6.01938241136e-05
2025-08-26,-0.0054029716344,-0.00409090909091,-0.00471142520612,0.00323711896412,3.00987238142e-05
2025-08-27,-0.0149388863739,0.00684618895482,0.00828402366864,-0.00013444474321,7.02282417859e-05
2025-08-28,0.0193014705882,-0.00543970988214,-0.00645539906103,0.00242033077854,0.000220701831825
2025-08-29,0.00946798917944,0.000455788514129,-0.000590667454223,0.00241448692153,0.000250742196903
2025-09-01,0.00334970969183,-0.00455580865604,-0.0112293144208,0.0212765957447,0.00018048912553
2025-09-02,-0.00578677943468,0.00091533180778,0.0017931858936,0.00288259958071,0.00022055801177
2025-09-03,-0.00917841952093,-0.00457247370828,0,0.0130650640188,-0.00033076406499
2025-09-04,-0.0210122006326,0.00551217271475,0.0035799522673,-0.00245034820738,-0.000190502927729
2025-09-05,0.0226171243942,0.00685244403837,0.0112960760999,0.00323206205559,-0.000180510845693
2025-09-08,0.000225682690138,-0.0040834845735,-0.00293944738389,0.00940721649485,8.02415269963e-05
2025-09-09,-0.00609205776173,0.00136674259681,0.00294811320755,0.0155751308566,3.00881583037e-05
2025-09-10,0.00227014755959,0.00409463148317,0.00587889476778,-0.00289126335638,4.01163373784e-05
2025-09-11,0.0276330690827,0.00135931128228,-0.00175336060783,-0.00302571860817,3.00860460918e-05
2025-09-12,-0.00859598853868,0.00542986425339,0.00351288056206,0.0039200809307,9.02554228466e-05
2025-09-15,0.00177856825256,0.0031503150315,0.00758459743291,-0.00289709031364,4.01099011291e-05
2025-09-16,-0.00199733688415,0.00403768506057,0.00521134916039,0.0122536634664,-8.0216584779e-05
2025-09-17,0.00733822548366,-0.0035746201966,-0.00403225806452,-0.00773742668164,0.000100278774995
2025-09-18,-0.0130242825607,0.00493273542601,0.00867553499132,-0.0125770343353,0.000250671800425
2025-09-19,0.00223663609931,0.00490852298081,0.00401376146789,0.00407591389632,4.00974367714e-05
2025-09-22,0.00334746708324,0.00754884547069,0.011422044546,0.0191551439807,-4.00958290313e-05
2025-09-23,0.000667259786477,0.00837373292199,0.0163749294184,0.0117002738362,0.000130316669507
2025-09-24,0.0091131362525,-0.0034965034965,-0.00833333333333,0.00504429133858,-0.000180414954395
2025-09-25,0.00704845814978,-0.00438596491228,-0.00336134453782,-0.00563104419146,3.00745849706e-05
2025-09-26,-0.00962379702537,-0.00220264317181,0.000562113546936,0.0022159300751,0.000150368402586
2025-09-29,0.0170053003534,0.00706401766004,0.0112359550562,0.0124063382877,3.00691590658e-05
2025-09-30,0.0028230184582,0.00131521262604,0.00722222222222,0.01261829653,0.000521183085604
2025-10-09,0.0162407968818,0.0166374781086,0.0209597352454,0.0432542535346,-0.000320560981718
2025-10-10,-0.0206690816109,0.00301464254953,0.00486223662885,-0.0140117147123,0.000240497830509
2025-10-13,-0.00587467362924,-0.0150279089738,-0.0166666666667,0.0298194525335,-3.00550006512e-05
2025-10-14,-0.0102867148172,-0.0135135135135,-0.0103881902679,0.0107453907929,0.000110204981265
2025-10-15,0.0134896063689,0.0114891736633,0.00828729281768,0.0256266786034,-6.01051840722e-05
2025-10-16,0.00327296530657,-0.00174748798602,0.00712328767123,0.00643753409711,0.000170308257947
2025-10-17,-0.0210961287516,-0.00962800875274,-0.0168661588683,0.0362098872507,0.000220361392684
2025-10-20,0.00355476560764,0.025629695095,0.0287769784173,-0.0321196903118,0.000200284403853
2025-10-21,0.0154970112907,0.0021542438604,0.00753093060785,0.0234569235758,-0.000330403091772
2025-10-22,-0.00327011118378,0.00945829750645,0.00533902829685,-0.0407689057879,7.0108668436e-05
2025-10-23,0.00393700787402,0.00170357751278,0,-0.0116714380092,-5.00741096824e-05
2025-10-24,0.0124183006536,0.00340136054422,0.0100902814657,-0.0051247771836,9.01379110039e-05
2025-10-27,0.012050785453,0.0233050847458,0.0283911671924,-0.0040313549832,-4.00576830635e-05
2025-10-28,-0.00510312566447,0.00248447204969,0.00255623721881,-0.0356420058466,2.00296438728e-05
2025-10-29,0.0128232528318,0.0194134655101,0.0198878123406,0.0115424973767,3.00438640415e-05
2025-10-30,-0.00822958430049,0.00202593192869,-0.0075,-0.000576302443522,0.00029041529387
2025-10-31,-0.0142553191489,-0.00768297614234,-0.00151133501259,0.011417368239,-0.000150171195162
2025-11-03,0.00151090006475,0.0101874490628,-0.00302724520686,0.00102622576967,2.00258333252e-05
2025-11-04,-0.0073275862069,-0.0258168616378,-0.0182186234818,-0.00706230777993,0.000150190742243
2025-11-05,0.00130264871906,-0.0111801242236,-0.0144329896907,-0.0033268326259,5.00560627903e-05
2025-11-06,0.0151777970512,0.000418760469012,0.0193514644351,0.00540976058932,8.008569169e-05
2025-11-07,-0.00213583938488,-0.00209292591042,-0.0128270908158,0.00423583285633,2.00198196216e-05
2025-11-10,0.00256849315069,0.0167785234899,0.0140332640333,0.0166438668491,-6.00582565088e-05
2025-11-11,-0.00939368061486,0.00247524752475,0.0041004613019,0.0135680645885,6.00618637197e-05
2025-11-12,0.000431034482759,0.0135802469136,0.00765696784073,-0.00354021462551,1.0009709418e-05
2025-11-13,0.0101249461439,0.0101502233049,0.000506585612969,0.0160985899856,7.00672645741e-05
2025-11-14,-0.0151418212839,-0.016077170418,-0.0263291139241,-0.0079763986014,9.00801713526e-05
2025-11-17,-0.00671286271113,0.00245098039216,-0.00728029121165,-0.023681022139,-1.00080064052e-05
2025-11-18,-0.0058862001308,-0.0224123879381,-0.03404924044,-0.0116200361011,6.0048639398e-05
2025-11-19,0.0030701754386,-0.0166736140058,-0.00433839479393,0.0202031731537,5.00375281463e-05
2025-11-20,-0.0045911674683,0.022891055532,0.0386710239651,-0.00604162004923,0.000200140098069
2025-11-21,-0.0245991653855,-0.0240364691256,-0.0309386470897,-0.0078793336335,0
2025-11-24,-0.00157622157172,0.0148619957537,0.004329004329,0.00351713183572,-7.00350175088e-05
2025-11-25,0.00902119981958,0.00585774058577,0.0220905172414,0.0166195590729,6.00342195052e-05
2025-11-26,0.00648189539562,0.0178868552413,0.0158144438587,-0.000111209964413,3.0015307807e-05
2025-11-27,-0.000888296691095,-0.0057212913772,-0.00103788271925,0.000222444666889,-1.00048023052e-05
2025-11-28,0.00288953100689,0.0123304562269,0.00935064935065,0.00656065828978,8.00392192175e-05
2025-12-01,0.011524822695,-0.00121802679659,-0.0036026762738,0.0101634997791,3.00123050452e-05
2025-12-02,-0.00460122699387,0,0.00206611570248,-0.00492125984252,0.000180068426002
2025-12-03,-0.00462249614792,0.00365853658537,0.0128865979381,-0.00241784811518,0.000110022004401
2025-12-04,0.00265369305617,-0.0032401782098,0,-0.00352539385259,-0.000140012601134
2025-12-05,0.00904278782532,-0.00406338886631,-0.00101781170483,0.008181315644,2.00046010581e-05
2025-12-08,0.00743169398907,-0.00285597715218,-0.00560366785532,-0.00274152867639,-1.00021004411e-05
2025-12-09,-0.0052072032979,-0.00981996726678,-0.0122950819672,-0.00725753243897,4.00088019366e-05
2025-12-10,-0.00130861504907,0.00950413223141,0.00829875518672,0.00498449268941,5.00090016202e-05
2025-12-11,-0.00742520200917,-0.00450266066312,-0.0133744855967,0.00187369117161,0.000110014301859
2025-12-12,0.00572057205721,0.00863486842105,0.00156412930136,0.0128712871287,-7.0001400028e-05
2025-12-15,-0.00590680376285,-0.00244598450876,-0.00989068193649,0.0133594004562,5.0004500405e-05
2025-12-16,-0.0103433098592,-0.0110339190846,-0.015247108307,-0.0117899249732,0.000130005200208
2025-12-17,0.0175672670669,0.00619834710744,0.0138814735718,0.00759219088937,-6.9993700567e-05
2025-12-18,-0.00677447552448,-0.00369609856263,-0.0110584518167,0.000753498385361,8.9998200036e-05
2025-12-19,0.004400440044,0.0103050288541,0.0202342917998,-0.000215123158008,3.9995600484e-05
2025-12-22,0.0092004381161,0.00203998368013,0.0151356993737,0.0201183431953,0
2025-12-23,0.00217060994139,-0.00366449511401,-0.00514138817481,0.0143429656191,5.99910013499e-05
2025-12-24,0.00368204461772,0.0032693093584,-0.00103359173127,0.000415886878769,9.99790044087e-06
2025-12-25,0.00194216659473,0.00122199592668,-0.00155199172271,-0.00737892330077,9.99780048372e-06
2025-12-26,0.00387680379065,0.00122050447518,-0.000518134715026,0.00816668411685,8.997930476e-05
2025-12-29,-0.00450547092899,-0.00568874441284,-0.00673924313116,-0.00955447086925,7.99744081894e-05
2025-12-30,0.00215517241379,-0.0032693093584,-0.00104384133612,-0.0201321170179,-2.9988004798e-05
2025-12-31,-0.00430107526882,-0.00287002870029,-0.00522466039707,-0.00759764579989,0.000379859452003
2026-01-05,0.0196544276458,0.0148026315789,0.0136554621849,0.0218891524693,-0.000199850112416
2026-01-06,0.015886464732,-0.000405186385737,-0.00259067357513,0.00886356441912,-6.99615211635e-05
2026-01-07,-0.00375312760634,-0.000810701256587,-0.00311688311688,-0.00627549419517,0.000159923236846
2026-01-08,-0.00795311845961,-0.00283975659229,-0.0104220948411,-0.000842016629828,3.99744163735e-05
2026-01-09,0.00464135021097,0.000813669650122,0.00210637177462,0.00800589908354,5.99592277251e-05
2026-01-12,0.00587988240235,-0.000813008130081,-0.00525486074619,0.0197512801756,-1.99852109438e-05
2026-01-13,-0.0035490605428,0.000813669650122,0.0116217643951,0.00112728018037,0.000119913662163
2026-01-14,-0.00628535512256,-0.00325203252033,-0.00313315926893,0.013409765585,3.99664282003e-05
2026-01-15,0.00189753320683,-0.00285481239804,-0.00419067574646,-0.00545454545455,0.000189832947007
2026-01-16,-0.003367003367,0.0040899795501,0.00157811678064,-0.00121876904327,0.000209775540172
2026-01-19,0.000422297297297,-0.00570264765784,-0.00892857142857,0.0152532031727,-5.99232981784e-05
2026-01-20,-0.00295483326298,-0.00368701351905,-0.00582935877054,0.00771233974359,-2.99634445976e-05
2026-01-21,0.00127011007621,-0.00205592105263,-0.000533049040512,0.029619322135,-0.00011985736973
2026-01-22,-0.000634249471459,0.0131850020602,0.0138666666667,-0.00386137658075,6.99251800573e-05
2026-01-23,-0.00486566532685,-0.0101667344449,-0.00526038926881,0.0267467777885,5.99316778873e-05
2026-01-26,0.00170068027211,-0.00903861955629,-0.00475938656795,0.0273714016045,6.99161006792e-05
2026-01-27,-0.000424448217317,0.00497512437811,0.00637619553666,0.00165365181442,4.99365805429e-05
2026-01-28,0.0031847133758,0.00371287128713,0.00580781414995,0.0320095386591,-1.99736348021e-05
2026-01-29,0.00910052910053,-0.0032881216605,-0.00734908136483,0.0565232847494,-9.98701687793e-06
2026-01-30,-0.0119546979866,0.00577319587629,-0.00528820729773,-0.074865410498,7.98969329565e-05
2026-02-02,-0.0235618764594,-0.0307503075031,-0.0255183413078,-0.100018185125,0.00020971269361
2026-02-03,0.0139130434783,0.00465313028765,0.0212765957447,0.0492018589614,-0.00012979492402
2026-02-04,0.00921955403087,0,-0.0101495726496,0.0442946557535,7.98841679566e-05
2026-02-05,-0.00594858721054,-0.00294736842105,-0.00701565029682,-0.032918395574,0.000159755573972
2026-02-06,-0.0064116264159,-0.0177364864865,-0.0146739130435,-0.0161136536995,9.98312851297e-06
2026-02-09,0.0167778016778,0.024505588994,0.0187534473249,0.0374067254579,-9.98302885096e-05
2026-02-10,0.00126930399831,0.00461603021402,-0.00162425554954,-0.0049509574965,5.99041533547e-05
2026-02-11,-0.00211282484682,0.000417710944027,-0.00162689804772,0.00704093128051,9.98342751033e-05
2026-02-12,0.000846919330934,-0.00250521920668,-0.00271591526344,-0.0025170131444,0.000109806740137
2026-02-13,-0.0118468373175,-0.00293009627459,-0.00326797385621,-0.0169158878505,0.000329384051823
2026-02-24,0.00963391136802,0.00125944584383,-0.00382513661202,0.0386918908642,-0.000129714627819
2026-02-25,0.00720949957591,-0.00125786163522,0.00109709270433,0.000183049606443,0
2026-02-26,-0.00315789473684,0.000839630562552,0.00383561643836,-0.00347730600293,9.97934276059e-06
2026-02-27,-0.00211193241816,0.00125838926175,-0.007096069869,0.00183654729109,5.98754590453e-05
2026-03-02,0.00296296296296,-0.0121491411814,-0.00934579439252,0.0429880843263,0.000129722394077
2026-03-03,-0.0128719139059,0.00381679389313,-0.00887902330744,-0.0143246330961,0.000179592325421
2026-03-04,-0.0145361265498,-0.0122517955218,-0.013437849944,-0.0238944365193,0.000179560077809
2026-03-05,0.00954446854664,0.0098374679213,0.0215664018161,-0.00164413591524,-0.000119685227851
2026-03-06,0.00279329608939,-0.00465904277848,0.000555555555555,-0.00722781335773,-7.97997027462e-05
2026-03-09,-0.00814227555175,-0.023829787234,-0.0249861188229,-0.000645101833933,1.99515178119e-05
2026-03-10,0.0116655865198,0.00741063644289,0.0182232346241,0.00829952047215,9.97555987814e-06
2026-03-11,0.00597907324365,0.000865426222415,0.00223713646532,0.00118895189318,6.98282225726e-05
2026-03-12,-0.00360857567395,0.0021616947687,-0.00446428571429,-0.00255777838677,2.99242915425e-05
2026-03-13,-0.00362164465275,-0.0138050043141,-0.00952914798206,-0.0130048539244,9.97446536866e-05
2026-03-16,0.000641436818474,-0.00306211723535,0.00396151669496,-0.0131762085924,-9.9734705683e-06
2026-03-17,-0.00726495726496,0.00175515577007,-0.00338218714769,-0.00216267042783,0.000219418540867
2026-03-18,0.00344382264313,0.000438020148927,0.0118778280543,-0.0025442894836,-0.000109685203466
2026-03-19,-0.0135135135135,-0.010945709282,-0.0139742873113,-0.0472366556448,0.000119669711596
2026-03-20,-0.00500108719287,-0.0066401062417,-0.00850340136054,-0.0213187902826,-2.99138481175e-05
2026-03-23,-0.0319055944056,-0.0423351158645,-0.0394511149228,-0.0957446808511,-5.98294859651e-05
2026-03-24,0.0110609480813,0.0190786412285,0.0220238095238,0.0385434173669,3.98887104978e-05
2026-03-25,0.0145121678946,0.010502283105,0.00990099009901,0.0371129571691,1.99435597259e-05
2026-03-26,-0.012323943662,0.00271125169453,-0.0103806228374,-0.019348798502,0.000129630552924
2026-03-27,0.00445632798574,-0.00450653447499,-0.004662004662,0.00519783600297,-1.99405770802e-05
2026-03-30,-0.00177462289264,-0.0172023540063,-0.0146370023419,0.0170958210215,0
2026-03-31,-0.00822222222222,-0.00322432058959,-0.00534759358289,0.00425399460469,0.000159527797719
2026-04-01,0.0159085816715,0.0341959334566,0.0465949820789,0.0316148362434,0
2026-04-02,-0.00992501102779,-0.0142984807864,-0.0176940639269,-0.0273410115173,0.000149533455619
2026-04-03,-0.00779683671196,0,0.00581057524695,0.00906095551895,0.000398696263219
2026-04-07,-0.00179613830265,0.000453309156845,0.000577700751011,0.0015306122449,-0.000149451512948
2026-04-08,0.0350877192982,0.0376076121432,0.0583140877598,0.0276107997962,-0.000269052933674
2026-04-09,-0.00651890482399,-0.00655021834061,-0.0152755046372,-0.0198294665873,0.000119611263394
2026-04-10,0.0153105861767,0.00835164835165,0.00221606648199,0.00606918875177,6.97648923129e-05
2026-04-13,0.0021542438604,-0.00566695727986,-0.00608070757324,-0.00462497486427,5.9794307582e-05
2026-04-14,0.0128976784179,0.0140289346778,0.0150166852058,0.00838383838384,6.97558545093e-05
2026-04-15,-0.00382003395586,0.0103761348898,0.0213698630137,0.00591004708004,9.96442699575e-06
2026-04-16,0.011077971879,0.0119811724433,0.0230686695279,0.00298745269867,-6.97502939477e-05
2026-04-17,-0.00147492625369,-0.00169133192389,-0.00786575773466,-0.00645353455123,0.000119580273241
2026-04-20,0.00548638953366,-0.000423549343499,-0.00105708245243,0.000199860097932,9.96383129248e-06
2026-04-21,0.00230849947534,0.00423728813559,0.0010582010582,-0.00249775202318,2.98911960463e-05
2026-04-22,0.00732830820771,0.00126582278481,0.00211416490486,-0.000300480769231,1.99268683929e-05
2026-04-23,-0.00207856994388,-0.00168563000421,0.00474683544304,-0.0103196072538,1.99264713208e-05
2026-04-24,-0.00395750885232,-0.00126635711271,0.0010498687664,-0.00769386515489,0.000109593408455
2026-04-27,0,0.00760777683855,0.0199265862611,0.00754947969802,-9.96194536873e-06
2026-04-28,-0.00250941028858,0.00964765100671,0.00925449871465,-0.0168084244633,9.96204461003e-05
2026-04-29,0.0106918238994,0.00166181969256,-0.000509424350484,-0.0101956745623,0.000129493679712
2026-04-30,0.000622277535781,0.00331812525923,-0.00152905198777,0.00312142336906,2.98792876778e-05
2026-05-06,0.0132669983416,0.0144687887557,0.0260336906585,0.0132766310549,-1.9918929955e-05
2026-05-07,0.00490998363339,0.0114099429503,0.0218905472637,0.0118742962432,4.97983168168e-05
2026-05-08,-0.00529315960912,0.000402900886382,0.00535540408958,-0.00252908447142,0.000119510008963
2026-05-11,0.0163733115023,0.00362464760371,0.0208232445521,-0.0113590263692,4.97898866783e-05
2026-05-12,-0.000604107933951,-0.00601926163724,-0.0128083491461,0.00348789495281,3.9829926215e-05
2026-05-13,0.010880515817,0.00444085587404,0.00576645843345,-0.000102228583112,0
2026-05-14,-0.0151484951166,0.00040192926045,0.00573339703774,-0.00102239034864,5.97425097828e-05
2026-05-15,-0.0127504553734,-0.00361591000402,-0.00237529691211,-0.0244601371405,0.000179216822486
2026-05-18,-0.00533005330053,-0.0161290322581,-0.0161904761905,-0.00409148132606,-4.97735304364e-05
2026-05-19,0.00350370981039,0,-0.00919651500484,-0.00042136310966,8.95968143355e-05
2026-05-20,0.000410761963442,-0.00327868852459,0.00537371763556,-0.0151754663294,0.000159268955494
2026-05-21,-0.0129336891809,0.00822368421053,0.0218658892128,0.00898876404494,5.97163473501e-05
2026-05-22,0.011231281198,0.0134584013051,0.020446980504,0.000424223141372,0
2026-05-25,0.0154257507199,0.0245472837022,0.0396085740913,0.00583059472066,-7.96170420277e-05
2026-05-26,0.00708932550132,-0.00667714061273,-0.020618556701,-0.00569139966273,1.99058453514e-05
2026-05-27,-0.00804505229284,0.00474495848161,0.0173913043478,-0.0115539537842,-1.99054491167e-05
2026-05-28,0,-0.00669027941755,-0.00404858299595,-0.0230563002681,-1.99058453514e-05
2026-05-29,-0.00182481751825,0.0130744849445,0.0266485998193,0.0296377607025,0.000139343691214
2026-06-01,-0.0111720495633,0.0265936644505,0.0404751429828,-0.00597014925373,-1.99034681793e-05
2026-06-02,0.0139687756779,-0.00533333333333,-0.0093023255814,0.00707850707851,4.97596608382e-05
2026-06-03,0.00587520259319,-0.00344695518958,-0.018779342723,-0.0142705005325,0.000129368680837
2026-06-04,-0.00785498489426,-0.0138355111453,-0.0256633318834,0.00140449438202,0.000109451647247
2026-06-05,-0.0168493706862,0.000779423226812,-0.015625,-0.00463911964613,0.000109439668895
2026-06-08,-0.0214742927937,-0.0206386292835,-0.0412698412698,-0.0320832430089,-6.96358047411e-05
2026-06-09,0.0183583034395,0.0147117296223,0.0406811731315,0.00627099664054,-1.98973297785e-05
2026-06-10,-0.00870285951098,-0.0144984326019,-0.0259090909091,-0.0301580235923,2.98465885349e-05
2026-06-11,-0.00689799331104,-0.00675944333996,-0.00606626224918,-0.0261617900172,5.96913954853e-05
2026-06-12,0.0141022942538,0.00680544435548,0.0150234741784,0.0170849534582,-5.96878326353e-05
2026-06-15,0.0209630552096,0.0234592445328,0.0444033302498,0.0312789620019,1.98971318286e-05
2026-06-16,-0.00182964017077,0.004662004662,0.00974313551816,0.00258368905864,2.98451039107e-05
2026-06-17,0.00977596741344,-0.0030935808198,-0.000438596491228,0.00100840336134,1.9896142138e-05
2026-06-18,0.00524405002017,-0.00543056633049,-0.00570425625274,-0.00559659726886,8.95308583024e-05
2026-06-22,0.0214686998395,0.000390015600624,-0.00706090026478,-0.0200360198109,7.95758606627e-05
2026-06-23,-0.0292673345119,-0.0233918128655,-0.0337777777778,-0.0207902595911,0.00012930048438
2026-06-24,0.00505868069607,0.00718562874252,0.00597976080957,-0.00258064516129,-9.94490522506e-05
2026-06-25,0.0163076303604,-0.00198176773682,0.00960219478738,-0.0276373044808,9.94589433478e-06
2026-06-26,-0.0279318541997,-0.0142970611597,-0.0226449275362,0.011611030479,0.000169078522055
2026-06-29,0.0105971061749,-0.00161160354553,0.00926784059314,0.00705404112865,-6.9608798552e-05
2026-06-30,0.0120992135511,0.00201775625504,0.0119375573921,-0.00854802326962,3.97792252995e-05
2026-07-01,-0.00418410041841,0.00322190898107,0.00226860254083,-0.011495629266,0.000109388518183
2026-07-02,-0.0296118447379,-0.00321156162184,-0.0230873698506,0.0241066020594,0.000169036491996
2026-07-03,0.00536082474227,0.00805477245268,0.00417052826691,0.0230660042583,0.000288307634187
2026-07-06,0.000205086136177,0.00319616460248,0.00184586986617,-0.00439357151116,-0.000109326548461
2026-07-07,-0.0104572483084,0.00677021107129,-0.000921234454168,-0.0041806991058,0.000149097957358
2026-07-08,-0.00580190634065,-0.00988924050633,-0.0129091747349,-0.000349854227405,4.96919101569e-05
2026-07-09,0.0245935806586,0.00479424690372,0.0116767865483,-0.00571628558096,-0.000119254658385
2026-07-10,-0.0176973148902,0.00477137176938,0.00369344413666,-0.000234659157573,0.000168964249153
2026-07-13,-0.0176019879892,-0.0019786307875,-0.00275988960442,-0.0140828541251,-5.96243664911e-05
2026-07-14,0.0196037099494,0.0071371927042,0.000922509225092,-0.00583263897155,-0.000129193830498
2026-07-15,0.000206739714699,0.00944881889764,0.00829493087558,-0.000478927203065,9.93927105375e-06
2026-07-16,-0.017569243489,0.00507020280811,-0.00959780621572,-0.000718735026354,9.93917226588e-06
2026-07-17,-0.0345045234589,-0.0287155607295,-0.0276880479926,-0.00623351714217,0.000258415910469
2026-07-20,0.0132926563521,-0.00199760287655,-0.00522069292833,0.00144752714113,-0.000109301563012
2026-07-21,0.0294623655914,0.0112089671737,0.0162213740458,0.0174656709227,0
2026-07-22,-0.00459578023814,-0.00118764845606,0,0.0106546702971,0.000139126286918
2026-07-23,0.00461699895068,0.000396353547364,0.000469483568075,0,9.93620953493e-06
2026-07-24,-0.0179653227491,-0.00713153724247,-0.0126701079305,-0.0201475928312,0.000109297218883
2026-07-27,0.0110614762816,0.00558659217877,0.00665399239544,0.0139868499701,-0.000188765473801
2026-07-28,-0.0265095729013,-0.0142857142857,-0.0236071765817,-0.0119075689696,0.000188801112933
2026-07-29,0.00648368273179,0.0108695652174,0.00290135396518,-0.000835222527145,3.97400997476e-05
2026-07-30,-0.0111659866867,-0.0127439267224,-0.0159112825458,-0.0035825173155,0.000228496493075
2026-07-31,0.0104234527687,0.0121016538927,0.0347868691818,0.0080297219559,0.00011918832749
2026-08-03,-0.0116054158607,0.00956556396971,0.00710227272727,-0.00190227083581,-5.95870616626e-05
2026-08-04,0.0113068058274,0.0193446506119,0.0305594734368,-0.00107206670637,-0.000139044762482
2026-08-05,0.0135454740916,0.0336948102246,0.0342153284672,0.0276651562127,-3.97325996047e-05
2026-08-06,-0.00106067034366,0.00786811539903,-0.0101455668284,0.0178695753075,2.98006337602e-05
2026-08-07,0.00891909110215,0.00185873605948,0.00980392156863,0.0107159142727,7.9465988557e-05
2026-08-10,0.00168385603031,0.000371057513915,-0.00220653133274,0.0129709000677,6.95272149382e-05
2026-08-11,-0.00651397352385,0.00741839762611,-0.0203449800973,0.00133615410311,0.000168840068728
2026-08-12,0.00423011844332,-0.00662739322533,0.00496613995485,0.00978538863561,-1.98601843024e-05
2026-08-13,-0.00400168491997,0.00481838398814,0,-0.00671732188085,-1.98605787373e-05
2026-08-14,-0.000634383590611,0.0247141276282,0.0170709793351,-0.0109756097561,8.93743793446e-05
2026-08-17,0.0158696572154,-0.0107991360691,0.00441696113074,0.0143481672458,-3.97183965684e-05
2026-08-18,-0.00291605915434,-0.0218340611354,-0.0153913808267,0.000884075588463,1.98599870909e-05
2026-08-19,-0.0277835805306,-0.0171130952381,-0.0174184903975,-0.0117036546318,3.97191853596e-05
2026-08-20,-0.000214868929953,0.0124905374716,0.00545454545455,0.028823595129,0.000158870431234
2026-08-21,0.00580270793037,-0.0011214953271,-0.00768535262206,0.0161798240851,3.97112988573e-05
2026-08-24,-0.0113247863248,0,-0.0132118451025,0.0196623210088,0.000138984026764
2026-08-25,-0.00237735033499,0.00860778443114,0.0133887349954,-0.00303919513729,0.000129038661968
2026-08-26,0.00779896013865,0.00482374768089,0.00364464692483,-0.00231262482918,-4.96238512078e-05
2026-08-27,0.00838349097162,0,0.0118020880617,-0.00727004530608,-0.00014887894157
2026-08-28,-0.0025580899595,0.00516986706056,0.00269179004038,0.00307790278073,7.94139252318e-05
2026-08-31,0.00128232528318,-0.00367376928729,-0.00536912751678,-0.0359750290974,4.96297619759e-05
2026-09-01,-0.000213447171825,0.00147492625369,0.00449842555106,-0.00142684666886,8.93291381723e-05
2026-09-02,-0.0136635354398,-0.0265095729013,-0.0170174652933,-0.0237414816443,6.94720127035e-05
2026-09-03,0.00021645021645,0.00605143721634,0.000455580865604,0.0234181490655,0
2026-09-04,-0.00108201687946,0.0142857142857,0.011839708561,0.00550055005501,0.000138934373356
