date,open,close,high,low,volume,amount,amplitude,pct,change,turnover
2016-12-01,0.833,0.842,0.843,0.828,9439,1579347.0,1.80,1.08,0.009,0.01
2016-12-02,0.839,0.84,0.841,0.833,6739,1127544.0,0.95,-0.24,-0.002,0.01
2016-12-05,0.84,0.868,0.87,0.838,17034,2926444.0,3.81,3.33,0.028,0.02
2016-12-06,0.877,0.89,0.923,0.877,23322,4158404.0,5.30,2.53,0.022,0.02
2016-12-07,0.892,0.915,0.92,0.892,28459,5197374.0,3.15,2.81,0.025,0.03
2016-12-08,0.94,0.9,0.963,0.899,54156,10166673.0,6.99,-1.64,-0.015,0.05
2016-12-09,0.895,0.88,0.905,0.867,33243,5878440.0,4.22,-2.22,-0.020,0.03
2016-12-12,0.881,0.899,0.909,0.881,26090,4688977.0,3.18,2.16,0.019,0.03
2016-12-13,0.899,0.936,0.95,0.898,29228,5356978.0,5.78,4.12,0.037,0.03
2016-12-14,0.94,0.921,0.95,0.919,29424,5493528.0,3.31,-1.60,-0.015,0.03
2016-12-15,0.92,0.898,0.92,0.871,24958,4448346.0,5.32,-2.50,-0.023,0.02
2016-12-16,0.902,0.921,0.928,0.902,26863,4932954.0,2.90,2.56,0.023,0.03
2016-12-19,0.921,0.938,0.975,0.921,60037,11288633.0,5.86,1.85,0.017,0.06
2016-12-20,0.959,0.949,0.96,0.939,37184,7069928.0,2.24,1.17,0.011,0.04
2016-12-21,0.953,0.991,0.998,0.953,153333,29654694.0,4.74,4.43,0.042,0.15
2016-12-22,0.985,0.985,0.985,0.968,277203,54385335.0,1.72,-0.61,-0.006,0.27
2016-12-23,0.981,0.952,0.987,0.95,1804227,354297760.0,3.76,-3.35,-0.033,1.76
2016-12-26,0.938,0.956,0.973,0.935,22455,4293699.0,3.99,0.42,0.004,0.02
2016-12-27,0.956,0.92,0.964,0.912,38699,7215951.0,5.44,-3.77,-0.036,0.04
2016-12-28,0.906,0.839,0.91,0.828,104483,17864563.0,8.91,-8.80,-0.081,0.10
2016-12-29,0.775,0.808,0.82,0.765,42458,6798477.0,6.56,-3.69,-0.031,0.04
2016-12-30,0.807,0.789,0.807,0.778,59593,9398911.0,3.59,-2.35,-0.019,0.06
2017-01-03,0.718,0.726,0.744,0.718,238937,34901232.0,3.30,-7.98,-0.063,0.23
2017-01-04,0.729,0.731,0.732,0.727,177192,25824142.0,0.69,0.69,0.005,0.17
2017-01-05,0.733,0.731,0.739,0.729,155291,22703013.0,1.37,0.00,0.000,0.15
2017-01-06,0.729,0.728,0.73,0.726,93509,13628932.0,0.55,-0.41,-0.003,0.09
2017-01-09,0.729,0.73,0.731,0.729,43447,6336156.0,0.27,0.27,0.002,0.04
2017-01-10,0.73,0.726,0.73,0.723,52910,7666724.0,0.96,-0.55,-0.004,0.05
2017-01-11,0.726,0.726,0.727,0.724,28576,4146148.0,0.41,0.00,0.000,0.03
2017-01-12,0.728,0.727,0.729,0.726,38240,5559594.0,0.41,0.14,0.001,0.04
2017-01-13,0.725,0.727,0.728,0.724,42054,6107339.0,0.55,0.00,0.000,0.04
2017-01-16,0.726,0.727,0.728,0.725,32359,4702542.0,0.41,0.00,0.000,0.03
2017-01-17,0.727,0.721,0.727,0.72,35036,5062078.0,0.96,-0.83,-0.006,0.03
2017-01-18,0.721,0.724,0.731,0.717,56821,8210146.0,1.94,0.42,0.003,0.06
2017-01-19,0.725,0.722,0.725,0.721,26673,3858044.0,0.55,-0.28,-0.002,0.03
2017-01-20,0.721,0.72,0.721,0.719,28408,4086172.0,0.28,-0.28,-0.002,0.03
2017-01-23,0.72,0.717,0.722,0.716,42499,6103020.0,0.83,-0.42,-0.003,0.04
2017-01-24,0.717,0.716,0.719,0.715,30721,4400145.0,0.56,-0.14,-0.001,0.03
2017-01-25,0.719,0.723,0.726,0.719,48264,6968992.0,0.98,0.98,0.007,0.05
2017-01-26,0.73,0.729,0.733,0.721,109733,15963092.0,1.66,0.83,0.006,0.11
2017-02-03,0.724,0.723,0.724,0.72,37219,5372180.0,0.55,-0.82,-0.006,0.04
2017-02-06,0.727,0.73,0.73,0.727,35190,5124574.0,0.41,0.97,0.007,0.03
2017-02-07,0.729,0.728,0.729,0.727,20695,3012580.0,0.27,-0.27,-0.002,0.02
2017-02-08,0.729,0.731,0.731,0.728,29809,4349491.0,0.41,0.41,0.003,0.03
2017-02-09,0.73,0.728,0.73,0.728,28303,4124434.0,0.27,-0.41,-0.003,0.03
2017-02-10,0.732,0.736,0.737,0.732,83767,12299317.0,0.69,1.10,0.008,0.08
2017-02-13,0.738,0.741,0.743,0.737,34646,5118778.0,0.82,0.68,0.005,0.03
2017-02-14,0.743,0.74,0.744,0.739,42708,6333770.0,0.67,-0.13,-0.001,0.04
2017-02-15,0.743,0.744,0.745,0.743,52670,7836165.0,0.27,0.54,0.004,0.05
2017-02-16,0.749,0.744,0.749,0.743,78844,11755841.0,0.81,0.00,0.000,0.08
2017-02-17,0.744,0.743,0.744,0.741,29502,4378487.0,0.40,-0.13,-0.001,0.03
2017-02-20,0.743,0.745,0.745,0.742,57433,8536775.0,0.40,0.27,0.002,0.06
2017-02-21,0.746,0.745,0.747,0.744,23478,3495579.0,0.40,0.00,0.000,0.02
2017-02-22,0.749,0.752,0.752,0.747,64167,9618750.0,0.67,0.94,0.007,0.06
2017-02-23,0.752,0.754,0.755,0.751,35300,5315647.0,0.53,0.27,0.002,0.03
2017-02-24,0.755,0.755,0.755,0.753,43120,6504150.0,0.27,0.13,0.001,0.04
2017-02-27,0.755,0.754,0.755,0.751,18780,2831386.0,0.53,-0.13,-0.001,0.02
2017-02-28,0.754,0.76,0.761,0.754,55348,8389155.0,0.93,0.80,0.006,0.05
2017-03-01,0.757,0.771,0.772,0.756,39711,6076359.0,2.11,1.45,0.011,0.04
2017-03-02,0.784,0.812,0.844,0.784,194218,31653065.0,7.78,5.32,0.041,0.19
2017-03-03,0.8,0.815,0.82,0.8,69113,11216002.0,2.46,0.37,0.003,0.07
2017-03-06,0.815,0.839,0.842,0.815,82466,13754195.0,3.31,2.94,0.024,0.08
2017-03-07,0.834,0.814,0.847,0.79,145785,23934401.0,6.79,-2.98,-0.025,0.14
2017-03-08,0.813,0.798,0.814,0.792,91687,14631571.0,2.70,-1.97,-0.016,0.09
2017-03-09,0.798,0.778,0.798,0.773,93823,14668206.0,3.13,-2.51,-0.020,0.09
2017-03-10,0.774,0.795,0.807,0.774,87622,13916238.0,4.24,2.19,0.017,0.09
2017-03-13,0.801,0.802,0.817,0.798,67133,10799089.0,2.39,0.88,0.007,0.07
2017-03-14,0.804,0.809,0.81,0.804,28136,4537711.0,0.75,0.87,0.007,0.03
2017-03-15,0.807,0.797,0.807,0.79,42546,6764274.0,2.10,-1.48,-0.012,0.04
2017-03-16,0.815,0.807,0.83,0.806,70166,11418878.0,3.01,1.25,0.010,0.07
2017-03-17,0.805,0.806,0.81,0.801,23649,3814159.0,1.12,-0.12,-0.001,0.02
2017-03-20,0.805,0.806,0.808,0.804,14448,2327440.0,0.50,0.00,0.000,0.01
2017-03-21,0.805,0.808,0.808,0.801,21909,3525922.0,0.87,0.25,0.002,0.02
2017-03-22,0.79,0.778,0.794,0.775,85167,13356283.0,2.35,-3.71,-0.030,0.08
2017-03-23,0.785,0.778,0.786,0.777,27313,4255524.0,1.16,0.00,0.000,0.03
2017-03-24,0.776,0.771,0.777,0.768,30789,4742190.0,1.16,-0.90,-0.007,0.03
2017-03-27,0.771,0.761,0.771,0.759,36501,5564398.0,1.56,-1.30,-0.010,0.04
2017-03-28,0.761,0.769,0.771,0.761,18113,2780710.0,1.31,1.05,0.008,0.02
2017-03-29,0.777,0.777,0.779,0.77,19706,3059276.0,1.17,1.04,0.008,0.02
2017-03-30,0.778,0.774,0.78,0.771,18205,2820406.0,1.16,-0.39,-0.003,0.02
2017-03-31,0.777,0.787,0.797,0.775,48060,7555641.0,2.84,1.68,0.013,0.05
2017-04-05,0.787,0.782,0.789,0.78,21348,3340857.0,1.14,-0.64,-0.005,0.02
2017-04-06,0.782,0.775,0.782,0.766,24591,3795266.0,2.05,-0.90,-0.007,0.02
2017-04-07,0.777,0.772,0.777,0.771,22060,3407659.0,0.77,-0.39,-0.003,0.02
2017-04-10,0.771,0.773,0.773,0.77,10932,1687513.0,0.39,0.13,0.001,0.01
2017-04-11,0.775,0.77,0.776,0.767,16523,2549366.0,1.16,-0.39,-0.003,0.02
2017-04-12,0.77,0.767,0.77,0.765,12364,1895806.0,0.65,-0.39,-0.003,0.01
2017-04-13,0.765,0.765,0.765,0.763,8476,1295018.0,0.26,-0.26,-0.002,0.01
2017-04-14,0.764,0.758,0.764,0.756,17943,2721101.0,1.05,-0.92,-0.007,0.02
2017-04-17,0.758,0.754,0.758,0.749,15864,2387983.0,1.19,-0.53,-0.004,0.02
2017-04-18,0.758,0.768,0.771,0.758,17238,2642287.0,1.72,1.86,0.014,0.02
2017-04-19,0.766,0.761,0.766,0.757,16023,2437174.0,1.17,-0.91,-0.007,0.02
2017-04-20,0.761,0.759,0.761,0.755,16799,2546553.0,0.79,-0.26,-0.002,0.02
2017-04-21,0.768,0.764,0.768,0.764,24050,3682870.0,0.53,0.66,0.005,0.02
2017-04-24,0.765,0.768,0.775,0.765,26562,4082316.0,1.31,0.52,0.004,0.03
2017-04-25,0.775,0.78,0.78,0.772,57802,8975021.0,1.04,1.56,0.012,0.06
2017-04-26,0.785,0.784,0.793,0.783,26675,4190712.0,1.28,0.51,0.004,0.03
2017-04-27,0.783,0.771,0.783,0.768,31806,4916787.0,1.91,-1.66,-0.013,0.03
2017-04-28,0.775,0.777,0.777,0.77,15067,2331461.0,0.91,0.78,0.006,0.01
2017-05-02,0.779,0.776,0.779,0.775,20252,3145183.0,0.51,-0.13,-0.001,0.02
2017-05-03,0.778,0.775,0.778,0.774,13935,2163607.0,0.52,-0.13,-0.001,0.01
2017-05-04,0.775,0.774,0.775,0.771,7314,1130361.0,0.52,-0.13,-0.001,0.01
2017-05-05,0.775,0.772,0.775,0.77,10390,1602359.0,0.65,-0.26,-0.002,0.01
2017-05-08,0.779,0.78,0.78,0.775,35046,5455034.0,0.65,1.04,0.008,0.03
2017-05-09,0.779,0.777,0.78,0.773,18758,2911163.0,0.90,-0.38,-0.003,0.02
2017-05-10,0.777,0.774,0.777,0.773,13983,2167693.0,0.51,-0.39,-0.003,0.01
2017-05-11,0.775,0.777,0.779,0.775,8410,1307032.0,0.52,0.39,0.003,0.01
2017-05-12,0.776,0.772,0.776,0.77,14622,2256175.0,0.77,-0.64,-0.005,0.01
2017-05-15,0.772,0.772,0.772,0.768,10240,1578524.0,0.52,0.00,0.000,0.01
2017-05-16,0.776,0.776,0.778,0.775,30692,4765273.0,0.39,0.52,0.004,0.03
2017-05-17,0.775,0.767,0.775,0.766,32574,5003108.0,1.16,-1.16,-0.009,0.03
2017-05-18,0.749,0.754,0.759,0.746,64871,9747921.0,1.69,-1.69,-0.013,0.06
2017-05-19,0.755,0.753,0.76,0.753,17919,2703552.0,0.93,-0.13,-0.001,0.02
2017-05-22,0.756,0.76,0.761,0.755,33693,5102906.0,0.80,0.93,0.007,0.03
2017-05-23,0.766,0.762,0.769,0.76,19431,2961047.0,1.18,0.26,0.002,0.02
2017-05-24,0.762,0.762,0.764,0.758,34690,5283899.0,0.79,0.00,0.000,0.03
2017-05-25,0.763,0.767,0.768,0.763,15532,2378433.0,0.66,0.66,0.005,0.02
2017-05-26,0.768,0.773,0.774,0.768,17261,2666032.0,0.78,0.78,0.006,0.02
2017-05-31,0.773,0.765,0.773,0.763,26257,4022933.0,1.29,-1.03,-0.008,0.03
2017-06-01,0.765,0.762,0.766,0.761,21047,3216197.0,0.65,-0.39,-0.003,0.02
2017-06-02,0.775,0.771,0.775,0.766,48944,7538642.0,1.18,1.18,0.009,0.05
2017-06-05,0.774,0.768,0.774,0.767,26052,4001456.0,0.91,-0.39,-0.003,0.03
2017-06-06,0.766,0.767,0.767,0.763,10804,1653323.0,0.52,-0.13,-0.001,0.01
2017-06-07,0.764,0.765,0.766,0.764,12373,1891007.0,0.26,-0.26,-0.002,0.01
2017-06-08,0.765,0.764,0.765,0.763,10004,1527845.0,0.26,-0.13,-0.001,0.01
2017-06-09,0.765,0.764,0.765,0.763,11388,1738881.0,0.26,0.00,0.000,0.01
2017-06-12,0.764,0.762,0.765,0.76,9986,1523234.0,0.65,-0.26,-0.002,0.01
2017-06-13,0.76,0.765,0.765,0.76,22149,3375381.0,0.66,0.39,0.003,0.02
2017-06-14,0.765,0.765,0.768,0.764,9179,1404887.0,0.52,0.00,0.000,0.01
2017-06-15,0.765,0.766,0.766,0.763,15707,2400822.0,0.39,0.13,0.001,0.02
2017-06-16,0.765,0.767,0.767,0.763,10800,1652133.0,0.52,0.13,0.001,0.01
2017-06-19,0.766,0.767,0.767,0.764,7596,1163027.0,0.39,0.00,0.000,0.01
2017-06-20,0.774,0.774,0.774,0.771,25778,3985347.0,0.39,0.91,0.007,0.03
2017-06-21,0.769,0.768,0.769,0.766,8110,1243852.0,0.39,-0.78,-0.006,0.01
2017-06-22,0.768,0.768,0.769,0.764,14004,2146951.0,0.65,0.00,0.000,0.01
2017-06-23,0.766,0.769,0.769,0.766,3119,479142.0,0.39,0.13,0.001,0.00
2017-06-26,0.77,0.769,0.77,0.768,14079,2163807.0,0.26,0.00,0.000,0.01
2017-06-27,0.768,0.769,0.77,0.768,5314,816978.0,0.26,0.00,0.000,0.01
2017-06-28,0.765,0.763,0.765,0.76,14283,2175516.0,0.65,-0.78,-0.006,0.01
2017-06-29,0.767,0.765,0.77,0.765,32372,4960935.0,0.66,0.26,0.002,0.03
2017-06-30,0.759,0.761,0.761,0.757,9619,1458615.0,0.52,-0.52,-0.004,0.01
2017-07-03,0.76,0.76,0.761,0.759,9704,1474046.0,0.26,-0.13,-0.001,0.01
2017-07-04,0.761,0.761,0.761,0.759,8783,1335117.0,0.26,0.13,0.001,0.01
2017-07-05,0.761,0.762,0.762,0.76,3865,588326.0,0.26,0.13,0.001,0.00
2017-07-06,0.763,0.762,0.763,0.761,4028,613296.0,0.26,0.00,0.000,0.00
2017-07-07,0.759,0.758,0.759,0.754,10596,1601625.0,0.66,-0.52,-0.004,0.01
2017-07-10,0.761,0.761,0.761,0.758,8571,1302126.0,0.40,0.40,0.003,0.01
2017-07-11,0.761,0.761,0.763,0.76,4106,625078.0,0.39,0.00,0.000,0.00
2017-07-12,0.761,0.76,0.761,0.759,3579,543775.0,0.26,-0.13,-0.001,0.00
2017-07-13,0.765,0.765,0.766,0.764,6871,1050875.0,0.26,0.66,0.005,0.01
2017-07-14,0.765,0.764,0.766,0.763,5407,826435.0,0.39,-0.13,-0.001,0.01
2017-07-17,0.766,0.767,0.768,0.765,17755,2722925.0,0.39,0.39,0.003,0.02
2017-07-18,0.767,0.767,0.767,0.765,3372,516725.0,0.26,0.00,0.000,0.00
2017-07-19,0.768,0.769,0.772,0.766,21918,3372713.0,0.78,0.26,0.002,0.02
2017-07-20,0.771,0.773,0.774,0.771,11034,1703844.0,0.39,0.52,0.004,0.01
2017-07-21,0.771,0.771,0.773,0.769,6734,1038156.0,0.52,-0.26,-0.002,0.01
2017-07-24,0.77,0.769,0.771,0.765,8500,1305067.0,0.78,-0.26,-0.002,0.01
2017-07-25,0.769,0.769,0.77,0.767,4647,713832.0,0.39,0.00,0.000,0.00
2017-07-26,0.77,0.77,0.771,0.769,4047,623311.0,0.26,0.13,0.001,0.00
2017-07-27,0.771,0.768,0.771,0.766,12527,1923380.0,0.65,-0.26,-0.002,0.01
2017-07-28,0.767,0.768,0.772,0.765,11836,1817236.0,0.91,0.00,0.000,0.01
2017-07-31,0.768,0.768,0.771,0.765,10075,1545421.0,0.78,0.00,0.000,0.01
2017-08-01,0.768,0.766,0.77,0.766,16259,2491771.0,0.52,-0.26,-0.002,0.02
2017-08-02,0.767,0.768,0.769,0.766,12303,1886156.0,0.39,0.26,0.002,0.01
2017-08-03,0.768,0.765,0.768,0.765,5229,800612.0,0.39,-0.39,-0.003,0.01
2017-08-04,0.765,0.764,0.765,0.763,5488,838171.0,0.26,-0.13,-0.001,0.01
2017-08-07,0.764,0.77,0.772,0.764,15066,2317012.0,1.05,0.79,0.006,0.01
2017-08-08,0.77,0.77,0.771,0.768,4025,619616.0,0.39,0.00,0.000,0.00
2017-08-09,0.77,0.766,0.77,0.766,7873,1206580.0,0.52,-0.52,-0.004,0.01
2017-08-10,0.763,0.764,0.765,0.763,4694,716883.0,0.26,-0.26,-0.002,0.00
2017-08-11,0.758,0.757,0.758,0.753,9884,1494251.0,0.65,-0.92,-0.007,0.01
2017-08-14,0.759,0.759,0.76,0.756,3983,603826.0,0.53,0.26,0.002,0.00
2017-08-15,0.765,0.762,0.765,0.762,3308,504693.0,0.40,0.40,0.003,0.00
2017-08-16,0.762,0.76,0.764,0.759,14002,2127592.0,0.66,-0.26,-0.002,0.01
2017-08-17,0.762,0.759,0.762,0.759,1677,255097.0,0.39,-0.13,-0.001,0.00
2017-08-18,0.751,0.753,0.755,0.75,15369,2309070.0,0.66,-0.79,-0.006,0.01
2017-08-21,0.754,0.752,0.754,0.749,11165,1675490.0,0.66,-0.13,-0.001,0.01
2017-08-22,0.751,0.752,0.753,0.749,4630,695388.0,0.53,0.00,0.000,0.00
2017-08-23,0.752,0.755,0.757,0.752,7169,1082044.0,0.66,0.40,0.003,0.01
2017-08-24,0.755,0.751,0.755,0.751,3432,515711.0,0.53,-0.53,-0.004,0.00
2017-08-25,0.75,0.751,0.752,0.749,5939,891204.0,0.40,0.00,0.000,0.01
2017-08-28,0.75,0.751,0.752,0.748,12403,1859462.0,0.53,0.00,0.000,0.01
2017-08-29,0.751,0.747,0.751,0.747,11569,1730604.0,0.53,-0.53,-0.004,0.01
2017-08-30,0.748,0.747,0.748,0.746,5929,885474.0,0.27,0.00,0.000,0.01
2017-08-31,0.749,0.749,0.75,0.748,13549,2027890.0,0.27,0.27,0.002,0.01
2017-09-01,0.751,0.752,0.752,0.75,9699,1455652.0,0.27,0.40,0.003,0.01
2017-09-04,0.752,0.752,0.753,0.75,15841,2379163.0,0.40,0.00,0.000,0.02
2017-09-05,0.752,0.75,0.752,0.749,7762,1164061.0,0.40,-0.27,-0.002,0.01
2017-09-06,0.749,0.749,0.749,0.745,7884,1177021.0,0.53,-0.13,-0.001,0.01
2017-09-07,0.749,0.748,0.749,0.746,4341,648396.0,0.40,-0.13,-0.001,0.00
2017-09-08,0.749,0.747,0.749,0.747,9578,1432748.0,0.27,-0.13,-0.001,0.01
2017-09-11,0.748,0.748,0.75,0.748,7359,1101655.0,0.27,0.13,0.001,0.01
2017-09-12,0.752,0.752,0.758,0.751,24949,3764898.0,0.94,0.53,0.004,0.02
2017-09-13,0.753,0.752,0.753,0.751,3585,538581.0,0.27,0.00,0.000,0.00
2017-09-14,0.752,0.753,0.754,0.75,26821,4030959.0,0.53,0.13,0.001,0.03
2017-09-15,0.751,0.754,0.755,0.751,13373,2013234.0,0.53,0.13,0.001,0.01
2017-09-18,0.755,0.756,0.758,0.755,9540,1443677.0,0.40,0.27,0.002,0.01
2017-09-19,0.756,0.758,0.758,0.756,5069,767266.0,0.26,0.26,0.002,0.00
2017-09-20,0.758,0.759,0.759,0.758,7216,1094545.0,0.13,0.13,0.001,0.01
2017-09-21,0.76,0.761,0.761,0.759,6848,1041040.0,0.26,0.26,0.002,0.01
2017-09-22,0.763,0.761,0.763,0.759,13360,2033552.0,0.53,0.00,0.000,0.01
2017-09-25,0.761,0.758,0.762,0.758,5123,778718.0,0.53,-0.39,-0.003,0.00
2017-09-26,0.758,0.759,0.759,0.756,17462,2645773.0,0.40,0.13,0.001,0.02
2017-09-27,0.758,0.76,0.761,0.758,6465,982365.0,0.40,0.13,0.001,0.01
2017-09-28,0.764,0.765,0.766,0.764,11228,1716354.0,0.26,0.66,0.005,0.01
2017-09-29,0.766,0.77,0.77,0.766,5103,784512.0,0.52,0.65,0.005,0.00
2017-10-09,0.781,0.78,0.784,0.776,30888,4807658.0,1.04,1.30,0.010,0.03
2017-10-10,0.78,0.78,0.782,0.775,9277,1444400.0,0.90,0.00,0.000,0.01
2017-10-11,0.78,0.784,0.786,0.78,12525,1962759.0,0.77,0.51,0.004,0.01
2017-10-12,0.784,0.785,0.786,0.784,5080,797976.0,0.26,0.13,0.001,0.00
2017-10-13,0.784,0.779,0.784,0.778,7496,1168300.0,0.76,-0.76,-0.006,0.01
2017-10-16,0.78,0.78,0.781,0.779,3801,593037.0,0.26,0.13,0.001,0.00
2017-10-17,0.78,0.782,0.782,0.78,4861,758777.0,0.26,0.26,0.002,0.00
2017-10-18,0.784,0.781,0.784,0.779,5384,839808.0,0.64,-0.13,-0.001,0.01
2017-10-19,0.783,0.78,0.783,0.78,7524,1175392.0,0.38,-0.13,-0.001,0.01
2017-10-20,0.78,0.784,0.785,0.78,13304,2081990.0,0.64,0.51,0.004,0.01
2017-10-23,0.786,0.787,0.789,0.785,3923,617470.0,0.51,0.38,0.003,0.00
2017-10-24,0.787,0.785,0.787,0.783,4375,686685.0,0.51,-0.25,-0.002,0.00
2017-10-25,0.785,0.789,0.789,0.785,6401,1008408.0,0.51,0.51,0.004,0.01
2017-10-26,0.785,0.785,0.787,0.784,4908,769712.0,0.38,-0.51,-0.004,0.00
2017-10-27,0.785,0.788,0.788,0.785,14045,2210122.0,0.38,0.38,0.003,0.01
2017-10-30,0.793,0.794,0.795,0.791,6894,1093449.0,0.51,0.76,0.006,0.01
2017-10-31,0.795,0.793,0.796,0.792,4269,677392.0,0.50,-0.13,-0.001,0.00
2017-11-01,0.795,0.796,0.796,0.794,8940,1420946.0,0.25,0.38,0.003,0.01
2017-11-02,0.796,0.796,0.797,0.793,9965,1584045.0,0.50,0.00,0.000,0.01
2017-11-03,0.798,0.8,0.808,0.796,7275,1165601.0,1.51,0.50,0.004,0.01
2017-11-06,0.81,0.803,0.811,0.795,28057,4505928.0,2.00,0.38,0.003,0.03
2017-11-07,0.803,0.798,0.803,0.796,14555,2324693.0,0.87,-0.62,-0.005,0.01
2017-11-08,0.795,0.796,0.798,0.795,7506,1194353.0,0.38,-0.25,-0.002,0.01
2017-11-09,0.795,0.797,0.8,0.794,11924,1899290.0,0.75,0.13,0.001,0.01
2017-11-10,0.789,0.792,0.793,0.789,22729,3593011.0,0.50,-0.63,-0.005,0.02
2017-11-13,0.791,0.792,0.793,0.79,16338,2583397.0,0.38,0.00,0.000,0.02
2017-11-14,0.793,0.793,0.794,0.792,9868,1564338.0,0.25,0.13,0.001,0.01
2017-11-15,0.792,0.787,0.793,0.787,9192,1450235.0,0.76,-0.76,-0.006,0.01
2017-11-16,0.786,0.786,0.787,0.782,11720,1839718.0,0.64,-0.13,-0.001,0.01
2017-11-17,0.791,0.792,0.793,0.791,7756,1228374.0,0.25,0.76,0.006,0.01
2017-11-20,0.792,0.79,0.793,0.789,7015,1110560.0,0.51,-0.25,-0.002,0.01
2017-11-21,0.79,0.792,0.793,0.79,9283,1468470.0,0.38,0.25,0.002,0.01
2017-11-22,0.795,0.795,0.8,0.794,8852,1409145.0,0.76,0.38,0.003,0.01
2017-11-23,0.796,0.793,0.796,0.792,13445,2135675.0,0.50,-0.25,-0.002,0.01
2017-11-24,0.792,0.794,0.795,0.789,5426,859717.0,0.76,0.13,0.001,0.01
2017-11-27,0.794,0.794,0.796,0.793,12519,1989127.0,0.38,0.00,0.000,0.01
2017-11-28,0.794,0.795,0.796,0.792,11611,1844780.0,0.50,0.13,0.001,0.01
2017-11-29,0.799,0.802,0.803,0.799,46103,7383263.0,0.50,0.88,0.007,0.04
2017-11-30,0.801,0.801,0.802,0.8,10840,1735563.0,0.25,-0.12,-0.001,0.01
2017-12-01,0.81,0.808,0.81,0.806,19525,3152888.0,0.50,0.87,0.007,0.02
2017-12-04,0.815,0.83,0.84,0.813,70059,11561591.0,3.34,2.72,0.022,0.07
2017-12-05,0.825,0.815,0.825,0.81,31734,5182256.0,1.81,-1.81,-0.015,0.03
2017-12-06,0.814,0.807,0.814,0.803,30598,4924189.0,1.35,-0.98,-0.008,0.03
2017-12-07,0.806,0.807,0.81,0.806,10715,1730503.0,0.50,0.00,0.000,0.01
2017-12-08,0.809,0.814,0.815,0.809,28184,4570552.0,0.74,0.87,0.007,0.03
2017-12-11,0.817,0.818,0.822,0.815,15773,2577679.0,0.86,0.49,0.004,0.02
2017-12-12,0.821,0.821,0.823,0.819,8321,1366576.0,0.49,0.37,0.003,0.01
2017-12-13,0.822,0.822,0.824,0.82,11417,1876839.0,0.49,0.12,0.001,0.01
2017-12-14,0.822,0.822,0.823,0.821,4902,805435.0,0.24,0.00,0.000,0.00
2017-12-15,0.82,0.815,0.82,0.815,8982,1465644.0,0.61,-0.85,-0.007,0.01
2017-12-18,0.824,0.823,0.824,0.819,18062,2964895.0,0.61,0.98,0.008,0.02
2017-12-19,0.825,0.83,0.83,0.825,8542,1414614.0,0.61,0.85,0.007,0.01
2017-12-20,0.828,0.826,0.828,0.824,7520,1240154.0,0.48,-0.48,-0.004,0.01
2017-12-21,0.825,0.822,0.825,0.821,10762,1768798.0,0.48,-0.48,-0.004,0.01
2017-12-22,0.824,0.824,0.825,0.822,6956,1145639.0,0.36,0.24,0.002,0.01
2017-12-25,0.824,0.823,0.826,0.82,10843,1781760.0,0.73,-0.12,-0.001,0.01
2017-12-26,0.824,0.823,0.824,0.819,10126,1664997.0,0.61,0.00,0.000,0.01
2017-12-27,0.824,0.822,0.824,0.82,14404,2366149.0,0.49,-0.12,-0.001,0.01
2017-12-28,0.823,0.817,0.823,0.817,16284,2666584.0,0.73,-0.61,-0.005,0.02
2017-12-29,0.817,0.817,0.818,0.816,11905,1944347.0,0.24,0.00,0.000,0.01
2018-01-02,0.816,0.814,0.816,0.81,13410,2178695.0,0.73,-0.37,-0.003,0.01
2018-01-03,0.819,0.818,0.82,0.816,24193,3954843.0,0.49,0.49,0.004,0.02
2018-01-04,0.821,0.819,0.822,0.818,18878,3094072.0,0.49,0.12,0.001,0.02
2018-01-05,0.821,0.82,0.823,0.82,16764,2750116.0,0.37,0.12,0.001,0.02
2018-01-08,0.824,0.826,0.826,0.823,15177,2502812.0,0.37,0.73,0.006,0.01
2018-01-09,0.824,0.826,0.826,0.824,35819,5910198.0,0.24,0.00,0.000,0.03
2018-01-10,0.827,0.829,0.83,0.827,13186,2184610.0,0.36,0.36,0.003,0.01
2018-01-11,0.829,0.829,0.829,0.827,13020,2155374.0,0.24,0.00,0.000,0.01
2018-01-12,0.833,0.838,0.838,0.833,13398,2238260.0,0.60,1.09,0.009,0.01
2018-01-15,0.839,0.841,0.845,0.839,20462,3443468.0,0.72,0.36,0.003,0.02
2018-01-16,0.841,0.841,0.842,0.84,10892,1829822.0,0.24,0.00,0.000,0.01
2018-01-17,0.831,0.835,0.84,0.831,21929,3657110.0,1.07,-0.71,-0.006,0.02
2018-01-18,0.839,0.841,0.845,0.839,18653,3137623.0,0.72,0.72,0.006,0.02
2018-01-19,0.839,0.834,0.839,0.834,20922,3495267.0,0.59,-0.83,-0.007,0.02
2018-01-22,0.835,0.837,0.839,0.835,10528,1762921.0,0.48,0.36,0.003,0.01
2018-01-23,0.84,0.846,0.849,0.84,13671,2309170.0,1.08,1.08,0.009,0.01
2018-01-24,0.847,0.846,0.849,0.845,11657,1971348.0,0.47,0.00,0.000,0.01
2018-01-25,0.842,0.842,0.845,0.84,16521,2782010.0,0.59,-0.47,-0.004,0.02
2018-01-26,0.843,0.842,0.843,0.841,14544,2449065.0,0.24,0.00,0.000,0.01
2018-01-29,0.846,0.848,0.85,0.846,27987,4752735.0,0.48,0.71,0.006,0.03
2018-01-30,0.84,0.841,0.844,0.84,13872,2336472.0,0.47,-0.83,-0.007,0.01
2018-01-31,0.835,0.833,0.835,0.829,12473,2074219.0,0.71,-0.95,-0.008,0.01
2018-02-01,0.833,0.835,0.838,0.833,16539,2762821.0,0.60,0.24,0.002,0.02
2018-02-02,0.834,0.828,0.834,0.828,9815,1628013.0,0.72,-0.84,-0.007,0.01
2018-02-05,0.807,0.806,0.809,0.803,41510,6680532.0,0.72,-2.66,-0.022,0.04
2018-02-06,0.779,0.759,0.779,0.755,117584,17834268.0,2.98,-5.83,-0.047,0.11
2018-02-07,0.776,0.772,0.78,0.77,38325,5944589.0,1.32,1.71,0.013,0.04
2018-02-08,0.772,0.781,0.785,0.763,32091,4973285.0,2.85,1.17,0.009,0.03
2018-02-09,0.756,0.757,0.775,0.752,89840,13599784.0,2.94,-3.07,-0.024,0.09
2018-02-12,0.765,0.767,0.768,0.759,26295,4019215.0,1.19,1.32,0.010,0.03
2018-02-13,0.774,0.778,0.783,0.774,13760,2139032.0,1.17,1.43,0.011,0.01
2018-02-14,0.78,0.782,0.785,0.778,9274,1446534.0,0.90,0.51,0.004,0.01
2018-02-22,0.793,0.789,0.793,0.786,9100,1433039.0,0.90,0.90,0.007,0.01
2018-02-23,0.789,0.794,0.795,0.789,10691,1694164.0,0.76,0.63,0.005,0.01
2018-02-26,0.805,0.811,0.812,0.805,8671,1401656.0,0.88,2.14,0.017,0.01
2018-02-27,0.82,0.818,0.821,0.815,12302,2012638.0,0.74,0.86,0.007,0.01
2018-02-28,0.807,0.812,0.812,0.804,9912,1598163.0,0.98,-0.73,-0.006,0.01
2018-03-01,0.807,0.801,0.807,0.793,20640,3301388.0,1.72,-1.35,-0.011,0.02
2018-03-02,0.791,0.788,0.792,0.788,9547,1507640.0,0.50,-1.62,-0.013,0.01
2018-03-05,0.79,0.79,0.791,0.788,6715,1060459.0,0.38,0.25,0.002,0.01
2018-03-06,0.8,0.798,0.8,0.797,8199,1308902.0,0.38,1.01,0.008,0.01
2018-03-07,0.798,0.795,0.798,0.792,8955,1422683.0,0.75,-0.38,-0.003,0.01
2018-03-08,0.798,0.8,0.8,0.797,9681,1546108.0,0.38,0.63,0.005,0.01
2018-03-09,0.803,0.805,0.805,0.801,14283,2292448.0,0.50,0.63,0.005,0.01
2018-03-12,0.819,0.82,0.821,0.816,12842,2101709.0,0.62,1.86,0.015,0.01
2018-03-13,0.819,0.815,0.819,0.814,6561,1071436.0,0.61,-0.61,-0.005,0.01
2018-03-14,0.807,0.811,0.811,0.807,4233,684136.0,0.49,-0.49,-0.004,0.00
2018-03-15,0.807,0.81,0.811,0.806,4180,676858.0,0.62,-0.12,-0.001,0.00
2018-03-16,0.81,0.806,0.811,0.802,6900,1114538.0,1.11,-0.49,-0.004,0.01
2018-03-19,0.806,0.805,0.807,0.805,5172,832895.0,0.25,-0.12,-0.001,0.01
2018-03-20,0.794,0.797,0.798,0.794,6965,1107993.0,0.50,-0.99,-0.008,0.01
2018-03-21,0.797,0.799,0.8,0.797,6091,973209.0,0.38,0.25,0.002,0.01
2018-03-22,0.798,0.8,0.802,0.797,2994,478383.0,0.63,0.13,0.001,0.00
2018-03-23,0.79,0.779,0.79,0.772,37023,5754176.0,2.25,-2.63,-0.021,0.04
2018-03-26,0.764,0.771,0.772,0.76,25106,3837689.0,1.54,-1.03,-0.008,0.02
2018-03-27,0.78,0.781,0.783,0.778,13257,2067558.0,0.65,1.30,0.010,0.01
2018-03-28,0.77,0.768,0.771,0.763,25101,3855761.0,1.02,-1.66,-0.013,0.02
2018-03-29,0.767,0.767,0.768,0.762,14905,2277170.0,0.78,-0.13,-0.001,0.01
2018-03-30,0.771,0.769,0.773,0.766,17127,2634154.0,0.91,0.26,0.002,0.02
2018-04-02,0.77,0.769,0.77,0.767,5370,825055.0,0.39,0.00,0.000,0.01
2018-04-03,0.752,0.757,0.763,0.752,12066,1822782.0,1.43,-1.56,-0.012,0.01
2018-04-04,0.76,0.76,0.763,0.759,9060,1377613.0,0.53,0.40,0.003,0.01
2018-04-09,0.76,0.763,0.764,0.76,23070,3514759.0,0.53,0.39,0.003,0.02
2018-04-10,0.763,0.771,0.771,0.762,16765,2571690.0,1.18,1.05,0.008,0.02
2018-04-11,0.777,0.77,0.778,0.77,11961,1849929.0,1.04,-0.13,-0.001,0.01
2018-04-12,0.774,0.769,0.774,0.769,5190,800732.0,0.65,-0.13,-0.001,0.01
2018-04-13,0.773,0.776,0.776,0.772,12351,1910734.0,0.52,0.91,0.007,0.01
2018-04-16,0.774,0.772,0.775,0.771,13867,2141705.0,0.52,-0.52,-0.004,0.01
2018-04-17,0.778,0.779,0.78,0.775,26877,4175938.0,0.65,0.91,0.007,0.03
2018-04-18,0.785,0.787,0.788,0.784,32288,5073121.0,0.51,1.03,0.008,0.03
2018-04-19,0.789,0.785,0.789,0.785,20762,3265336.0,0.51,-0.25,-0.002,0.02
2018-04-20,0.784,0.784,0.785,0.781,6851,1072624.0,0.51,-0.13,-0.001,0.01
2018-04-23,0.784,0.778,0.784,0.777,10921,1699107.0,0.89,-0.77,-0.006,0.01
2018-04-24,0.778,0.782,0.783,0.778,2623,409826.0,0.64,0.51,0.004,0.00
2018-04-25,0.778,0.772,0.778,0.77,9191,1418679.0,1.02,-1.28,-0.010,0.01
2018-04-26,0.773,0.772,0.779,0.771,8154,1262058.0,1.04,0.00,0.000,0.01
2018-04-27,0.78,0.786,0.787,0.776,9264,1444988.0,1.42,1.81,0.014,0.01
2018-05-02,0.78,0.783,0.784,0.779,6147,960220.0,0.64,-0.38,-0.003,0.01
2018-05-03,0.783,0.78,0.783,0.778,7095,1106754.0,0.64,-0.38,-0.003,0.01
2018-05-04,0.781,0.781,0.783,0.778,15330,2391638.0,0.64,0.13,0.001,0.01
2018-05-07,0.785,0.788,0.788,0.785,13347,2099657.0,0.38,0.90,0.007,0.01
2018-05-08,0.788,0.787,0.79,0.787,17992,2835109.0,0.38,-0.13,-0.001,0.02
2018-05-09,0.792,0.787,0.792,0.786,6970,1097692.0,0.76,0.00,0.000,0.01
2018-05-10,0.795,0.794,0.795,0.792,8088,1283737.0,0.38,0.89,0.007,0.01
2018-05-11,0.8,0.798,0.801,0.797,10126,1616127.0,0.50,0.50,0.004,0.01
2018-05-14,0.798,0.804,0.804,0.798,15638,2505320.0,0.75,0.75,0.006,0.02
2018-05-15,0.803,0.799,0.803,0.799,8859,1417831.0,0.50,-0.62,-0.005,0.01
2018-05-16,0.795,0.798,0.799,0.795,8220,1310630.0,0.50,-0.13,-0.001,0.01
2018-05-17,0.799,0.8,0.801,0.799,4000,639746.0,0.25,0.25,0.002,0.00
2018-05-18,0.8,0.8,0.802,0.8,5574,892995.0,0.25,0.00,0.000,0.01
2018-05-21,0.803,0.814,0.815,0.803,9118,1474511.0,1.50,1.75,0.014,0.01
2018-05-22,0.813,0.812,0.814,0.81,5163,838611.0,0.49,-0.25,-0.002,0.01
2018-05-23,0.811,0.806,0.811,0.806,15729,2544480.0,0.62,-0.74,-0.006,0.02
2018-05-24,0.807,0.81,0.811,0.807,19953,3230858.0,0.50,0.50,0.004,0.02
2018-05-25,0.812,0.811,0.812,0.808,15123,2447764.0,0.49,0.12,0.001,0.01
2018-05-28,0.812,0.814,0.815,0.811,6811,1107465.0,0.49,0.37,0.003,0.01
2018-05-29,0.814,0.809,0.814,0.808,2294,371510.0,0.74,-0.61,-0.005,0.00
2018-05-30,0.807,0.799,0.807,0.779,23546,3731553.0,3.46,-1.24,-0.010,0.02
2018-05-31,0.806,0.807,0.808,0.805,4136,666784.0,0.38,1.00,0.008,0.00
2018-06-01,0.807,0.804,0.807,0.801,5456,875754.0,0.74,-0.37,-0.003,0.01
2018-06-04,0.809,0.815,0.816,0.809,10856,1767225.0,0.87,1.37,0.011,0.01
2018-06-05,0.817,0.82,0.823,0.816,6021,986812.0,0.86,0.61,0.005,0.01
2018-06-06,0.82,0.818,0.821,0.818,6575,1078104.0,0.37,-0.24,-0.002,0.01
2018-06-07,0.823,0.824,0.825,0.823,13244,2181773.0,0.24,0.73,0.006,0.01
2018-06-08,0.824,0.822,0.824,0.816,13786,2263893.0,0.97,-0.24,-0.002,0.01
2018-06-11,0.823,0.829,0.829,0.823,14539,2403337.0,0.73,0.85,0.007,0.01
2018-06-12,0.829,0.834,0.835,0.827,11724,1951183.0,0.97,0.60,0.005,0.01
2018-06-13,0.834,0.836,0.838,0.832,10475,1751140.0,0.72,0.24,0.002,0.01
2018-06-14,0.834,0.83,0.834,0.83,12619,2096415.0,0.48,-0.72,-0.006,0.01
2018-06-15,0.831,0.837,0.838,0.831,9981,1668268.0,0.84,0.84,0.007,0.01
2018-06-19,0.834,0.819,0.834,0.818,15634,2578158.0,1.91,-2.15,-0.018,0.02
2018-06-20,0.818,0.827,0.829,0.818,20069,3302305.0,1.34,0.98,0.008,0.02
2018-06-21,0.829,0.837,0.838,0.829,13103,2183363.0,1.09,1.21,0.010,0.01
2018-06-22,0.83,0.832,0.834,0.824,12626,2096162.0,1.19,-0.60,-0.005,0.01
2018-06-25,0.832,0.839,0.845,0.83,13142,2201221.0,1.80,0.84,0.007,0.01
2018-06-26,0.831,0.831,0.831,0.822,13157,2172476.0,1.07,-0.95,-0.008,0.01
2018-06-27,0.829,0.824,0.834,0.821,21950,3623278.0,1.56,-0.84,-0.007,0.02
2018-06-28,0.819,0.82,0.828,0.819,13260,2175530.0,1.09,-0.49,-0.004,0.01
2018-06-29,0.828,0.835,0.842,0.827,11614,1936199.0,1.83,1.83,0.015,0.01
2018-07-02,0.838,0.83,0.843,0.83,12596,2105452.0,1.56,-0.60,-0.005,0.01
2018-07-03,0.839,0.845,0.845,0.839,23932,4034887.0,0.72,1.81,0.015,0.02
2018-07-04,0.839,0.836,0.839,0.833,6733,1127458.0,0.71,-1.07,-0.009,0.01
2018-07-05,0.834,0.844,0.849,0.832,15638,2632438.0,2.03,0.96,0.008,0.02
2018-07-06,0.85,0.851,0.854,0.849,9905,1685372.0,0.59,0.83,0.007,0.01
2018-07-09,0.856,0.859,0.86,0.856,20754,3562588.0,0.47,0.94,0.008,0.02
2018-07-10,0.862,0.863,0.864,0.861,23079,3982989.0,0.35,0.47,0.004,0.02
2018-07-11,0.852,0.865,0.866,0.852,31637,5460540.0,1.62,0.23,0.002,0.03
2018-07-12,0.865,0.871,0.871,0.855,20124,3490662.0,1.85,0.69,0.006,0.02
2018-07-13,0.873,0.87,0.877,0.863,23104,4030395.0,1.61,-0.11,-0.001,0.02
2018-07-16,0.873,0.87,0.873,0.87,9041,1574023.0,0.34,0.00,0.000,0.01
2018-07-17,0.87,0.865,0.871,0.864,13635,2360437.0,0.80,-0.57,-0.005,0.01
2018-07-18,0.87,0.874,0.874,0.87,15830,2762765.0,0.46,1.04,0.009,0.02
2018-07-19,0.875,0.88,0.881,0.874,29176,5126090.0,0.80,0.69,0.006,0.03
2018-07-20,0.88,0.881,0.882,0.873,21329,3753480.0,1.02,0.11,0.001,0.02
2018-07-23,0.88,0.878,0.88,0.875,35904,6295194.0,0.57,-0.34,-0.003,0.03
2018-07-24,0.881,0.889,0.889,0.881,31544,5589608.0,0.91,1.25,0.011,0.03
2018-07-25,0.89,0.889,0.893,0.888,29611,5269560.0,0.56,0.00,0.000,0.03
2018-07-26,0.895,0.895,0.896,0.891,17858,3191973.0,0.56,0.67,0.006,0.02
2018-07-27,0.896,0.906,0.906,0.895,66180,11944387.0,1.23,1.23,0.011,0.06
2018-07-30,0.903,0.895,0.903,0.893,42006,7520522.0,1.10,-1.21,-0.011,0.04
2018-07-31,0.889,0.881,0.89,0.88,63570,11238928.0,1.12,-1.56,-0.014,0.06
2018-08-01,0.888,0.89,0.89,0.887,33483,5943396.0,0.34,1.02,0.009,0.03
2018-08-02,0.889,0.887,0.891,0.885,27413,4866266.0,0.67,-0.34,-0.003,0.03
2018-08-03,0.895,0.902,0.904,0.893,47233,8499118.0,1.24,1.69,0.015,0.05
2018-08-06,0.908,0.912,0.913,0.904,138528,25171052.0,1.00,1.11,0.010,0.13
2018-08-07,0.917,0.928,0.94,0.917,96985,18016618.0,2.52,1.75,0.016,0.09
2018-08-08,0.93,0.915,0.93,0.914,92395,16963097.0,1.72,-1.40,-0.013,0.09
2018-08-09,0.909,0.906,0.909,0.905,90239,16353140.0,0.44,-0.98,-0.009,0.09
2018-08-10,0.904,0.907,0.908,0.902,62744,11355727.0,0.66,0.11,0.001,0.06
2018-08-13,0.895,0.9,0.9,0.895,38933,6989969.0,0.55,-0.77,-0.007,0.04
2018-08-14,0.898,0.902,0.904,0.898,28055,5059342.0,0.67,0.22,0.002,0.03
2018-08-15,0.906,0.913,0.913,0.906,88580,16125451.0,0.78,1.22,0.011,0.09
2018-08-16,0.901,0.9,0.908,0.9,107796,19496020.0,0.88,-1.42,-0.013,0.11
2018-08-17,0.909,0.911,0.911,0.907,79176,14394209.0,0.44,1.22,0.011,0.08
2018-08-20,0.913,0.911,0.915,0.906,152890,27828952.0,0.99,0.00,0.000,0.15
2018-08-21,0.911,0.908,0.911,0.905,193581,35134074.0,0.66,-0.33,-0.003,0.19
2018-08-22,0.909,0.907,0.909,0.906,74453,13507793.0,0.33,-0.11,-0.001,0.07
2018-08-23,0.907,0.909,0.91,0.907,74733,13578224.0,0.33,0.22,0.002,0.07
2018-08-24,0.908,0.907,0.91,0.907,156547,28427688.0,0.33,-0.22,-0.002,0.15
2018-08-27,0.911,0.911,0.912,0.908,96155,17488526.0,0.44,0.44,0.004,0.09
2018-08-28,0.92,0.919,0.921,0.914,164418,30218409.0,0.77,0.88,0.008,0.16
2018-08-29,0.919,0.921,0.921,0.919,242219,44557190.0,0.22,0.22,0.002,0.24
2018-08-30,0.922,0.925,0.926,0.922,88162,16293474.0,0.43,0.43,0.004,0.09
2018-08-31,0.924,0.922,0.924,0.921,37065,6828483.0,0.32,-0.32,-0.003,0.04
2018-09-03,0.924,0.918,0.924,0.917,80475,14790409.0,0.76,-0.43,-0.004,0.08
2018-09-04,0.92,0.921,0.921,0.918,43494,8000321.0,0.33,0.33,0.003,0.04
2018-09-05,0.92,0.917,0.92,0.917,32448,5957023.0,0.33,-0.43,-0.004,0.03
2018-09-06,0.915,0.913,0.915,0.912,32389,5918750.0,0.33,-0.44,-0.004,0.03
2018-09-07,0.91,0.911,0.911,0.907,85085,15460136.0,0.44,-0.22,-0.002,0.08
2018-09-10,0.911,0.915,0.915,0.908,56207,10262386.0,0.77,0.44,0.004,0.05
2018-09-11,0.917,0.918,0.918,0.915,68159,12495509.0,0.33,0.33,0.003,0.07
2018-09-12,0.921,0.922,0.924,0.921,75811,13984539.0,0.33,0.44,0.004,0.07
2018-09-13,0.922,0.92,0.922,0.919,33748,6204008.0,0.33,-0.22,-0.002,0.03
2018-09-14,0.924,0.925,0.925,0.921,49145,9075773.0,0.43,0.54,0.005,0.05
2018-09-17,0.924,0.925,0.927,0.924,45358,8395523.0,0.32,0.00,0.000,0.04
2018-09-18,0.916,0.918,0.919,0.916,67155,12305122.0,0.32,-0.76,-0.007,0.07
2018-09-19,0.923,0.923,0.925,0.923,56754,10479441.0,0.22,0.54,0.005,0.06
2018-09-20,0.924,0.926,0.926,0.924,95807,17725736.0,0.22,0.33,0.003,0.09
2018-09-21,0.931,0.933,0.933,0.931,89121,16610054.0,0.22,0.76,0.007,0.09
2018-09-25,0.927,0.93,0.93,0.927,70267,13042806.0,0.32,-0.32,-0.003,0.07
2018-09-26,0.929,0.935,0.935,0.929,132569,24717282.0,0.65,0.54,0.005,0.13
2018-09-27,0.933,0.927,0.933,0.927,54035,10043461.0,0.64,-0.86,-0.008,0.05
2018-09-28,0.929,0.929,0.93,0.927,136915,25410921.0,0.32,0.22,0.002,0.13
2018-10-08,0.92,0.921,0.923,0.913,131356,24175293.0,1.08,-0.86,-0.008,0.13
2018-10-09,0.921,0.924,0.925,0.921,92935,17168115.0,0.43,0.33,0.003,0.09
2018-10-10,0.924,0.927,0.927,0.924,65769,12170379.0,0.32,0.32,0.003,0.06
2018-10-11,0.89,0.882,0.897,0.874,388419,68493676.0,2.48,-4.85,-0.045,0.38
2018-10-12,0.869,0.888,0.889,0.869,166438,29302009.0,2.27,0.68,0.006,0.16
2018-10-15,0.888,0.88,0.888,0.879,96672,17070966.0,1.01,-0.90,-0.008,0.09
2018-10-16,0.88,0.883,0.885,0.878,178353,31465375.0,0.80,0.34,0.003,0.17
2018-10-17,0.9,0.901,0.902,0.899,87140,15686787.0,0.34,2.04,0.018,0.08
2018-10-18,0.9,0.897,0.9,0.895,107098,19208828.0,0.55,-0.44,-0.004,0.10
2018-10-19,0.886,0.891,0.891,0.886,102503,18226216.0,0.56,-0.67,-0.006,0.10
2018-10-22,0.889,0.891,0.891,0.885,96227,17098327.0,0.67,0.00,0.000,0.09
2018-10-23,0.885,0.878,0.885,0.877,82693,14568007.0,0.90,-1.46,-0.013,0.08
2018-10-24,0.877,0.878,0.882,0.875,130580,22932029.0,0.80,0.00,0.000,0.13
2018-10-25,0.851,0.857,0.86,0.848,185323,31660876.0,1.37,-2.39,-0.021,0.18
2018-10-26,0.86,0.859,0.861,0.855,209286,35909537.0,0.70,0.23,0.002,0.20
2018-10-29,0.856,0.854,0.857,0.853,121584,20784189.0,0.47,-0.58,-0.005,0.12
2018-10-30,0.854,0.855,0.862,0.852,307686,52673792.0,1.17,0.12,0.001,0.30
2018-10-31,0.863,0.868,0.868,0.86,118049,20446960.0,0.94,1.52,0.013,0.12
2018-11-01,0.877,0.873,0.879,0.872,83321,14608540.0,0.81,0.58,0.005,0.08
2018-11-02,0.876,0.882,0.882,0.874,194484,34112291.0,0.92,1.03,0.009,0.19
2018-11-05,0.878,0.872,0.878,0.871,65941,11496384.0,0.79,-1.13,-0.010,0.06
2018-11-06,0.874,0.882,0.89,0.874,302909,53382747.0,1.83,1.15,0.010,0.30
2018-11-07,0.884,0.886,0.889,0.884,188889,33517483.0,0.57,0.45,0.004,0.18
2018-11-08,0.902,0.904,0.911,0.901,103122,18638671.0,1.13,2.03,0.018,0.10
2018-11-09,0.903,0.9,0.903,0.894,171116,30792498.0,1.00,-0.44,-0.004,0.17
2018-11-12,0.893,0.899,0.899,0.893,55700,9978466.0,0.67,-0.11,-0.001,0.05
2018-11-13,0.883,0.88,0.883,0.876,158558,27870556.0,0.78,-2.11,-0.019,0.15
2018-11-14,0.88,0.88,0.881,0.879,70018,12325910.0,0.23,0.00,0.000,0.07
2018-11-15,0.876,0.873,0.876,0.871,155880,27199933.0,0.57,-0.80,-0.007,0.15
2018-11-16,0.878,0.875,0.881,0.873,691414,121336144.0,0.92,0.23,0.002,0.67
2018-11-19,0.878,0.877,0.88,0.877,232924,40914528.0,0.34,0.23,0.002,0.23
2018-11-20,0.862,0.865,0.868,0.862,245906,42502281.0,0.68,-1.37,-0.012,0.24
2018-11-21,0.85,0.852,0.855,0.843,310732,52770057.0,1.39,-1.50,-0.013,0.30
2018-11-22,0.852,0.852,0.852,0.851,22041,3752187.0,0.12,0.00,0.000,0.02
2018-11-23,0.851,0.85,0.853,0.849,94728,16121709.0,0.47,-0.23,-0.002,0.09
2018-11-26,0.849,0.852,0.852,0.847,356152,60563233.0,0.59,0.24,0.002,0.35
2018-11-27,0.858,0.858,0.858,0.855,137831,23596603.0,0.35,0.70,0.006,0.13
2018-11-28,0.867,0.865,0.869,0.859,366696,63380754.0,1.17,0.82,0.007,0.36
2018-11-29,0.882,0.877,0.885,0.876,236818,41700196.0,1.04,1.39,0.012,0.23
2018-11-30,0.877,0.881,0.881,0.877,116474,20491965.0,0.46,0.46,0.004,0.11
2018-12-03,0.898,0.9,0.902,0.891,290735,52294069.0,1.25,2.16,0.019,0.28
2018-12-04,0.898,0.885,0.898,0.885,186521,33179696.0,1.44,-1.67,-0.015,0.18
2018-12-05,0.865,0.867,0.87,0.865,102156,17737773.0,0.56,-2.03,-0.018,0.10
2018-12-06,0.86,0.855,0.86,0.854,331422,56779534.0,0.69,-1.38,-0.012,0.32
2018-12-07,0.86,0.861,0.864,0.86,112176,19341378.0,0.47,0.70,0.006,0.11
2018-12-10,0.85,0.837,0.85,0.836,347029,58295257.0,1.63,-2.79,-0.024,0.34
2018-12-11,0.84,0.844,0.846,0.84,1419209,239153657.0,0.72,0.84,0.007,1.38
2018-12-12,0.845,0.848,0.857,0.843,1443350,244869732.0,1.66,0.47,0.004,1.41
2018-12-13,0.853,0.85,0.856,0.848,1200625,204130995.0,0.94,0.24,0.002,1.17
2018-12-14,0.848,0.842,0.85,0.841,346361,58629337.0,1.06,-0.94,-0.008,0.34
2018-12-17,0.833,0.835,0.836,0.833,85681,14296097.0,0.36,-0.83,-0.007,0.08
2018-12-18,0.818,0.817,0.819,0.814,405196,66116617.0,0.60,-2.16,-0.018,0.39
2018-12-19,0.817,0.815,0.817,0.813,507673,82722655.0,0.49,-0.24,-0.002,0.49
2018-12-20,0.807,0.797,0.807,0.793,753911,120347050.0,1.72,-2.21,-0.018,0.73
2018-12-21,0.792,0.794,0.795,0.788,243087,38455511.0,0.88,-0.38,-0.003,0.24
2018-12-24,0.78,0.778,0.78,0.775,743953,115573974.0,0.63,-2.02,-0.016,0.72
2018-12-25,0.754,0.75,0.754,0.748,184096,27611440.0,0.77,-3.60,-0.028,0.18
2018-12-26,0.752,0.748,0.754,0.744,695183,103783410.0,1.33,-0.27,-0.002,0.68
2018-12-27,0.78,0.784,0.79,0.78,1524212,239621901.0,1.34,4.81,0.036,1.48
2018-12-28,0.789,0.788,0.794,0.788,290556,45935237.0,0.77,0.51,0.004,0.28
2019-01-02,0.797,0.787,0.799,0.786,339152,53656898.0,1.65,-0.13,-0.001,0.33
2019-01-03,0.787,0.786,0.79,0.785,225109,35457375.0,0.64,-0.13,-0.001,0.22
2019-01-04,0.778,0.785,0.785,0.754,663591,103504370.0,3.94,-0.13,-0.001,0.65
2019-01-07,0.804,0.804,0.809,0.801,654274,105072908.0,1.02,2.42,0.019,0.64
2019-01-08,0.809,0.813,0.815,0.808,362081,58809162.0,0.87,1.12,0.009,0.35
2019-01-09,0.817,0.82,0.822,0.817,941360,154403978.0,0.62,0.86,0.007,0.92
2019-01-10,0.818,0.811,0.819,0.81,1743871,283800064.0,1.10,-1.10,-0.009,1.70
2019-01-11,0.82,0.818,0.82,0.817,230051,37630119.0,0.37,0.86,0.007,0.22
2019-01-14,0.817,0.811,0.817,0.81,478013,77520848.0,0.86,-0.86,-0.007,0.47
2019-01-15,0.814,0.816,0.818,0.812,635878,103638021.0,0.74,0.62,0.005,0.62
2019-01-16,0.818,0.82,0.82,0.818,352708,57777197.0,0.25,0.49,0.004,0.34
2019-01-17,0.82,0.816,0.82,0.816,1239423,202833322.0,0.49,-0.49,-0.004,1.21
2019-01-18,0.828,0.832,0.832,0.828,130161,21608383.0,0.49,1.96,0.016,0.13
2019-01-21,0.837,0.839,0.841,0.837,515753,86571199.0,0.48,0.84,0.007,0.50
2019-01-22,0.84,0.836,0.84,0.836,748703,125347071.0,0.48,-0.36,-0.003,0.73
2019-01-23,0.83,0.83,0.832,0.828,645240,107057338.0,0.48,-0.72,-0.006,0.63
2019-01-24,0.83,0.83,0.832,0.829,979858,162703443.0,0.36,0.00,0.000,0.95
2019-01-25,0.832,0.833,0.834,0.83,838770,139467491.0,0.48,0.36,0.003,0.82
2019-01-28,0.834,0.83,0.835,0.828,290285,48189504.0,0.84,-0.36,-0.003,0.28
2019-01-29,0.826,0.825,0.827,0.823,209785,34601178.0,0.48,-0.60,-0.005,0.20
2019-01-30,0.825,0.825,0.827,0.825,355611,58750616.0,0.24,0.00,0.000,0.35
2019-01-31,0.834,0.835,0.839,0.834,286866,47938095.0,0.61,1.21,0.010,0.28
2019-02-01,0.839,0.846,0.846,0.838,396150,66849971.0,0.96,1.32,0.011,0.39
2019-02-11,0.845,0.849,0.851,0.844,249588,42318031.0,0.83,0.35,0.003,0.24
2019-02-12,0.852,0.855,0.857,0.852,1541554,263604555.0,0.59,0.71,0.006,1.50
2019-02-13,0.861,0.864,0.865,0.861,438075,75639947.0,0.47,1.05,0.009,0.43
2019-02-14,0.864,0.866,0.868,0.864,363052,62876025.0,0.46,0.23,0.002,0.35
2019-02-15,0.861,0.86,0.863,0.859,136216,23432776.0,0.46,-0.69,-0.006,0.13
2019-02-18,0.868,0.874,0.875,0.868,242222,42292768.0,0.81,1.63,0.014,0.24
2019-02-19,0.876,0.874,0.876,0.872,450576,78786701.0,0.46,0.00,0.000,0.44
2019-02-20,0.875,0.869,0.875,0.868,371514,64634808.0,0.80,-0.57,-0.005,0.36
2019-02-21,0.87,0.872,0.873,0.869,426842,74367505.0,0.46,0.35,0.003,0.42
2019-02-22,0.871,0.87,0.871,0.867,394096,68437742.0,0.46,-0.23,-0.002,0.38
2019-02-25,0.874,0.87,0.874,0.869,349995,60940441.0,0.57,0.00,0.000,0.34
2019-02-26,0.868,0.867,0.868,0.865,752988,130418846.0,0.34,-0.34,-0.003,0.73
2019-02-27,0.867,0.866,0.869,0.865,1576620,273296704.0,0.46,-0.12,-0.001,1.54
2019-02-28,0.866,0.864,0.868,0.864,469116,81190712.0,0.46,-0.23,-0.002,0.46
2019-03-01,0.866,0.872,0.872,0.866,710911,123477164.0,0.69,0.93,0.008,0.69
2019-03-04,0.875,0.875,0.878,0.874,1074373,188077498.0,0.46,0.34,0.003,1.05
2019-03-05,0.87,0.869,0.871,0.867,1039470,180390472.0,0.46,-0.69,-0.006,1.01
2019-03-06,0.867,0.868,0.869,0.865,1213763,210516866.0,0.46,-0.12,-0.001,1.18
2019-03-07,0.864,0.861,0.864,0.861,1849624,318851104.0,0.35,-0.81,-0.007,1.80
2019-03-08,0.858,0.855,0.861,0.854,726275,124513349.0,0.81,-0.70,-0.006,0.71
2019-03-11,0.855,0.858,0.858,0.854,879342,150706517.0,0.47,0.35,0.003,0.86
2019-03-12,0.868,0.87,0.872,0.868,1620742,282163264.0,0.47,1.40,0.012,1.58
2019-03-13,0.871,0.869,0.872,0.867,1538842,267285730.0,0.57,-0.11,-0.001,1.50
2019-03-14,0.875,0.877,0.879,0.873,866041,151797501.0,0.69,0.92,0.008,0.84
2019-03-15,0.877,0.878,0.88,0.877,616233,108184448.0,0.34,0.11,0.001,0.60
2019-03-18,0.879,0.881,0.882,0.878,593350,104358547.0,0.46,0.34,0.003,0.58
2019-03-19,0.883,0.885,0.885,0.883,428839,75808481.0,0.23,0.45,0.004,0.42
2019-03-20,0.883,0.883,0.883,0.881,722460,127388284.0,0.23,-0.23,-0.002,0.70
2019-03-21,0.88,0.875,0.88,0.874,1170093,205239522.0,0.68,-0.91,-0.008,1.14
2019-03-22,0.888,0.89,0.891,0.888,1900056,338110416.0,0.34,1.71,0.015,1.85
2019-03-25,0.871,0.87,0.875,0.87,1088561,189759844.0,0.56,-2.25,-0.020,1.06
2019-03-26,0.873,0.875,0.878,0.873,1852550,324549936.0,0.57,0.57,0.005,1.80
2019-03-27,0.878,0.882,0.883,0.878,494155,87068693.0,0.57,0.80,0.007,0.48
2019-03-28,0.874,0.875,0.879,0.873,1308221,229076036.0,0.68,-0.79,-0.007,1.27
2019-03-29,0.879,0.881,0.882,0.879,1137697,200463651.0,0.34,0.69,0.006,1.11
2019-04-01,0.885,0.889,0.891,0.885,1037685,184431910.0,0.68,0.91,0.008,1.01
2019-04-02,0.895,0.894,0.899,0.894,4751793,852237392.0,0.56,0.56,0.005,4.63
2019-04-03,0.896,0.899,0.9,0.895,1378793,247787567.0,0.56,0.56,0.005,1.34
2019-04-04,0.899,0.899,0.904,0.898,2829172,510392656.0,0.67,0.00,0.000,2.76
2019-04-08,0.906,0.91,0.914,0.905,1558073,283393200.0,1.00,1.22,0.011,1.52
2019-04-09,0.914,0.906,0.914,0.904,3194058,581077520.0,1.10,-0.44,-0.004,3.11
2019-04-10,0.903,0.899,0.903,0.899,641020,115393945.0,0.44,-0.77,-0.007,0.62
2019-04-11,0.902,0.903,0.906,0.902,1807153,326532464.0,0.44,0.44,0.004,1.76
2019-04-12,0.904,0.905,0.909,0.903,1706373,308729568.0,0.66,0.22,0.002,1.66
2019-04-15,0.909,0.908,0.911,0.907,707284,128545997.0,0.44,0.33,0.003,0.69
2019-04-16,0.909,0.913,0.913,0.909,1017846,185432089.0,0.44,0.55,0.005,0.99
2019-04-17,0.911,0.91,0.914,0.909,2218347,404408368.0,0.55,-0.33,-0.003,2.16
2019-04-18,0.906,0.903,0.913,0.903,1117642,202979736.0,1.10,-0.77,-0.007,1.09
2019-04-19,0.909,0.908,0.916,0.908,2261094,412107760.0,0.89,0.55,0.005,2.20
2019-04-22,0.911,0.908,0.911,0.906,2052894,372741824.0,0.55,0.00,0.000,2.00
2019-04-23,0.909,0.911,0.912,0.909,1103513,200912807.0,0.33,0.33,0.003,1.08
2019-04-24,0.92,0.919,0.921,0.918,1160661,213408274.0,0.33,0.88,0.008,1.13
2019-04-25,0.919,0.919,0.921,0.918,915671,168330597.0,0.33,0.00,0.000,0.89
2019-04-26,0.919,0.92,0.92,0.918,1886491,346764688.0,0.22,0.11,0.001,1.84
2019-04-29,0.924,0.927,0.927,0.924,632017,116987397.0,0.33,0.76,0.007,0.62
2019-04-30,0.927,0.929,0.929,0.926,268724,49802087.0,0.32,0.22,0.002,0.26
2019-05-06,0.919,0.915,0.922,0.914,1039509,190863569.0,0.86,-1.51,-0.014,1.01
2019-05-07,0.921,0.925,0.926,0.921,609498,112399795.0,0.55,1.09,0.010,0.59
2019-05-08,0.908,0.908,0.912,0.908,923192,168062488.0,0.43,-1.84,-0.017,0.90
2019-05-09,0.908,0.908,0.913,0.908,1392814,253419156.0,0.55,0.00,0.000,1.36
2019-05-10,0.91,0.909,0.914,0.908,1761233,320885296.0,0.66,0.11,0.001,1.72
2019-05-13,0.909,0.913,0.913,0.909,1165771,212633512.0,0.44,0.44,0.004,1.14
2019-05-14,0.898,0.902,0.903,0.895,788802,142239561.0,0.88,-1.20,-0.011,0.77
2019-05-15,0.909,0.91,0.91,0.907,2013785,366118960.0,0.33,0.89,0.008,1.96
2019-05-16,0.913,0.91,0.913,0.909,1003183,182559136.0,0.44,0.00,0.000,0.98
2019-05-17,0.92,0.921,0.924,0.92,251812,46419042.0,0.44,1.21,0.011,0.25
2019-05-20,0.922,0.921,0.923,0.92,612462,112839434.0,0.33,0.00,0.000,0.60
2019-05-21,0.919,0.917,0.919,0.915,716961,131296738.0,0.43,-0.43,-0.004,0.70
2019-05-22,0.921,0.919,0.921,0.918,625198,114989758.0,0.33,0.22,0.002,0.61
2019-05-23,0.916,0.912,0.916,0.912,431241,78798524.0,0.44,-0.76,-0.007,0.42
2019-05-24,0.911,0.907,0.911,0.907,417069,75737555.0,0.44,-0.55,-0.005,0.41
2019-05-27,0.907,0.908,0.908,0.905,575143,104261030.0,0.33,0.11,0.001,0.56
2019-05-28,0.908,0.911,0.912,0.908,970573,176764254.0,0.44,0.33,0.003,0.95
2019-05-29,0.902,0.896,0.902,0.896,1350196,242769544.0,0.66,-1.65,-0.015,1.32
2019-05-30,0.892,0.895,0.901,0.892,2202696,394053568.0,1.00,-0.11,-0.001,2.15
2019-05-31,0.891,0.887,0.892,0.887,2346282,417502464.0,0.56,-0.89,-0.008,2.29
2019-06-03,0.879,0.879,0.882,0.878,1600044,281254640.0,0.45,-0.90,-0.008,1.56
2019-06-04,0.88,0.882,0.884,0.88,665521,117343885.0,0.46,0.34,0.003,0.65
2019-06-05,0.9,0.902,0.904,0.9,698271,125978081.0,0.45,2.27,0.020,0.68
2019-06-06,0.906,0.907,0.91,0.906,808496,146707774.0,0.44,0.55,0.005,0.79
2019-06-10,0.926,0.929,0.929,0.925,1320798,245090165.0,0.44,2.43,0.022,1.29
2019-06-11,0.929,0.929,0.93,0.929,660239,122698782.0,0.11,0.00,0.000,0.64
2019-06-12,0.928,0.924,0.928,0.924,826184,152903818.0,0.43,-0.54,-0.005,0.80
2019-06-13,0.926,0.924,0.927,0.921,1334262,246184692.0,0.65,0.00,0.000,1.30
2019-06-14,0.928,0.928,0.931,0.927,888685,165252001.0,0.43,0.43,0.004,0.87
2019-06-17,0.93,0.93,0.932,0.929,274693,51100982.0,0.32,0.22,0.002,0.27
2019-06-18,0.93,0.928,0.931,0.928,1044005,194043923.0,0.32,-0.22,-0.002,1.02
2019-06-19,0.94,0.936,0.94,0.934,1614520,302177376.0,0.65,0.86,0.008,1.57
2019-06-20,0.94,0.941,0.941,0.936,631503,118785091.0,0.53,0.53,0.005,0.62
2019-06-21,0.943,0.941,0.943,0.938,411013,77235188.0,0.53,0.00,0.000,0.40
2019-06-24,0.942,0.943,0.946,0.942,724874,136696947.0,0.43,0.21,0.002,0.71
2019-06-25,0.942,0.939,0.942,0.938,1155246,216977841.0,0.42,-0.42,-0.004,1.13
2019-06-26,0.927,0.932,0.934,0.927,515422,96054244.0,0.75,-0.75,-0.007,0.50
2019-06-27,0.932,0.935,0.936,0.932,448365,83671074.0,0.43,0.32,0.003,0.44
2019-06-28,0.936,0.933,0.939,0.933,1623750,304286464.0,0.64,-0.21,-0.002,1.58
2019-07-01,0.946,0.956,0.957,0.945,841355,160407059.0,1.29,2.47,0.023,0.82
2019-07-02,0.952,0.952,0.953,0.949,262582,49961492.0,0.42,-0.42,-0.004,0.26
2019-07-03,0.959,0.955,0.959,0.953,879454,168025750.0,0.63,0.32,0.003,0.86
2019-07-04,0.968,0.963,0.968,0.96,313946,60441552.0,0.84,0.84,0.008,0.31
2019-07-05,0.962,0.961,0.965,0.96,475272,91343580.0,0.52,-0.21,-0.002,0.46
2019-07-08,0.96,0.956,0.96,0.955,1142577,218575144.0,0.52,-0.52,-0.005,1.11
2019-07-09,0.955,0.951,0.955,0.95,909627,173237704.0,0.52,-0.52,-0.005,0.89
2019-07-10,0.956,0.954,0.958,0.954,507311,96993461.0,0.42,0.32,0.003,0.49
2019-07-11,0.96,0.963,0.963,0.96,448119,86201776.0,0.31,0.94,0.009,0.44
2019-07-12,0.965,0.967,0.967,0.964,968929,187140128.0,0.31,0.42,0.004,0.94
2019-07-15,0.969,0.971,0.972,0.966,450892,87424457.0,0.62,0.41,0.004,0.44
2019-07-16,0.971,0.969,0.972,0.968,242625,47043025.0,0.41,-0.21,-0.002,0.24
2019-07-17,0.965,0.963,0.968,0.961,1176440,227044296.0,0.72,-0.62,-0.006,1.15
2019-07-18,0.955,0.954,0.957,0.952,1145697,218882971.0,0.52,-0.93,-0.009,1.12
2019-07-19,0.96,0.964,0.965,0.96,690843,133134985.0,0.52,1.05,0.010,0.67
2019-07-22,0.957,0.959,0.96,0.954,662596,126861422.0,0.62,-0.52,-0.005,0.65
2019-07-23,0.96,0.963,0.965,0.96,943238,181617632.0,0.52,0.42,0.004,0.92
2019-07-24,0.968,0.968,0.97,0.965,401636,77762815.0,0.52,0.52,0.005,0.39
2019-07-25,0.973,0.973,0.973,0.972,205954,40045445.0,0.10,0.52,0.005,0.20
2019-07-26,0.967,0.97,0.97,0.966,67988,13176507.0,0.41,-0.31,-0.003,0.07
2019-07-29,0.975,0.975,0.977,0.972,124069,24197480.0,0.52,0.52,0.005,0.12
2019-07-30,0.975,0.975,0.98,0.974,432537,84502460.0,0.62,0.00,0.000,0.42
2019-07-31,0.975,0.974,0.975,0.973,666978,129940522.0,0.21,-0.10,-0.001,0.65
2019-08-01,0.961,0.963,0.967,0.961,366942,70788514.0,0.62,-1.13,-0.011,0.36
2019-08-02,0.955,0.961,0.961,0.954,172907,33133927.0,0.73,-0.21,-0.002,0.17
2019-08-05,0.96,0.96,0.973,0.953,319421,61293439.0,2.08,-0.10,-0.001,0.31
2019-08-06,0.939,0.94,0.942,0.924,688134,128611310.0,1.88,-2.08,-0.020,0.67
2019-08-07,0.944,0.946,0.947,0.943,212704,40166990.0,0.43,0.64,0.006,0.21
2019-08-08,0.948,0.953,0.954,0.948,326170,61986271.0,0.63,0.74,0.007,0.32
2019-08-09,0.963,0.965,0.968,0.963,886330,171389561.0,0.52,1.26,0.012,0.86
2019-08-12,0.967,0.967,0.967,0.965,436954,84365160.0,0.21,0.21,0.002,0.43
2019-08-13,0.953,0.952,0.955,0.95,316480,60296288.0,0.52,-1.55,-0.015,0.31
2019-08-14,0.967,0.96,0.967,0.958,597608,114664323.0,0.95,0.84,0.008,0.58
2019-08-15,0.939,0.94,0.942,0.935,281918,52881003.0,0.73,-2.08,-0.020,0.27
2019-08-16,0.941,0.942,0.943,0.94,267960,50416645.0,0.32,0.21,0.002,0.26
2019-08-19,0.951,0.958,0.959,0.951,113155,21604100.0,0.85,1.70,0.016,0.11
2019-08-20,0.96,0.963,0.965,0.96,386000,74350906.0,0.52,0.52,0.005,0.38
2019-08-21,0.961,0.956,0.961,0.956,411391,78707805.0,0.52,-0.73,-0.007,0.40
2019-08-22,0.964,0.965,0.966,0.963,126291,24356340.0,0.31,0.94,0.009,0.12
2019-08-23,0.965,0.969,0.97,0.965,171158,33125740.0,0.52,0.41,0.004,0.17
2019-08-26,0.949,0.95,0.95,0.944,336732,63698913.0,0.62,-1.96,-0.019,0.33
2019-08-27,0.955,0.962,0.966,0.955,565376,108842549.0,1.16,1.26,0.012,0.55
2019-08-28,0.961,0.959,0.961,0.958,874526,167817961.0,0.31,-0.31,-0.003,0.85
2019-08-29,0.962,0.963,0.964,0.96,585215,112572104.0,0.42,0.42,0.004,0.57
2019-08-30,0.974,0.973,0.976,0.971,1041320,202829380.0,0.52,1.04,0.010,1.01
2019-09-02,0.973,0.972,0.974,0.97,555651,107982039.0,0.41,-0.10,-0.001,0.54
2019-09-03,0.973,0.97,0.973,0.969,375518,72937273.0,0.41,-0.21,-0.002,0.37
2019-09-04,0.969,0.976,0.976,0.968,778708,151396430.0,0.82,0.62,0.006,0.76
2019-09-05,0.976,0.98,0.984,0.976,799679,157081671.0,0.82,0.41,0.004,0.78
2019-09-06,0.99,0.986,0.99,0.986,597629,118125985.0,0.41,0.61,0.006,0.58
2019-09-09,0.987,0.988,0.989,0.986,747818,147668648.0,0.30,0.20,0.002,0.73
2019-09-10,0.988,0.982,0.988,0.982,561714,110608867.0,0.61,-0.61,-0.006,0.55
2019-09-11,0.983,0.984,0.986,0.982,278605,54798761.0,0.41,0.20,0.002,0.27
2019-09-12,0.991,0.992,0.996,0.991,835856,166040099.0,0.51,0.81,0.008,0.81
2019-09-16,0.987,0.984,0.987,0.982,106830,20998217.0,0.50,-0.81,-0.008,0.10
2019-09-17,0.987,0.988,0.988,0.985,1105588,218183853.0,0.30,0.41,0.004,1.08
2019-09-18,0.99,0.99,0.993,0.989,965410,191276235.0,0.40,0.20,0.002,0.94
2019-09-19,0.99,0.991,0.993,0.99,245013,48576980.0,0.30,0.10,0.001,0.24
2019-09-20,0.992,0.991,0.996,0.991,362088,71893023.0,0.50,0.00,0.000,0.35
2019-09-23,0.991,0.991,0.993,0.99,274195,54356542.0,0.30,0.00,0.000,0.27
2019-09-24,0.992,0.991,0.995,0.991,89708,17809182.0,0.40,0.00,0.000,0.09
2019-09-25,0.986,0.983,0.986,0.982,155291,30537557.0,0.40,-0.81,-0.008,0.15
2019-09-26,0.987,0.987,0.99,0.985,162122,31982965.0,0.51,0.41,0.004,0.16
2019-09-27,0.986,0.987,0.988,0.984,144581,28489706.0,0.41,0.00,0.000,0.14
2019-09-30,0.985,0.985,0.986,0.98,129958,25572877.0,0.61,-0.20,-0.002,0.13
2019-10-08,0.982,0.976,0.982,0.975,465085,90846460.0,0.71,-0.91,-0.009,0.45
2019-10-09,0.961,0.964,0.965,0.961,325130,62647457.0,0.41,-1.23,-0.012,0.32
2019-10-10,0.964,0.965,0.967,0.964,619813,119648430.0,0.31,0.10,0.001,0.60
2019-10-11,0.971,0.975,0.975,0.971,215103,41831938.0,0.41,1.04,0.010,0.21
2019-10-14,0.984,0.98,0.985,0.978,715373,140238527.0,0.72,0.51,0.005,0.70
2019-10-15,0.981,0.982,0.982,0.978,288847,56585083.0,0.41,0.20,0.002,0.28
2019-10-16,0.987,0.987,0.989,0.985,87522,17284110.0,0.41,0.51,0.005,0.09
2019-10-17,0.988,0.984,0.988,0.984,398063,78466222.0,0.41,-0.30,-0.003,0.39
2019-10-18,0.987,0.984,0.987,0.983,179474,35333072.0,0.41,0.00,0.000,0.17
2019-10-21,0.984,0.984,0.984,0.982,150217,29550489.0,0.20,0.00,0.000,0.15
2019-10-22,0.991,0.99,0.992,0.989,372116,73699513.0,0.30,0.61,0.006,0.36
2019-10-23,0.99,0.984,0.99,0.984,476668,93883496.0,0.61,-0.61,-0.006,0.46
2019-10-24,0.989,0.989,0.989,0.985,115827,22889662.0,0.41,0.51,0.005,0.11
2019-10-25,0.989,0.99,0.99,0.988,221506,43799200.0,0.20,0.10,0.001,0.22
2019-10-28,0.992,0.995,0.996,0.992,87462,17396470.0,0.40,0.51,0.005,0.09
2019-10-29,0.999,0.999,1.002,0.998,106243,21242101.0,0.40,0.40,0.004,0.10
2019-10-30,0.999,0.999,1.0,0.998,324646,64876992.0,0.20,0.00,0.000,0.32
2019-10-31,1.001,1.0,1.001,0.999,54990,10994880.0,0.20,0.10,0.001,0.05
2019-11-01,0.997,1.0,1.0,0.997,64264,12832035.0,0.30,0.00,0.000,0.06
2019-11-04,1.007,1.006,1.008,1.005,88312,17774090.0,0.30,0.60,0.006,0.09
2019-11-05,1.009,1.008,1.009,1.006,105016,21156216.0,0.30,0.20,0.002,0.10
2019-11-06,1.007,1.001,1.007,1.0,143652,28781997.0,0.69,-0.69,-0.007,0.14
2019-11-07,1.005,1.003,1.005,1.002,80733,16203247.0,0.30,0.20,0.002,0.08
2019-11-08,1.003,1.002,1.003,0.999,353507,70766002.0,0.40,-0.10,-0.001,0.34
2019-11-11,1.002,1.005,1.006,1.002,81207,16317494.0,0.40,0.30,0.003,0.08
2019-11-12,1.005,1.009,1.009,1.004,224180,45124346.0,0.50,0.40,0.004,0.22
2019-11-13,1.008,1.008,1.011,1.008,86872,17539663.0,0.30,-0.10,-0.001,0.08
2019-11-14,1.011,1.012,1.013,1.011,98097,19842422.0,0.20,0.40,0.004,0.10
2019-11-15,1.013,1.015,1.02,1.013,181793,36886929.0,0.69,0.30,0.003,0.18
2019-11-18,1.021,1.029,1.03,1.02,164266,33639056.0,0.99,1.38,0.014,0.16
2019-11-19,1.029,1.041,1.048,1.029,181919,37856721.0,1.85,1.17,0.012,0.18
2019-11-20,1.04,1.027,1.042,1.025,117273,24166314.0,1.63,-1.34,-0.014,0.11
2019-11-21,1.024,1.018,1.024,1.017,202598,41248999.0,0.68,-0.88,-0.009,0.20
2019-11-22,1.017,1.019,1.022,1.017,617880,125962167.0,0.49,0.10,0.001,0.60
2019-11-25,1.023,1.025,1.026,1.021,110722,22671724.0,0.49,0.59,0.006,0.11
2019-11-26,1.033,1.033,1.036,1.031,253778,52421142.0,0.49,0.78,0.008,0.25
2019-11-27,1.034,1.036,1.036,1.034,63998,13247966.0,0.19,0.29,0.003,0.06
2019-11-28,1.039,1.041,1.042,1.038,383871,79853426.0,0.39,0.48,0.005,0.37
2019-11-29,1.041,1.042,1.045,1.04,77054,16062479.0,0.48,0.10,0.001,0.08
2019-12-02,1.042,1.054,1.055,1.039,159708,33483366.0,1.54,1.15,0.012,0.16
2019-12-03,1.03,1.037,1.041,1.03,155230,32165869.0,1.04,-1.61,-0.017,0.15
2019-12-04,1.027,1.025,1.028,1.022,271754,55672432.0,0.58,-1.16,-0.012,0.26
2019-12-05,1.027,1.026,1.028,1.025,336221,69005946.0,0.29,0.10,0.001,0.33
2019-12-06,1.028,1.029,1.029,1.027,271470,55801999.0,0.19,0.29,0.003,0.26
2019-12-09,1.035,1.039,1.04,1.034,239035,49507275.0,0.58,0.97,0.010,0.23
2019-12-10,1.036,1.035,1.036,1.033,460973,95364020.0,0.29,-0.38,-0.004,0.45
2019-12-11,1.034,1.034,1.034,1.031,173801,35875046.0,0.29,-0.10,-0.001,0.17
2019-12-12,1.036,1.04,1.041,1.036,281388,58427886.0,0.48,0.58,0.006,0.27
2019-12-13,1.045,1.043,1.049,1.043,266565,55697533.0,0.58,0.29,0.003,0.26
2019-12-16,1.043,1.045,1.046,1.041,343935,71774539.0,0.48,0.19,0.002,0.34
2019-12-17,1.049,1.051,1.052,1.048,497599,104501950.0,0.38,0.57,0.006,0.48
2019-12-18,1.05,1.046,1.051,1.045,552645,115866419.0,0.57,-0.48,-0.005,0.54
2019-12-19,1.046,1.042,1.047,1.042,344492,72026928.0,0.48,-0.38,-0.004,0.34
2019-12-20,1.047,1.049,1.049,1.047,108409,22707390.0,0.19,0.67,0.007,0.11
2019-12-23,1.054,1.057,1.058,1.053,470404,99275843.0,0.48,0.76,0.008,0.46
2019-12-24,1.057,1.058,1.059,1.056,371048,78495843.0,0.28,0.09,0.001,0.36
2019-12-25,1.057,1.054,1.058,1.054,185398,39156230.0,0.38,-0.38,-0.004,0.18
2019-12-26,1.055,1.059,1.06,1.055,353293,74619289.0,0.47,0.47,0.005,0.34
2019-12-27,1.065,1.065,1.072,1.063,229443,48990786.0,0.85,0.57,0.006,0.22
2019-12-30,1.063,1.063,1.065,1.057,286535,60789668.0,0.75,-0.19,-0.002,0.28
2019-12-31,1.058,1.056,1.058,1.053,256100,53972871.0,0.47,-0.66,-0.007,0.25
2020-01-02,1.057,1.065,1.065,1.057,326859,69265892.0,0.76,0.85,0.009,0.32
2020-01-03,1.067,1.076,1.079,1.065,376426,80600358.0,1.31,1.03,0.011,0.37
2020-01-06,1.065,1.055,1.065,1.055,721322,152549201.0,0.93,-1.95,-0.021,0.70
2020-01-07,1.06,1.059,1.062,1.058,713367,151147063.0,0.38,0.38,0.004,0.69
2020-01-08,1.046,1.046,1.051,1.036,665629,139372777.0,1.42,-1.23,-0.013,0.65
2020-01-09,1.058,1.059,1.06,1.057,926987,196258831.0,0.29,1.24,0.013,0.90
2020-01-10,1.065,1.07,1.072,1.063,242718,51779958.0,0.85,1.04,0.011,0.24
2020-01-13,1.063,1.067,1.069,1.062,625713,133328624.0,0.65,-0.28,-0.003,0.61
2020-01-14,1.072,1.074,1.077,1.07,524091,112492235.0,0.66,0.66,0.007,0.51
2020-01-15,1.072,1.071,1.072,1.065,501524,107015865.0,0.65,-0.28,-0.003,0.49
2020-01-16,1.07,1.065,1.07,1.064,511188,108975283.0,0.56,-0.56,-0.006,0.50
2020-01-17,1.072,1.068,1.074,1.068,541676,115872833.0,0.56,0.28,0.003,0.53
2020-01-20,1.072,1.069,1.072,1.068,404572,86615744.0,0.37,0.09,0.001,0.39
2020-01-21,1.069,1.069,1.07,1.068,773490,165401406.0,0.19,0.00,0.000,0.75
2020-01-22,1.069,1.078,1.078,1.069,468017,100640562.0,0.84,0.84,0.009,0.46
2020-01-23,1.072,1.074,1.077,1.07,852206,183100501.0,0.65,-0.37,-0.004,0.83
2020-02-03,1.028,1.058,1.062,1.028,260097,54962042.0,3.17,-1.49,-0.016,0.25
2020-02-04,1.065,1.065,1.067,1.058,266740,56749175.0,0.85,0.66,0.007,0.26
2020-02-05,1.072,1.071,1.075,1.07,458401,98262546.0,0.47,0.56,0.006,0.45
2020-02-06,1.085,1.09,1.091,1.084,504273,109705336.0,0.65,1.77,0.019,0.49
2020-02-07,1.09,1.093,1.093,1.088,536055,116818628.0,0.46,0.28,0.003,0.52
2020-02-10,1.088,1.095,1.095,1.086,299270,65247135.0,0.82,0.18,0.002,0.29
2020-02-11,1.097,1.11,1.112,1.097,457386,101232204.0,1.37,1.37,0.015,0.45
2020-02-12,1.113,1.129,1.13,1.111,336644,75232899.0,1.71,1.71,0.019,0.33
2020-02-13,1.15,1.175,1.184,1.139,639500,148562350.0,3.99,4.07,0.046,0.62
2020-02-14,1.165,1.124,1.165,1.12,627195,143374794.0,3.83,-4.34,-0.051,0.61
2020-02-17,1.126,1.131,1.141,1.116,556279,125729731.0,2.22,0.62,0.007,0.54
2020-02-18,1.127,1.115,1.128,1.114,382637,85624104.0,1.24,-1.41,-0.016,0.37
2020-02-19,1.112,1.112,1.118,1.108,407545,90804362.0,0.90,-0.27,-0.003,0.40
2020-02-20,1.12,1.119,1.123,1.113,653223,145952579.0,0.90,0.63,0.007,0.64
2020-02-21,1.11,1.108,1.124,1.108,873559,193989669.0,1.43,-0.98,-0.011,0.85
2020-02-24,1.09,1.084,1.092,1.083,673218,146230463.0,0.81,-2.17,-0.024,0.66
2020-02-25,1.064,1.084,1.084,1.064,1083574,232300434.0,1.85,0.00,0.000,1.06
2020-02-26,1.044,1.055,1.064,1.044,460209,97047799.0,1.85,-2.68,-0.029,0.45
2020-02-27,1.056,1.049,1.056,1.048,396568,83298617.0,0.76,-0.57,-0.006,0.39
2020-02-28,1.012,1.015,1.022,1.008,435728,88402403.0,1.33,-3.24,-0.034,0.42
2020-03-02,1.015,1.035,1.044,0.997,1512524,305415888.0,4.63,1.97,0.020,1.47
2020-03-03,1.06,1.03,1.068,1.025,1389350,289265296.0,4.15,-0.48,-0.005,1.35
2020-03-04,1.01,1.017,1.019,1.004,553586,111790760.0,1.46,-1.26,-0.013,0.54
2020-03-05,1.035,1.031,1.038,1.026,562565,116086180.0,1.18,1.38,0.014,0.55
2020-03-06,1.017,1.009,1.017,1.008,282659,57100391.0,0.87,-2.13,-0.022,0.28
2020-03-09,0.982,0.954,0.982,0.95,486580,94062476.0,3.17,-5.45,-0.055,0.47
2020-03-10,0.944,0.983,0.985,0.94,639131,123117829.0,4.72,3.04,0.029,0.62
2020-03-11,0.979,0.965,0.979,0.96,514739,99515912.0,1.93,-1.83,-0.018,0.50
2020-03-12,0.943,0.93,0.943,0.916,661927,122520028.0,2.80,-3.63,-0.035,0.64
2020-03-13,0.844,0.912,0.944,0.837,962318,171590771.0,11.51,-1.94,-0.018,0.94
2020-03-16,0.892,0.89,0.905,0.874,754650,134831046.0,3.40,-2.41,-0.022,0.74
2020-03-17,0.882,0.882,0.945,0.875,824210,146522292.0,7.87,-0.90,-0.008,0.80
2020-03-18,0.885,0.853,0.893,0.852,501323,87991411.0,4.65,-3.29,-0.029,0.49
2020-03-19,0.86,0.85,0.864,0.817,722202,121464186.0,5.51,-0.35,-0.003,0.70
2020-03-20,0.855,0.879,0.883,0.852,593960,102626896.0,3.65,3.41,0.029,0.58
2020-03-23,0.838,0.826,0.852,0.824,558706,93798651.0,3.19,-6.03,-0.053,0.54
2020-03-24,0.85,0.859,0.86,0.835,1125580,191094859.0,3.03,4.00,0.033,1.10
2020-03-25,0.885,0.893,0.894,0.879,1184248,209861207.0,1.75,3.96,0.034,1.15
2020-03-26,0.892,0.882,0.892,0.872,505634,89475901.0,2.24,-1.23,-0.011,0.49
2020-03-27,0.902,0.884,0.904,0.883,722728,129463641.0,2.38,0.23,0.002,0.70
2020-03-30,0.867,0.87,0.879,0.856,582996,101150098.0,2.60,-1.58,-0.014,0.57
2020-03-31,0.886,0.882,0.889,0.88,403906,71419325.0,1.03,1.38,0.012,0.39
2020-04-01,0.87,0.863,0.881,0.862,363958,63506190.0,2.15,-2.15,-0.019,0.35
2020-04-02,0.861,0.872,0.873,0.851,557313,95972857.0,2.55,1.04,0.009,0.54
2020-04-03,0.867,0.863,0.871,0.86,280043,48500757.0,1.26,-1.03,-0.009,0.27
2020-04-07,0.895,0.905,0.906,0.891,540224,96889589.0,1.74,4.87,0.042,0.53
2020-04-08,0.899,0.898,0.906,0.894,446020,80164356.0,1.33,-0.77,-0.007,0.43
2020-04-09,0.914,0.925,0.927,0.914,882001,162384224.0,1.45,3.01,0.027,0.86
2020-04-10,0.929,0.924,0.934,0.921,607176,112715346.0,1.41,-0.11,-0.001,0.59
2020-04-13,0.919,0.916,0.919,0.912,471164,86281031.0,0.76,-0.87,-0.008,0.46
2020-04-14,0.921,0.934,0.934,0.918,457153,84841053.0,1.75,1.97,0.018,0.45
2020-04-15,0.943,0.941,0.948,0.939,765100,144483009.0,0.96,0.75,0.007,0.75
2020-04-16,0.926,0.936,0.941,0.923,654698,121530011.0,1.91,-0.53,-0.005,0.64
2020-04-17,0.958,0.956,0.961,0.953,984692,188644240.0,0.85,2.14,0.020,0.96
2020-04-20,0.958,0.956,0.959,0.952,346759,66273312.0,0.73,0.00,0.000,0.34
2020-04-21,0.951,0.937,0.951,0.931,653201,122566905.0,2.09,-1.99,-0.019,0.64
2020-04-22,0.916,0.926,0.93,0.916,835998,153945525.0,1.49,-1.17,-0.011,0.81
2020-04-23,0.934,0.936,0.938,0.929,548458,102383380.0,0.97,1.08,0.010,0.53
2020-04-24,0.927,0.93,0.93,0.924,385822,71528773.0,0.64,-0.64,-0.006,0.38
2020-04-27,0.942,0.949,0.956,0.94,462839,87820314.0,1.72,2.04,0.019,0.45
2020-04-28,0.957,0.958,0.96,0.952,476583,91166199.0,0.84,0.95,0.009,0.46
2020-04-29,0.964,0.966,0.971,0.962,489329,94552377.0,0.94,0.84,0.008,0.48
2020-04-30,0.985,0.986,0.99,0.98,531510,104607514.0,1.04,2.07,0.020,0.52
2020-05-06,0.967,0.974,0.974,0.962,718563,138804293.0,1.22,-1.22,-0.012,0.70
2020-05-07,0.967,0.962,0.967,0.959,688961,132435178.0,0.82,-1.23,-0.012,0.67
2020-05-08,0.97,0.971,0.974,0.967,826419,160644204.0,0.73,0.94,0.009,0.81
2020-05-11,0.98,0.981,0.984,0.978,871086,170846858.0,0.62,1.03,0.010,0.85
2020-05-12,0.976,0.967,0.977,0.967,720454,139762225.0,1.02,-1.43,-0.014,0.70
2020-05-13,0.951,0.956,0.958,0.948,670651,127756292.0,1.03,-1.14,-0.011,0.65
2020-05-14,0.943,0.942,0.945,0.938,960035,180691520.0,0.73,-1.46,-0.014,0.94
2020-05-15,0.953,0.954,0.956,0.95,768741,146498719.0,0.64,1.27,0.012,0.75
2020-05-18,0.963,0.968,0.969,0.961,374285,72209607.0,0.84,1.47,0.014,0.36
2020-05-19,0.986,0.993,0.994,0.983,494835,97586796.0,1.14,2.58,0.025,0.48
2020-05-20,0.985,0.982,0.985,0.979,1400237,275000000.0,0.60,-1.11,-0.011,1.36
2020-05-21,0.991,0.984,0.991,0.984,931974,183865680.0,0.71,0.20,0.002,0.91
2020-05-22,0.984,0.977,0.985,0.975,450563,88246807.0,1.02,-0.71,-0.007,0.44
2020-05-25,0.985,0.994,0.995,0.985,729416,144250138.0,1.02,1.74,0.017,0.71
2020-05-26,1.002,1.01,1.01,1.0,473933,95133831.0,1.01,1.61,0.016,0.46
2020-05-27,1.005,1.01,1.012,1.003,459596,92477522.0,0.89,0.00,0.000,0.45
2020-05-28,1.02,1.022,1.026,1.02,463557,94870495.0,0.59,1.19,0.012,0.45
2020-05-29,1.011,1.015,1.016,1.01,592143,120063213.0,0.59,-0.68,-0.007,0.58
2020-06-01,1.016,1.017,1.02,1.015,500418,101810279.0,0.49,0.20,0.002,0.49
2020-06-02,1.017,1.018,1.02,1.015,555707,113069241.0,0.49,0.10,0.001,0.54
2020-06-03,1.028,1.031,1.033,1.026,489800,100897093.0,0.69,1.28,0.013,0.48
2020-06-04,1.04,1.035,1.041,1.035,319910,66394956.0,0.58,0.39,0.004,0.31
2020-06-05,1.035,1.044,1.044,1.034,352392,73259690.0,0.97,0.87,0.009,0.34
2020-06-08,1.057,1.059,1.06,1.057,368786,78030587.0,0.29,1.44,0.015,0.36
2020-06-09,1.072,1.074,1.075,1.066,418668,89760629.0,0.85,1.42,0.015,0.41
2020-06-10,1.073,1.071,1.074,1.068,515340,110410278.0,0.56,-0.28,-0.003,0.50
2020-06-11,1.062,1.042,1.062,1.04,780987,163614744.0,2.05,-2.71,-0.029,0.76
2020-06-12,1.001,1.01,1.017,1.0,804378,162379617.0,1.63,-3.07,-0.032,0.78
2020-06-15,1.0,0.981,1.001,0.979,860692,170553054.0,2.18,-2.87,-0.029,0.84
2020-06-16,1.018,1.029,1.037,1.016,786172,161223219.0,2.14,4.89,0.048,0.77
2020-06-17,1.037,1.04,1.042,1.033,376929,78282095.0,0.87,1.07,0.011,0.37
2020-06-18,1.025,1.03,1.032,1.023,498375,102260612.0,0.87,-0.96,-0.010,0.49
2020-06-19,1.032,1.036,1.036,1.032,1141280,235886672.0,0.39,0.58,0.006,1.11
2020-06-22,1.03,1.025,1.03,1.021,527486,108065016.0,0.87,-1.06,-0.011,0.51
2020-06-23,1.025,1.033,1.036,1.023,474752,97801170.0,1.27,0.78,0.008,0.46
2020-06-24,1.037,1.036,1.038,1.033,380053,78679950.0,0.48,0.29,0.003,0.37
2020-06-29,1.008,1.003,1.008,0.999,543938,109047641.0,0.87,-3.19,-0.033,0.53
2020-06-30,1.011,1.007,1.014,1.004,449848,90763200.0,1.00,0.40,0.004,0.44
2020-07-01,1.02,1.022,1.022,1.017,431429,87941081.0,0.50,1.49,0.015,0.42
2020-07-02,1.025,1.03,1.03,1.024,303132,62234286.0,0.59,0.78,0.008,0.30
2020-07-03,1.032,1.036,1.036,1.031,444248,91784150.0,0.49,0.58,0.006,0.43
2020-07-06,1.037,1.043,1.044,1.036,677160,140753994.0,0.77,0.68,0.007,0.66
2020-07-07,1.046,1.034,1.046,1.032,505729,104853467.0,1.34,-0.86,-0.009,0.49
2020-07-08,1.033,1.03,1.034,1.03,789733,162993795.0,0.39,-0.39,-0.004,0.77
2020-07-09,1.034,1.031,1.039,1.029,1723361,356996384.0,0.97,0.10,0.001,1.68
2020-07-10,1.029,1.019,1.029,1.012,646928,132303806.0,1.65,-1.16,-0.012,0.63
2020-07-13,1.038,1.044,1.046,1.035,781988,162610522.0,1.08,2.45,0.025,0.76
2020-07-14,1.033,1.036,1.037,1.026,635419,131198803.0,1.05,-0.77,-0.008,0.62
2020-07-15,1.048,1.052,1.054,1.048,294267,61822154.0,0.58,1.54,0.016,0.29
2020-07-16,1.059,1.048,1.059,1.046,279309,58618857.0,1.24,-0.38,-0.004,0.27
2020-07-17,1.049,1.053,1.055,1.042,306770,64489982.0,1.24,0.48,0.005,0.30
2020-07-20,1.053,1.049,1.054,1.046,327955,68764926.0,0.76,-0.38,-0.004,0.32
2020-07-21,1.061,1.066,1.068,1.059,552391,117624873.0,0.86,1.62,0.017,0.54
2020-07-22,1.064,1.063,1.07,1.06,593723,126233272.0,0.94,-0.28,-0.003,0.58
2020-07-23,1.069,1.074,1.074,1.069,222793,47719828.0,0.47,1.03,0.011,0.22
2020-07-24,1.059,1.054,1.063,1.051,298085,62966217.0,1.12,-1.86,-0.020,0.29
2020-07-27,1.054,1.055,1.061,1.053,398525,84127881.0,0.76,0.09,0.001,0.39
2020-07-28,1.062,1.061,1.067,1.06,413818,87943411.0,0.66,0.57,0.006,0.40
2020-07-29,1.057,1.058,1.059,1.053,255381,53925394.0,0.57,-0.28,-0.003,0.25
2020-07-30,1.064,1.062,1.067,1.062,172959,36809047.0,0.47,0.38,0.004,0.17
2020-07-31,1.067,1.067,1.074,1.064,554486,118438993.0,0.94,0.47,0.005,0.54
2020-08-03,1.071,1.068,1.077,1.068,442982,94831762.0,0.84,0.09,0.001,0.43
2020-08-04,1.074,1.077,1.079,1.074,365512,78650174.0,0.47,0.84,0.009,0.36
2020-08-05,1.077,1.081,1.085,1.077,177122,38258841.0,0.74,0.37,0.004,0.17
2020-08-06,1.087,1.088,1.089,1.084,257608,55971774.0,0.46,0.65,0.007,0.25
2020-08-07,1.092,1.1,1.1,1.092,256034,56174298.0,0.74,1.10,0.012,0.25
2020-08-10,1.1,1.107,1.109,1.098,143616,31721588.0,1.00,0.64,0.007,0.14
2020-08-11,1.106,1.103,1.11,1.101,147061,32510914.0,0.81,-0.36,-0.004,0.14
2020-08-12,1.092,1.094,1.095,1.085,360321,78462110.0,0.91,-0.82,-0.009,0.35
2020-08-13,1.101,1.106,1.108,1.101,631756,139569511.0,0.64,1.10,0.012,0.62
2020-08-14,1.105,1.106,1.107,1.103,100449,22208823.0,0.36,0.00,0.000,0.10
2020-08-17,1.106,1.106,1.107,1.102,214915,47503519.0,0.45,0.00,0.000,0.21
2020-08-18,1.107,1.105,1.113,1.105,321946,71302719.0,0.72,-0.09,-0.001,0.31
2020-08-19,1.107,1.111,1.111,1.107,139257,30881725.0,0.36,0.54,0.006,0.14
2020-08-20,1.105,1.098,1.105,1.096,298162,65484405.0,0.81,-1.17,-0.013,0.29
2020-08-21,1.102,1.104,1.106,1.102,396084,87418038.0,0.36,0.55,0.006,0.39
2020-08-24,1.109,1.114,1.115,1.108,450820,100178128.0,0.63,0.91,0.010,0.44
2020-08-25,1.125,1.143,1.148,1.125,351831,79794965.0,2.06,2.60,0.029,0.34
2020-08-26,1.149,1.13,1.152,1.128,455716,103498361.0,2.10,-1.14,-0.013,0.44
2020-08-27,1.146,1.145,1.147,1.136,314175,71874859.0,0.97,1.33,0.015,0.31
2020-08-28,1.144,1.153,1.163,1.139,246264,56690662.0,2.10,0.70,0.008,0.24
2020-08-31,1.159,1.163,1.165,1.158,155453,36144362.0,0.61,0.87,0.010,0.15
2020-09-01,1.164,1.148,1.168,1.14,314731,72502213.0,2.41,-1.29,-0.015,0.31
2020-09-02,1.162,1.167,1.167,1.155,261266,60551013.0,1.05,1.66,0.019,0.25
2020-09-03,1.19,1.233,1.238,1.177,548908,132702466.0,5.23,5.66,0.066,0.53
2020-09-04,1.15,1.159,1.189,1.14,872064,203538183.0,3.97,-6.00,-0.074,0.85
2020-09-07,1.154,1.105,1.154,1.105,606961,136266285.0,4.23,-4.66,-0.054,0.59
2020-09-08,1.119,1.126,1.128,1.108,670513,149729810.0,1.81,1.90,0.021,0.65
2020-09-09,1.078,1.084,1.095,1.076,350911,76061858.0,1.69,-3.73,-0.042,0.34
2020-09-10,1.108,1.098,1.108,1.097,583825,128637555.0,1.01,1.29,0.014,0.57
2020-09-11,1.083,1.087,1.088,1.076,348856,75481559.0,1.09,-1.00,-0.011,0.34
2020-09-14,1.085,1.088,1.089,1.081,418739,90831898.0,0.74,0.09,0.001,0.41
2020-09-15,1.09,1.089,1.093,1.085,554115,120580539.0,0.74,0.09,0.001,0.54
2020-09-16,1.092,1.095,1.101,1.092,389099,85238413.0,0.83,0.55,0.006,0.38
2020-09-17,1.088,1.073,1.088,1.072,358530,77540577.0,1.46,-2.01,-0.022,0.35
2020-09-18,1.07,1.077,1.078,1.067,321078,68900605.0,1.03,0.37,0.004,0.31
2020-09-21,1.07,1.063,1.071,1.06,204634,43614224.0,1.02,-1.30,-0.014,0.20
2020-09-22,1.056,1.05,1.057,1.048,241743,50867547.0,0.85,-1.22,-0.013,0.24
2020-09-23,1.059,1.06,1.062,1.055,199328,42193130.0,0.67,0.95,0.010,0.19
2020-09-24,1.039,1.036,1.048,1.036,221173,45933911.0,1.13,-2.26,-0.024,0.22
2020-09-25,1.043,1.045,1.047,1.043,144410,30187151.0,0.39,0.87,0.009,0.14
2020-09-28,1.06,1.062,1.066,1.056,646055,137047720.0,0.96,1.63,0.017,0.63
2020-09-29,1.074,1.074,1.078,1.073,662784,142540306.0,0.47,1.13,0.012,0.65
2020-09-30,1.074,1.062,1.075,1.058,310263,66159250.0,1.58,-1.12,-0.012,0.30
2020-10-09,1.098,1.096,1.098,1.09,354009,77572175.0,0.75,3.20,0.034,0.34
2020-10-12,1.102,1.104,1.105,1.101,418924,92417054.0,0.36,0.73,0.008,0.41
2020-10-13,1.118,1.122,1.128,1.116,656111,147324042.0,1.09,1.63,0.018,0.64
2020-10-14,1.116,1.117,1.118,1.112,638822,142470741.0,0.53,-0.45,-0.005,0.62
2020-10-15,1.106,1.1,1.106,1.099,867347,190909291.0,0.63,-1.52,-0.017,0.84
2020-10-16,1.103,1.105,1.108,1.102,266119,58861428.0,0.55,0.45,0.005,0.26
2020-10-19,1.109,1.106,1.112,1.104,468339,103654385.0,0.72,0.09,0.001,0.46
2020-10-20,1.091,1.088,1.091,1.086,180874,39323071.0,0.45,-1.63,-0.018,0.18
2020-10-21,1.088,1.091,1.092,1.086,200681,43662846.0,0.55,0.28,0.003,0.20
2020-10-22,1.084,1.078,1.084,1.075,547833,118065093.0,0.82,-1.19,-0.013,0.53
2020-10-23,1.083,1.087,1.09,1.082,257091,55889837.0,0.74,0.83,0.009,0.25
2020-10-26,1.086,1.081,1.086,1.078,237301,51299663.0,0.74,-0.55,-0.006,0.23
2020-10-27,1.07,1.078,1.078,1.069,474406,101869719.0,0.83,-0.28,-0.003,0.46
2020-10-28,1.068,1.063,1.069,1.063,296093,63049620.0,0.56,-1.39,-0.015,0.29
2020-10-29,1.041,1.044,1.046,1.04,350239,73038132.0,0.56,-1.79,-0.019,0.34
2020-10-30,1.038,1.024,1.038,1.022,505095,104140510.0,1.53,-1.92,-0.020,0.49
2020-11-02,1.029,1.034,1.037,1.029,284003,58673992.0,0.78,0.98,0.010,0.28
2020-11-03,1.046,1.053,1.055,1.046,291233,61188422.0,0.87,1.84,0.019,0.28
2020-11-04,1.062,1.07,1.089,1.062,1028181,221138483.0,2.56,1.61,0.017,1.00
2020-11-05,1.087,1.084,1.093,1.078,548292,118942878.0,1.40,1.31,0.014,0.53
2020-11-06,1.093,1.088,1.093,1.085,341082,74290769.0,0.74,0.37,0.004,0.33
2020-11-09,1.104,1.105,1.112,1.103,517038,114516514.0,0.83,1.56,0.017,0.50
2020-11-10,1.105,1.1,1.109,1.096,391081,86236154.0,1.18,-0.45,-0.005,0.38
2020-11-11,1.1,1.105,1.106,1.095,218039,48060676.0,1.00,0.45,0.005,0.21
2020-11-12,1.108,1.107,1.113,1.105,200302,44375432.0,0.72,0.18,0.002,0.20
2020-11-13,1.103,1.106,1.107,1.093,230811,50778610.0,1.26,-0.09,-0.001,0.22
2020-11-16,1.117,1.121,1.124,1.117,183637,41150846.0,0.63,1.36,0.015,0.18
2020-11-17,1.128,1.117,1.128,1.114,262215,58615528.0,1.25,-0.36,-0.004,0.26
2020-11-18,1.115,1.106,1.115,1.106,178999,39739925.0,0.81,-0.98,-0.011,0.17
2020-11-19,1.102,1.106,1.106,1.099,214331,47204355.0,0.63,0.00,0.000,0.21
2020-11-20,1.101,1.101,1.11,1.099,179998,39647223.0,0.99,-0.45,-0.005,0.18
2020-11-23,1.1,1.1,1.101,1.097,150697,33102414.0,0.36,-0.09,-0.001,0.15
2020-11-24,1.108,1.116,1.116,1.108,166707,37089357.0,0.73,1.45,0.016,0.16
2020-11-25,1.129,1.125,1.131,1.123,505099,113701413.0,0.72,0.81,0.009,0.49
2020-11-26,1.123,1.125,1.126,1.118,818768,183768889.0,0.71,0.00,0.000,0.80
2020-11-27,1.123,1.122,1.125,1.118,806015,180682525.0,0.62,-0.27,-0.003,0.79
2020-11-30,1.121,1.116,1.123,1.115,159098,35634686.0,0.71,-0.53,-0.006,0.15
2020-12-01,1.127,1.128,1.13,1.124,200050,45107295.0,0.54,1.08,0.012,0.19
2020-12-02,1.127,1.125,1.127,1.123,149253,33547055.0,0.35,-0.27,-0.003,0.15
2020-12-03,1.129,1.13,1.135,1.127,336101,75959975.0,0.71,0.44,0.005,0.33
2020-12-04,1.129,1.127,1.131,1.126,206688,46629272.0,0.44,-0.27,-0.003,0.20
2020-12-07,1.132,1.131,1.134,1.13,186832,42290950.0,0.35,0.35,0.004,0.18
2020-12-08,1.13,1.129,1.13,1.127,177942,40155561.0,0.27,-0.18,-0.002,0.17
2020-12-09,1.135,1.139,1.139,1.134,194483,44216140.0,0.44,0.89,0.010,0.19
2020-12-10,1.128,1.132,1.133,1.127,654542,148123645.0,0.53,-0.61,-0.007,0.64
2020-12-11,1.132,1.133,1.136,1.13,566550,128262230.0,0.53,0.09,0.001,0.55
2020-12-14,1.133,1.136,1.149,1.133,464936,105918588.0,1.41,0.26,0.003,0.45
2020-12-15,1.131,1.126,1.132,1.122,215240,48472640.0,0.88,-0.88,-0.010,0.21
2020-12-16,1.134,1.135,1.137,1.134,101978,23151042.0,0.27,0.80,0.009,0.10
2020-12-17,1.139,1.139,1.139,1.135,50351,11452852.0,0.35,0.35,0.004,0.05
2020-12-18,1.143,1.143,1.143,1.135,154878,35305136.0,0.70,0.35,0.004,0.15
2020-12-21,1.142,1.14,1.15,1.138,131674,30046448.0,1.05,-0.26,-0.003,0.13
2020-12-22,1.135,1.129,1.142,1.127,237571,53844836.0,1.32,-0.96,-0.011,0.23
2020-12-23,1.129,1.13,1.132,1.125,105347,23785348.0,0.62,0.09,0.001,0.10
2020-12-24,1.132,1.133,1.138,1.131,238479,54032064.0,0.62,0.27,0.003,0.23
2020-12-25,1.135,1.136,1.14,1.134,105772,24030893.0,0.53,0.26,0.003,0.10
2020-12-28,1.137,1.142,1.143,1.137,105758,24122188.0,0.53,0.53,0.006,0.10
2020-12-29,1.147,1.152,1.153,1.147,133658,30724876.0,0.53,0.88,0.010,0.13
2020-12-30,1.148,1.145,1.148,1.144,151725,34756653.0,0.35,-0.61,-0.007,0.15
2020-12-31,1.145,1.146,1.149,1.142,154074,35270039.0,0.61,0.09,0.001,0.15
2021-01-04,1.147,1.14,1.149,1.139,436978,99991782.0,0.87,-0.52,-0.006,0.43
2021-01-05,1.13,1.123,1.13,1.121,289516,65093511.0,0.79,-1.49,-0.017,0.28
2021-01-06,1.125,1.125,1.129,1.123,188659,42436696.0,0.53,0.18,0.002,0.18
2021-01-07,1.138,1.142,1.143,1.136,167649,38244635.0,0.62,1.51,0.017,0.16
2021-01-08,1.154,1.159,1.161,1.154,227211,52640169.0,0.61,1.49,0.017,0.22
2021-01-11,1.159,1.154,1.162,1.153,240130,55597070.0,0.78,-0.43,-0.005,0.23
2021-01-12,1.156,1.156,1.159,1.149,146251,33817940.0,0.87,0.17,0.002,0.14
2021-01-13,1.154,1.153,1.155,1.151,176732,40745858.0,0.35,-0.26,-0.003,0.17
2021-01-14,1.155,1.161,1.162,1.155,131723,30549346.0,0.61,0.69,0.008,0.13
2021-01-15,1.151,1.151,1.155,1.149,98972,22801179.0,0.52,-0.86,-0.010,0.10
2021-01-18,1.15,1.147,1.15,1.143,160565,36777335.0,0.61,-0.35,-0.004,0.16
2021-01-19,1.152,1.156,1.159,1.152,389491,90092185.0,0.61,0.78,0.009,0.38
2021-01-20,1.158,1.154,1.163,1.153,209534,48423469.0,0.87,-0.17,-0.002,0.20
2021-01-21,1.168,1.174,1.174,1.167,303626,71019799.0,0.61,1.73,0.020,0.30
2021-01-22,1.172,1.168,1.173,1.166,323820,75706894.0,0.60,-0.51,-0.006,0.32
2021-01-25,1.169,1.174,1.177,1.169,221094,51864194.0,0.68,0.51,0.006,0.22
2021-01-26,1.173,1.164,1.173,1.163,83511,19480568.0,0.85,-0.85,-0.010,0.08
2021-01-27,1.168,1.169,1.172,1.165,100612,23484046.0,0.60,0.43,0.005,0.10
2021-01-28,1.152,1.139,1.152,1.139,126387,28872777.0,1.11,-2.57,-0.030,0.12
2021-01-29,1.146,1.141,1.154,1.133,610635,138934450.0,1.84,0.18,0.002,0.59
2021-02-01,1.128,1.134,1.134,1.12,167103,37657232.0,1.23,-0.61,-0.007,0.16
2021-02-02,1.146,1.153,1.154,1.146,175776,40447426.0,0.71,1.68,0.019,0.17
2021-02-03,1.165,1.166,1.17,1.162,74778,17420735.0,0.69,1.13,0.013,0.07
2021-02-04,1.165,1.165,1.168,1.158,145408,33818700.0,0.86,-0.09,-0.001,0.14
2021-02-05,1.175,1.185,1.185,1.175,161819,38193949.0,0.86,1.72,0.020,0.16
2021-02-08,1.189,1.185,1.205,1.183,308732,73391186.0,1.86,0.00,0.000,0.30
2021-02-09,1.199,1.192,1.199,1.186,75464,17973515.0,1.10,0.59,0.007,0.07
2021-02-10,1.192,1.191,1.193,1.187,120172,28610802.0,0.50,-0.08,-0.001,0.12
2021-02-18,1.193,1.193,1.193,1.189,161708,38520930.0,0.34,0.17,0.002,0.16
2021-02-19,1.191,1.189,1.191,1.183,80807,19161683.0,0.67,-0.34,-0.004,0.08
2021-02-22,1.188,1.185,1.19,1.184,152073,36077288.0,0.50,-0.34,-0.004,0.15
2021-02-23,1.182,1.185,1.186,1.171,96866,22883659.0,1.27,0.00,0.000,0.09
2021-02-24,1.185,1.176,1.186,1.175,188612,44444918.0,0.93,-0.76,-0.009,0.18
2021-02-25,1.191,1.195,1.199,1.191,419496,100191691.0,0.68,1.62,0.019,0.41
2021-02-26,1.167,1.163,1.175,1.162,269814,63038885.0,1.09,-2.68,-0.032,0.26
2021-03-01,1.181,1.172,1.181,1.167,115218,27012786.0,1.20,0.77,0.009,0.11
2021-03-02,1.19,1.189,1.19,1.182,139574,33102650.0,0.68,1.45,0.017,0.14
2021-03-03,1.184,1.188,1.189,1.179,137428,32591393.0,0.84,-0.08,-0.001,0.13
2021-03-04,1.18,1.164,1.18,1.161,121460,28305718.0,1.60,-2.02,-0.024,0.12
2021-03-05,1.138,1.152,1.155,1.138,144597,33131716.0,1.46,-1.03,-0.012,0.14
2021-03-08,1.176,1.177,1.179,1.171,200356,47063224.0,0.69,2.17,0.025,0.20
2021-03-09,1.178,1.188,1.193,1.176,594387,140818903.0,1.44,0.93,0.011,0.58
2021-03-10,1.19,1.187,1.196,1.186,108377,25792025.0,0.84,-0.08,-0.001,0.11
2021-03-11,1.196,1.206,1.207,1.196,298746,71854664.0,0.93,1.60,0.019,0.29
2021-03-12,1.218,1.207,1.218,1.206,155710,37684589.0,1.00,0.08,0.001,0.15
2021-03-15,1.209,1.214,1.216,1.209,169258,41065442.0,0.58,0.58,0.007,0.16
2021-03-16,1.221,1.222,1.224,1.216,250327,61033723.0,0.66,0.66,0.008,0.24
2021-03-17,1.22,1.217,1.22,1.213,137450,33410619.0,0.57,-0.41,-0.005,0.13
2021-03-18,1.223,1.218,1.225,1.216,157202,38306987.0,0.74,0.08,0.001,0.15
2021-03-19,1.202,1.203,1.209,1.201,153796,37020663.0,0.66,-1.23,-0.015,0.15
2021-03-22,1.2,1.203,1.204,1.193,101484,24364215.0,0.91,0.00,0.000,0.10
2021-03-23,1.213,1.208,1.214,1.203,155972,37654909.0,0.91,0.42,0.005,0.15
2021-03-24,1.208,1.2,1.208,1.198,202643,48631705.0,0.83,-0.66,-0.008,0.20
2021-03-25,1.191,1.2,1.2,1.191,235640,56431863.0,0.75,0.00,0.000,0.23
2021-03-26,1.204,1.213,1.213,1.204,86344,20894159.0,0.75,1.08,0.013,0.08
2021-03-29,1.216,1.222,1.223,1.216,173413,42292248.0,0.58,0.74,0.009,0.17
2021-03-30,1.225,1.23,1.232,1.223,91590,22523490.0,0.74,0.65,0.008,0.09
2021-03-31,1.24,1.224,1.24,1.223,86925,21314655.0,1.38,-0.49,-0.006,0.08
2021-04-01,1.23,1.237,1.237,1.23,75012,18504332.0,0.57,1.06,0.013,0.07
2021-04-02,1.249,1.249,1.252,1.244,143960,35911823.0,0.65,0.97,0.012,0.14
2021-04-06,1.264,1.265,1.268,1.26,236974,59847136.0,0.64,1.28,0.016,0.23
2021-04-07,1.264,1.263,1.265,1.256,165311,41652682.0,0.71,-0.16,-0.002,0.16
2021-04-08,1.266,1.268,1.27,1.266,208352,52828867.0,0.32,0.40,0.005,0.20
2021-04-09,1.296,1.271,1.296,1.268,236071,59995769.0,2.21,0.24,0.003,0.23
2021-04-12,1.275,1.279,1.28,1.275,189187,48336945.0,0.39,0.63,0.008,0.18
2021-04-13,1.279,1.279,1.281,1.275,118240,30215231.0,0.47,0.00,0.000,0.12
2021-04-14,1.282,1.285,1.285,1.281,187550,48103736.0,0.31,0.47,0.006,0.18
2021-04-15,1.28,1.282,1.282,1.275,246880,63100023.0,0.54,-0.23,-0.003,0.24
2021-04-16,1.289,1.292,1.295,1.288,239290,61817005.0,0.55,0.78,0.010,0.23
2021-04-19,1.293,1.29,1.295,1.289,170224,44006701.0,0.46,-0.15,-0.002,0.17
2021-04-20,1.284,1.28,1.285,1.28,200978,51566871.0,0.39,-0.78,-0.010,0.20
2021-04-21,1.267,1.272,1.273,1.264,237937,60329804.0,0.70,-0.63,-0.008,0.23
2021-04-22,1.281,1.279,1.282,1.277,100321,25649884.0,0.39,0.55,0.007,0.10
2021-04-23,1.27,1.268,1.271,1.266,131813,33445243.0,0.39,-0.86,-0.011,0.13
2021-04-26,1.279,1.28,1.281,1.277,100418,25682621.0,0.32,0.95,0.012,0.10
2021-04-27,1.282,1.287,1.287,1.282,110228,28323636.0,0.39,0.55,0.007,0.11
2021-04-28,1.286,1.285,1.286,1.283,73685,18912920.0,0.23,-0.16,-0.002,0.07
2021-04-29,1.286,1.29,1.29,1.286,102160,26313427.0,0.31,0.39,0.005,0.10
2021-04-30,1.29,1.29,1.291,1.284,182736,47015398.0,0.54,0.00,0.000,0.18
2021-05-06,1.284,1.283,1.284,1.274,143093,36594324.0,0.78,-0.54,-0.007,0.14
2021-05-07,1.293,1.29,1.293,1.285,154925,39895520.0,0.62,0.55,0.007,0.15
2021-05-10,1.296,1.293,1.298,1.292,213150,55198281.0,0.47,0.23,0.003,0.21
2021-05-11,1.273,1.273,1.274,1.262,214659,54427340.0,0.93,-1.55,-0.020,0.21
2021-05-12,1.263,1.264,1.265,1.257,273711,68976293.0,0.63,-0.71,-0.009,0.27
2021-05-13,1.24,1.24,1.243,1.24,224489,55712319.0,0.24,-1.90,-0.024,0.22
2021-05-14,1.251,1.259,1.26,1.251,197900,49671999.0,0.73,1.53,0.019,0.19
2021-05-17,1.269,1.269,1.272,1.266,257537,65328383.0,0.48,0.79,0.010,0.25
2021-05-18,1.269,1.273,1.274,1.268,134573,34186369.0,0.47,0.32,0.004,0.13
2021-05-19,1.255,1.252,1.255,1.25,170668,42732631.0,0.39,-1.65,-0.021,0.17
2021-05-20,1.25,1.251,1.254,1.248,163317,40914988.0,0.48,-0.08,-0.001,0.16
2021-05-21,1.263,1.267,1.269,1.262,149868,37919294.0,0.56,1.28,0.016,0.15
2021-05-24,1.266,1.269,1.269,1.266,169091,42854931.0,0.24,0.16,0.002,0.16
2021-05-25,1.277,1.276,1.278,1.273,329308,83964136.0,0.39,0.55,0.007,0.32
2021-05-26,1.275,1.27,1.275,1.268,208999,53125503.0,0.55,-0.47,-0.006,0.20
2021-05-27,1.268,1.261,1.268,1.261,145477,36794726.0,0.55,-0.71,-0.009,0.14
2021-05-28,1.265,1.269,1.274,1.265,211971,53796017.0,0.71,0.63,0.008,0.21
2021-05-31,1.268,1.266,1.27,1.266,173225,43920989.0,0.32,-0.24,-0.003,0.17
2021-06-01,1.267,1.267,1.267,1.263,99355,25129701.0,0.32,0.08,0.001,0.10
2021-06-02,1.268,1.267,1.268,1.266,78516,19886657.0,0.16,0.00,0.000,0.08
2021-06-03,1.268,1.269,1.27,1.267,80162,20331704.0,0.24,0.16,0.002,0.08
2021-06-04,1.268,1.267,1.268,1.263,177806,44971808.0,0.39,-0.16,-0.002,0.17
2021-06-07,1.273,1.279,1.279,1.272,104389,26615401.0,0.55,0.95,0.012,0.10
2021-06-08,1.279,1.279,1.281,1.277,122304,31285153.0,0.31,0.00,0.000,0.12
2021-06-09,1.28,1.279,1.28,1.277,74973,19173071.0,0.23,0.00,0.000,0.07
2021-06-10,1.279,1.275,1.279,1.273,66054,16850231.0,0.47,-0.31,-0.004,0.06
2021-06-11,1.28,1.279,1.281,1.277,65792,16831720.0,0.31,0.31,0.004,0.06
2021-06-15,1.286,1.287,1.289,1.151,227268,58318068.0,10.79,0.63,0.008,0.22
2021-06-16,1.284,1.282,1.284,1.281,94407,24209634.0,0.23,-0.39,-0.005,0.09
2021-06-17,1.274,1.276,1.28,1.273,82439,21016377.0,0.55,-0.47,-0.006,0.08
2021-06-18,1.28,1.282,1.284,1.28,236225,60566571.0,0.31,0.47,0.006,0.23
2021-06-21,1.268,1.265,1.268,1.26,279683,70638117.0,0.62,-1.33,-0.017,0.27
2021-06-22,1.277,1.289,1.289,1.277,258770,66562812.0,0.95,1.90,0.024,0.25
2021-06-23,1.295,1.3,1.301,1.294,149401,38760829.0,0.54,0.85,0.011,0.15
2021-06-24,1.299,1.298,1.299,1.297,56575,14685374.0,0.15,-0.15,-0.002,0.06
2021-06-25,1.304,1.302,1.306,1.302,80851,21070547.0,0.31,0.31,0.004,0.08
2021-06-28,1.306,1.304,1.313,1.3,103000,26878569.0,1.00,0.15,0.002,0.10
2021-06-29,1.308,1.305,1.309,1.304,71608,18684914.0,0.38,0.08,0.001,0.07
2021-06-30,1.307,1.308,1.309,1.306,41054,10738063.0,0.23,0.23,0.003,0.04
2021-07-01,1.311,1.312,1.313,1.311,44941,11789998.0,0.15,0.31,0.004,0.04
2021-07-02,1.317,1.323,1.323,1.317,100008,26405646.0,0.46,0.84,0.011,0.10
2021-07-05,1.33,1.33,1.333,1.327,355104,94385701.0,0.45,0.53,0.007,0.35
2021-07-06,1.33,1.332,1.334,1.328,276096,73470519.0,0.45,0.15,0.002,0.27
2021-07-07,1.33,1.33,1.332,1.327,124329,33051141.0,0.38,-0.15,-0.002,0.12
2021-07-08,1.331,1.326,1.335,1.326,113101,30090346.0,0.68,-0.30,-0.004,0.11
2021-07-09,1.316,1.327,1.328,1.315,204859,54135247.0,0.98,0.08,0.001,0.20
2021-07-12,1.334,1.339,1.339,1.334,153101,40931617.0,0.38,0.90,0.012,0.15
2021-07-13,1.341,1.338,1.344,1.337,162622,43610965.0,0.52,-0.07,-0.001,0.16
2021-07-14,1.337,1.336,1.339,1.334,157537,42115674.0,0.37,-0.15,-0.002,0.15
2021-07-15,1.333,1.337,1.339,1.333,94855,25360845.0,0.45,0.07,0.001,0.09
2021-07-16,1.334,1.334,1.335,1.332,161566,43082283.0,0.22,-0.22,-0.003,0.16
2021-07-19,1.319,1.323,1.325,1.317,62457,16496781.0,0.60,-0.82,-0.011,0.06
2021-07-20,1.318,1.318,1.321,1.307,215494,56685402.0,1.06,-0.38,-0.005,0.21
2021-07-21,1.328,1.328,1.33,1.323,137800,36561789.0,0.53,0.76,0.010,0.13
2021-07-22,1.336,1.336,1.337,1.333,41430,11060396.0,0.30,0.60,0.008,0.04
2021-07-23,1.338,1.339,1.34,1.338,186278,49875969.0,0.15,0.22,0.003,0.18
2021-07-26,1.344,1.347,1.35,1.344,159720,43016832.0,0.45,0.60,0.008,0.16
2021-07-27,1.351,1.353,1.356,1.35,124408,33679650.0,0.45,0.45,0.006,0.12
2021-07-28,1.353,1.352,1.358,1.349,151373,40942932.0,0.67,-0.07,-0.001,0.15
2021-07-29,1.351,1.349,1.351,1.344,112832,30375040.0,0.52,-0.22,-0.003,0.11
2021-07-30,1.35,1.34,1.35,1.338,207817,55714347.0,0.89,-0.67,-0.009,0.20
2021-08-02,1.348,1.352,1.354,1.346,124214,33563569.0,0.60,0.90,0.012,0.12
2021-08-03,1.345,1.346,1.347,1.341,182306,49026540.0,0.44,-0.44,-0.006,0.18
2021-08-04,1.353,1.35,1.357,1.349,141328,38197245.0,0.59,0.30,0.004,0.14
2021-08-05,1.347,1.347,1.35,1.345,144168,38845081.0,0.37,-0.22,-0.003,0.14
2021-08-06,1.353,1.354,1.355,1.35,122655,33163080.0,0.37,0.52,0.007,0.12
2021-08-09,1.355,1.358,1.36,1.353,103183,28001748.0,0.52,0.30,0.004,0.10
2021-08-10,1.358,1.356,1.361,1.353,196291,53211842.0,0.59,-0.15,-0.002,0.19
2021-08-11,1.357,1.358,1.361,1.357,86216,23418204.0,0.29,0.15,0.002,0.08
2021-08-12,1.36,1.359,1.363,1.359,159511,43402382.0,0.29,0.07,0.001,0.16
2021-08-13,1.365,1.368,1.369,1.362,271125,73990755.0,0.52,0.66,0.009,0.26
2021-08-16,1.368,1.363,1.369,1.362,200723,54779334.0,0.51,-0.37,-0.005,0.20
2021-08-17,1.366,1.366,1.37,1.364,200067,54707517.0,0.44,0.22,0.003,0.19
2021-08-18,1.361,1.365,1.365,1.358,121581,33106368.0,0.51,-0.07,-0.001,0.12
2021-08-19,1.351,1.343,1.353,1.341,182790,49239284.0,0.88,-1.61,-0.022,0.18
2021-08-20,1.351,1.35,1.353,1.348,161773,43696289.0,0.37,0.52,0.007,0.16
2021-08-23,1.362,1.369,1.369,1.362,113332,30964816.0,0.52,1.41,0.019,0.11
2021-08-24,1.377,1.377,1.378,1.374,144024,39638119.0,0.29,0.58,0.008,0.14
2021-08-25,1.376,1.372,1.376,1.371,203596,55893130.0,0.36,-0.36,-0.005,0.20
2021-08-26,1.373,1.373,1.374,1.372,131541,36111084.0,0.15,0.07,0.001,0.13
2021-08-27,1.368,1.374,1.376,1.367,162648,44590567.0,0.66,0.07,0.001,0.16
2021-08-30,1.379,1.379,1.383,1.378,127619,35202488.0,0.36,0.36,0.005,0.12
2021-08-31,1.385,1.39,1.391,1.383,172084,47769482.0,0.58,0.80,0.011,0.17
2021-09-01,1.388,1.39,1.39,1.384,134069,37152674.0,0.43,0.00,0.000,0.13
2021-09-02,1.388,1.381,1.388,1.379,191007,52760282.0,0.65,-0.65,-0.009,0.19
2021-09-03,1.384,1.387,1.389,1.384,134615,37320010.0,0.36,0.43,0.006,0.13
2021-09-06,1.385,1.385,1.387,1.381,146825,40614335.0,0.43,-0.14,-0.002,0.14
2021-09-07,1.385,1.385,1.386,1.383,139167,38541786.0,0.22,0.00,0.000,0.14
2021-09-08,1.382,1.379,1.383,1.378,143531,39612296.0,0.36,-0.43,-0.006,0.14
2021-09-09,1.375,1.374,1.375,1.372,150507,41337797.0,0.22,-0.36,-0.005,0.15
2021-09-10,1.372,1.375,1.375,1.37,116373,31940831.0,0.36,0.07,0.001,0.11
2021-09-13,1.364,1.365,1.365,1.36,153850,41914931.0,0.36,-0.73,-0.010,0.15
2021-09-14,1.365,1.364,1.368,1.363,381864,104266393.0,0.37,-0.07,-0.001,0.37
2021-09-15,1.356,1.356,1.359,1.354,114579,31062623.0,0.37,-0.59,-0.008,0.11
2021-09-16,1.365,1.361,1.368,1.359,317691,86555103.0,0.66,0.37,0.005,0.31
2021-09-17,1.361,1.368,1.369,1.36,136877,37350789.0,0.66,0.51,0.007,0.13
2021-09-22,1.337,1.34,1.342,1.332,364049,97294493.0,0.73,-2.05,-0.028,0.35
2021-09-23,1.352,1.351,1.353,1.348,175087,47249611.0,0.37,0.82,0.011,0.17
2021-09-24,1.361,1.359,1.363,1.358,239278,65074318.0,0.37,0.59,0.008,0.23
2021-09-27,1.365,1.368,1.368,1.362,166971,45598450.0,0.44,0.66,0.009,0.16
2021-09-28,1.36,1.355,1.36,1.351,168626,45683480.0,0.66,-0.95,-0.013,0.16
2021-09-29,1.33,1.334,1.339,1.33,359890,96087379.0,0.66,-1.55,-0.021,0.35
2021-09-30,1.334,1.342,1.343,1.334,153168,41023427.0,0.67,0.60,0.008,0.15
2021-10-08,1.349,1.341,1.35,1.341,108196,29083269.0,0.67,-0.07,-0.001,0.11
2021-10-11,1.34,1.333,1.341,1.332,190157,50800177.0,0.67,-0.60,-0.008,0.19
2021-10-12,1.325,1.319,1.33,1.318,361280,95660178.0,0.90,-1.05,-0.014,0.35
2021-10-13,1.322,1.326,1.327,1.321,136520,36111660.0,0.45,0.53,0.007,0.13
2021-10-14,1.331,1.338,1.339,1.331,113381,30257657.0,0.60,0.90,0.012,0.11
2021-10-15,1.355,1.355,1.359,1.347,158495,42930764.0,0.90,1.27,0.017,0.15
2021-10-18,1.357,1.355,1.369,1.354,145710,39585701.0,1.11,0.00,0.000,0.14
2021-10-19,1.36,1.364,1.365,1.359,165303,45022922.0,0.44,0.66,0.009,0.16
2021-10-20,1.367,1.368,1.37,1.366,145412,39762523.0,0.29,0.29,0.004,0.14
2021-10-21,1.37,1.368,1.37,1.367,196687,53836739.0,0.22,0.00,0.000,0.19
2021-10-22,1.372,1.374,1.375,1.372,81219,22302464.0,0.22,0.44,0.006,0.08
2021-10-25,1.368,1.374,1.375,1.368,248207,68074682.0,0.51,0.00,0.000,0.24
2021-10-26,1.381,1.383,1.384,1.381,48771,13478550.0,0.22,0.66,0.009,0.05
2021-10-27,1.384,1.382,1.384,1.379,84600,23357951.0,0.36,-0.07,-0.001,0.08
2021-10-28,1.375,1.377,1.378,1.375,95716,26355800.0,0.22,-0.36,-0.005,0.09
2021-10-29,1.386,1.379,1.39,1.379,99502,27508611.0,0.80,0.15,0.002,0.10
2021-11-01,1.393,1.396,1.398,1.393,95751,26736153.0,0.36,1.23,0.017,0.09
2021-11-02,1.396,1.393,1.396,1.391,72157,20095923.0,0.36,-0.21,-0.003,0.07
2021-11-03,1.399,1.403,1.403,1.398,81429,22805422.0,0.36,0.72,0.010,0.08
2021-11-04,1.408,1.41,1.411,1.408,60028,16916933.0,0.21,0.50,0.007,0.06
2021-11-05,1.413,1.416,1.417,1.413,89743,25402984.0,0.28,0.43,0.006,0.09
2021-11-08,1.416,1.418,1.424,1.415,438967,124521740.0,0.64,0.14,0.002,0.43
2021-11-09,1.417,1.417,1.426,1.416,668167,189815558.0,0.71,-0.07,-0.001,0.65
2021-11-10,1.416,1.411,1.416,1.41,225055,63589798.0,0.42,-0.42,-0.006,0.22
2021-11-11,1.406,1.408,1.41,1.405,109909,30931571.0,0.35,-0.21,-0.003,0.11
2021-11-12,1.408,1.407,1.411,1.407,78888,22215219.0,0.28,-0.07,-0.001,0.08
2021-11-15,1.413,1.416,1.418,1.413,135007,38241651.0,0.36,0.64,0.009,0.13
2021-11-16,1.416,1.412,1.418,1.411,107436,30401878.0,0.49,-0.28,-0.004,0.10
2021-11-17,1.42,1.422,1.422,1.418,72040,20455534.0,0.28,0.71,0.010,0.07
2021-11-18,1.421,1.417,1.421,1.415,265195,75078050.0,0.42,-0.35,-0.005,0.26
2021-11-19,1.42,1.426,1.426,1.42,452045,128736711.0,0.42,0.64,0.009,0.44
2021-11-22,1.423,1.424,1.425,1.421,183413,52203637.0,0.28,-0.14,-0.002,0.18
2021-11-23,1.415,1.411,1.418,1.411,447957,126663593.0,0.49,-0.91,-0.013,0.44
2021-11-24,1.417,1.416,1.418,1.414,131444,37220231.0,0.28,0.35,0.005,0.13
2021-11-25,1.423,1.426,1.426,1.422,108501,30885757.0,0.28,0.71,0.010,0.11
2021-11-26,1.417,1.404,1.417,1.403,295835,83344739.0,0.98,-1.54,-0.022,0.29
2021-11-29,1.395,1.403,1.404,1.392,219060,61300380.0,0.85,-0.07,-0.001,0.21
2021-11-30,1.41,1.395,1.412,1.386,470950,131673156.0,1.85,-0.57,-0.008,0.46
2021-12-01,1.388,1.389,1.39,1.383,636716,176601592.0,0.50,-0.43,-0.006,0.62
2021-12-02,1.367,1.37,1.372,1.364,626371,171304506.0,0.58,-1.37,-0.019,0.61
2021-12-03,1.375,1.379,1.382,1.37,215842,59399423.0,0.88,0.66,0.009,0.21
2021-12-06,1.377,1.375,1.377,1.371,113591,31201060.0,0.44,-0.29,-0.004,0.11
2021-12-07,1.386,1.392,1.393,1.384,201696,55993783.0,0.65,1.24,0.017,0.20
2021-12-08,1.412,1.413,1.415,1.412,120813,34139378.0,0.22,1.51,0.021,0.12
2021-12-09,1.413,1.413,1.414,1.407,220508,62227713.0,0.50,0.00,0.000,0.21
2021-12-10,1.407,1.407,1.41,1.405,89169,25083017.0,0.35,-0.42,-0.006,0.09
2021-12-13,1.421,1.423,1.424,1.421,116137,33030118.0,0.21,1.14,0.016,0.11
2021-12-14,1.41,1.406,1.41,1.406,908895,255792669.0,0.28,-1.19,-0.017,0.89
2021-12-15,1.393,1.399,1.402,1.393,335238,93746698.0,0.64,-0.50,-0.007,0.33
2021-12-16,1.42,1.428,1.429,1.412,627040,178377701.0,1.22,2.07,0.029,0.61
2021-12-17,1.416,1.404,1.416,1.403,172666,48583951.0,0.91,-1.68,-0.024,0.17
2021-12-20,1.39,1.381,1.39,1.38,292416,81012259.0,0.71,-1.64,-0.023,0.28
2021-12-21,1.381,1.389,1.411,1.381,645011,179632708.0,2.17,0.58,0.008,0.63
2021-12-22,1.402,1.4,1.402,1.396,302479,84657928.0,0.43,0.79,0.011,0.29
2021-12-23,1.412,1.415,1.418,1.412,133884,37887243.0,0.43,1.07,0.015,0.13
2021-12-24,1.424,1.423,1.424,1.421,95693,27214789.0,0.21,0.57,0.008,0.09
2021-12-27,1.424,1.426,1.428,1.424,124908,35591551.0,0.28,0.21,0.003,0.12
2021-12-28,1.44,1.441,1.444,1.439,128646,37101446.0,0.35,1.05,0.015,0.13
2021-12-29,1.442,1.444,1.446,1.44,285632,82469785.0,0.42,0.21,0.003,0.28
2021-12-30,1.443,1.444,1.446,1.441,996026,287665104.0,0.35,0.00,0.000,0.97
2021-12-31,1.441,1.44,1.441,1.431,239721,68955127.0,0.69,-0.28,-0.004,0.23
2022-01-04,1.447,1.449,1.449,1.445,143701,41589242.0,0.28,0.63,0.009,0.14
2022-01-05,1.446,1.443,1.446,1.44,184573,53198128.0,0.41,-0.41,-0.006,0.18
2022-01-06,1.416,1.409,1.425,1.408,341038,96322243.0,1.18,-2.36,-0.034,0.33
2022-01-07,1.416,1.418,1.42,1.416,185530,52600420.0,0.28,0.64,0.009,0.18
2022-01-10,1.405,1.408,1.409,1.399,458966,128987875.0,0.71,-0.71,-0.010,0.45
2022-01-11,1.408,1.402,1.408,1.401,285060,80023017.0,0.50,-0.43,-0.006,0.28
2022-01-12,1.416,1.418,1.418,1.414,392037,111025442.0,0.29,1.14,0.016,0.38
2022-01-13,1.419,1.415,1.419,1.413,182299,51572560.0,0.42,-0.21,-0.003,0.18
2022-01-14,1.394,1.401,1.401,1.394,209279,58496121.0,0.49,-0.99,-0.014,0.20
2022-01-17,1.397,1.397,1.4,1.394,180071,50279908.0,0.43,-0.29,-0.004,0.18
2022-01-18,1.398,1.392,1.399,1.391,127913,35663596.0,0.57,-0.36,-0.005,0.12
2022-01-19,1.377,1.37,1.38,1.367,394009,108093394.0,0.93,-1.58,-0.022,0.38
2022-01-20,1.362,1.362,1.363,1.357,1053731,286354816.0,0.44,-0.58,-0.008,1.03
2022-01-21,1.335,1.335,1.336,1.329,814386,217050126.0,0.51,-1.98,-0.027,0.79
2022-01-24,1.327,1.319,1.327,1.318,890515,235197771.0,0.67,-1.20,-0.016,0.87
2022-01-25,1.305,1.303,1.308,1.297,729030,189966114.0,0.83,-1.21,-0.016,0.71
2022-01-26,1.3,1.301,1.303,1.297,378514,98475734.0,0.46,-0.15,-0.002,0.37
2022-01-27,1.294,1.276,1.294,1.273,1414609,362641168.0,1.61,-1.92,-0.025,1.38
2022-01-28,1.298,1.299,1.302,1.287,902588,234214486.0,1.18,1.80,0.023,0.88
2022-02-07,1.338,1.347,1.347,1.334,606852,162822983.0,1.00,3.70,0.048,0.59
2022-02-08,1.342,1.344,1.346,1.34,512353,137523454.0,0.45,-0.22,-0.003,0.50
2022-02-09,1.354,1.361,1.362,1.354,478096,129923733.0,0.60,1.26,0.017,0.47
2022-02-10,1.376,1.377,1.38,1.37,926129,254481004.0,0.73,1.18,0.016,0.90
2022-02-11,1.348,1.34,1.351,1.337,1180552,316668224.0,1.02,-2.69,-0.037,1.15
2022-02-14,1.327,1.328,1.329,1.323,806724,213902458.0,0.45,-0.90,-0.012,0.79
2022-02-15,1.324,1.319,1.324,1.316,652310,172173445.0,0.60,-0.68,-0.009,0.64
2022-02-16,1.335,1.336,1.336,1.333,341096,91049323.0,0.23,1.29,0.017,0.33
2022-02-17,1.333,1.332,1.338,1.328,575826,153464109.0,0.75,-0.30,-0.004,0.56
2022-02-18,1.311,1.314,1.32,1.308,757719,199425804.0,0.90,-1.35,-0.018,0.74
2022-02-21,1.306,1.309,1.309,1.301,1231244,321153184.0,0.61,-0.38,-0.005,1.20
2022-02-22,1.281,1.281,1.284,1.277,946668,242480960.0,0.53,-2.14,-0.028,0.92
2022-02-23,1.291,1.287,1.301,1.285,1462951,376855120.0,1.25,0.47,0.006,1.43
2022-02-24,1.25,1.233,1.254,1.23,1874264,465698736.0,1.86,-4.20,-0.054,1.83
2022-02-25,1.271,1.267,1.273,1.266,1726450,437802928.0,0.57,2.76,0.034,1.68
2022-02-28,1.282,1.277,1.283,1.269,651208,166028080.0,1.10,0.79,0.010,0.63
2022-03-01,1.297,1.303,1.304,1.297,1248063,324572832.0,0.55,2.04,0.026,1.22
2022-03-02,1.288,1.283,1.288,1.282,835690,214771605.0,0.46,-1.53,-0.020,0.81
2022-03-03,1.304,1.306,1.306,1.3,797863,207904055.0,0.47,1.79,0.023,0.78
2022-03-04,1.287,1.294,1.296,1.284,1042313,269056240.0,0.92,-0.92,-0.012,1.02
2022-03-07,1.272,1.277,1.282,1.269,749157,190841515.0,1.00,-1.31,-0.017,0.73
2022-03-08,1.265,1.237,1.265,1.234,1444797,359116064.0,2.43,-3.13,-0.040,1.41
2022-03-09,1.245,1.25,1.251,1.241,1162539,289907408.0,0.81,1.05,0.013,1.13
2022-03-10,1.273,1.273,1.276,1.271,389133,99085152.0,0.40,1.84,0.023,0.38
2022-03-11,1.265,1.272,1.273,1.262,642366,162830030.0,0.86,-0.08,-0.001,0.63
2022-03-14,1.265,1.269,1.271,1.263,583592,147812644.0,0.63,-0.24,-0.003,0.57
2022-03-15,1.257,1.252,1.259,1.251,1429063,358354416.0,0.63,-1.34,-0.017,1.39
2022-03-16,1.275,1.285,1.286,1.274,963753,246211511.0,0.96,2.64,0.033,0.94
2022-03-17,1.307,1.31,1.311,1.3,924635,241262691.0,0.86,1.95,0.025,0.90
2022-03-18,1.314,1.319,1.321,1.313,585142,154180977.0,0.61,0.69,0.009,0.57
2022-03-21,1.337,1.338,1.339,1.333,495459,132415791.0,0.45,1.44,0.019,0.48
2022-03-22,1.334,1.339,1.344,1.334,817059,218952108.0,0.75,0.07,0.001,0.80
2022-03-23,1.355,1.361,1.362,1.355,1681555,457585072.0,0.52,1.64,0.022,1.64
2022-03-24,1.342,1.344,1.348,1.341,826157,222046021.0,0.51,-1.25,-0.017,0.80
2022-03-25,1.356,1.365,1.365,1.356,848564,230969683.0,0.67,1.56,0.021,0.83
2022-03-28,1.365,1.368,1.371,1.364,1795436,490897872.0,0.51,0.22,0.003,1.75
2022-03-30,1.395,1.39,1.396,1.385,936969,130319910.0,0.80,1.61,0.022,0.91
2022-03-31,1.386,1.387,1.392,1.384,1392305,193176001.0,0.58,-0.22,-0.003,1.36
2022-04-01,1.365,1.371,1.371,1.365,973527,133194856.0,0.43,-1.15,-0.016,0.95
2022-04-06,1.36,1.371,1.372,1.36,529802,72386047.0,0.88,0.00,0.000,0.52
2022-04-07,1.351,1.352,1.353,1.345,725145,97846124.0,0.58,-1.39,-0.019,0.71
2022-04-08,1.356,1.365,1.365,1.356,1049582,142793148.0,0.67,0.96,0.013,1.02
2022-04-11,1.355,1.353,1.356,1.349,857063,115894329.0,0.51,-0.88,-0.012,0.83
2022-04-12,1.33,1.327,1.333,1.324,1388819,184299794.0,0.67,-1.92,-0.026,1.35
2022-04-13,1.329,1.338,1.339,1.328,1185768,158249594.0,0.83,0.83,0.011,1.16
2022-04-14,1.345,1.347,1.348,1.34,805672,108374964.0,0.60,0.67,0.009,0.78
2022-04-15,1.327,1.334,1.335,1.327,809510,107823836.0,0.59,-0.97,-0.013,0.79
2022-04-18,1.328,1.324,1.328,1.32,520349,68879478.0,0.60,-0.75,-0.010,0.51
2022-04-19,1.334,1.334,1.336,1.331,476947,63622862.0,0.38,0.76,0.010,0.46
2022-04-20,1.355,1.355,1.355,1.35,995290,134629415.0,0.37,1.57,0.021,0.97
2022-04-21,1.361,1.372,1.375,1.359,983871,134718640.0,1.18,1.25,0.017,0.96
2022-04-22,1.336,1.354,1.357,1.336,1055023,142491568.0,1.53,-1.31,-0.018,1.03
2022-04-25,1.317,1.31,1.319,1.309,2119051,278860656.0,0.74,-3.25,-0.044,2.06
2022-04-26,1.327,1.334,1.337,1.327,1218795,162619244.0,0.76,1.83,0.024,1.19
2022-04-27,1.299,1.302,1.305,1.298,2396587,311885456.0,0.52,-2.40,-0.032,2.33
2022-04-28,1.306,1.319,1.321,1.305,1093081,143531960.0,1.23,1.31,0.017,1.06
2022-04-29,1.336,1.34,1.347,1.333,1740012,233425007.0,1.06,1.59,0.021,1.70
2022-05-05,1.354,1.341,1.354,1.34,1997449,268849088.0,1.04,0.07,0.001,1.95
2022-05-06,1.3,1.309,1.315,1.295,2360962,309364736.0,1.49,-2.39,-0.032,2.30
2022-05-09,1.295,1.302,1.303,1.291,1542129,199806016.0,0.92,-0.53,-0.007,1.50
2022-05-10,1.272,1.278,1.278,1.269,3437210,437417664.0,0.69,-1.84,-0.024,3.35
2022-05-11,1.274,1.277,1.28,1.27,1829531,233306881.0,0.78,-0.08,-0.001,1.78
2022-05-12,1.256,1.255,1.261,1.253,1556285,195707928.0,0.63,-1.72,-0.022,1.52
2022-05-13,1.268,1.275,1.275,1.267,1556556,197806630.0,0.64,1.59,0.020,1.52
2022-05-16,1.297,1.281,1.299,1.277,2104944,269852608.0,1.73,0.47,0.006,2.05
2022-05-17,1.286,1.287,1.288,1.283,1734699,223039721.0,0.39,0.47,0.006,1.69
2022-05-18,1.302,1.299,1.304,1.297,733864,95343120.0,0.54,0.93,0.012,0.71
2022-05-19,1.25,1.251,1.258,1.247,3109521,388945600.0,0.85,-3.70,-0.048,3.03
2022-05-20,1.249,1.243,1.251,1.242,2550865,317890112.0,0.72,-0.64,-0.008,2.49
2022-05-23,1.246,1.247,1.248,1.241,1801333,224100164.0,0.56,0.32,0.004,1.75
2022-05-24,1.245,1.237,1.246,1.235,1950109,241799542.0,0.88,-0.80,-0.010,1.90
2022-05-25,1.241,1.248,1.249,1.241,2957436,368371392.0,0.65,0.89,0.011,2.88
2022-05-26,1.256,1.259,1.26,1.253,3729271,468429024.0,0.56,0.88,0.011,3.63
2022-05-27,1.285,1.287,1.295,1.282,2031444,260967437.0,1.03,2.22,0.028,1.98
2022-05-30,1.318,1.309,1.318,1.304,1728891,226547066.0,1.09,1.71,0.022,1.68
2022-05-31,1.303,1.304,1.309,1.301,1425599,186132820.0,0.61,-0.38,-0.005,1.39
2022-06-01,1.305,1.307,1.309,1.303,1209277,157939699.0,0.46,0.23,0.003,1.18
2022-06-02,1.295,1.292,1.297,1.29,1206947,156096109.0,0.54,-1.15,-0.015,1.18
2022-06-06,1.289,1.296,1.296,1.286,1445314,186652376.0,0.77,0.31,0.004,1.41
2022-06-07,1.292,1.289,1.292,1.285,1013821,130597471.0,0.54,-0.54,-0.007,0.99
2022-06-08,1.305,1.305,1.307,1.302,726959,94833133.0,0.39,1.24,0.016,0.71
2022-06-09,1.296,1.294,1.298,1.292,856815,110955405.0,0.46,-0.84,-0.011,0.83
2022-06-10,1.268,1.271,1.273,1.266,1370379,173938837.0,0.54,-1.78,-0.023,1.34
2022-06-13,1.23,1.218,1.23,1.215,1958989,239416260.0,1.18,-4.17,-0.053,1.91
2022-06-14,1.2,1.205,1.206,1.196,3055580,367066848.0,0.82,-1.07,-0.013,2.98
2022-06-15,1.196,1.192,1.196,1.187,2917586,347426656.0,0.75,-1.08,-0.013,2.84
2022-06-16,1.21,1.188,1.21,1.187,2164642,259934027.0,1.93,-0.34,-0.004,2.11
2022-06-17,1.166,1.169,1.173,1.16,2246812,262352339.0,1.09,-1.60,-0.019,2.19
2022-06-20,1.167,1.167,1.168,1.162,1760526,204968305.0,0.51,-0.17,-0.002,1.72
2022-06-21,1.173,1.181,1.184,1.171,2478063,292227888.0,1.11,1.20,0.014,2.41
2022-06-22,1.186,1.182,1.19,1.179,1954714,231377500.0,0.93,0.08,0.001,1.90
2022-06-23,1.188,1.19,1.191,1.184,2356021,279913632.0,0.59,0.68,0.008,2.30
2022-06-24,1.198,1.209,1.211,1.198,1842788,222113110.0,1.09,1.60,0.019,1.80
2022-06-27,1.23,1.235,1.24,1.229,1954253,241362488.0,0.91,2.15,0.026,1.90
2022-06-28,1.235,1.237,1.238,1.228,1312903,161835751.0,0.81,0.16,0.002,1.28
2022-06-29,1.208,1.208,1.214,1.207,1223090,148026369.0,0.57,-2.34,-0.029,1.19
2022-06-30,1.207,1.195,1.208,1.193,1620303,194600694.0,1.24,-1.08,-0.013,1.58
2022-07-01,1.196,1.191,1.198,1.188,1386357,165232776.0,0.84,-0.33,-0.004,1.35
2022-07-04,1.197,1.206,1.207,1.195,2024509,243543815.0,1.01,1.26,0.015,1.97
2022-07-05,1.213,1.216,1.216,1.21,1809278,219497716.0,0.50,0.83,0.010,1.76
2022-07-06,1.216,1.21,1.218,1.205,1780001,215553295.0,1.07,-0.49,-0.006,1.73
2022-07-07,1.214,1.221,1.223,1.213,1981103,241355403.0,0.83,0.91,0.011,1.93
2022-07-08,1.236,1.23,1.238,1.228,2175950,267989789.0,0.82,0.74,0.009,2.12
2022-07-11,1.23,1.223,1.23,1.222,1659244,203382821.0,0.65,-0.57,-0.007,1.62
2022-07-12,1.219,1.217,1.221,1.215,1607641,195748438.0,0.49,-0.49,-0.006,1.57
2022-07-13,1.215,1.217,1.217,1.212,2053090,249221769.0,0.41,0.00,0.000,2.00
2022-07-14,1.21,1.204,1.21,1.201,1617663,194891743.0,0.74,-1.07,-0.013,1.58
2022-07-15,1.21,1.209,1.215,1.208,1646054,199349816.0,0.58,0.42,0.005,1.60
2022-07-18,1.229,1.237,1.238,1.228,1916848,236362441.0,0.83,2.32,0.028,1.87
2022-07-19,1.222,1.222,1.224,1.22,1819476,222399656.0,0.32,-1.21,-0.015,1.77
2022-07-20,1.255,1.259,1.26,1.255,2289537,287928358.0,0.41,3.03,0.037,2.23
2022-07-21,1.261,1.262,1.265,1.258,1954638,246499461.0,0.56,0.24,0.003,1.90
2022-07-22,1.27,1.271,1.272,1.268,1500782,190583090.0,0.32,0.71,0.009,1.46
2022-07-25,1.258,1.26,1.262,1.257,1612424,203040025.0,0.39,-0.87,-0.011,1.57
2022-07-26,1.259,1.259,1.262,1.257,1504244,189497706.0,0.40,-0.08,-0.001,1.47
2022-07-27,1.259,1.263,1.263,1.258,2044830,257880636.0,0.40,0.32,0.004,1.99
2022-07-28,1.279,1.277,1.281,1.275,1588838,202903310.0,0.48,1.11,0.014,1.55
2022-07-29,1.3,1.304,1.306,1.299,1940370,252934269.0,0.55,2.11,0.027,1.89
2022-08-01,1.309,1.31,1.313,1.307,3034474,397646153.0,0.46,0.46,0.006,2.96
2022-08-02,1.31,1.306,1.311,1.306,2229976,291656158.0,0.38,-0.31,-0.004,2.17
2022-08-03,1.306,1.306,1.307,1.303,1954403,255130594.0,0.31,0.00,0.000,1.90
2022-08-04,1.321,1.319,1.324,1.319,1891833,249963417.0,0.38,1.00,0.013,1.84
2022-08-05,1.322,1.324,1.325,1.32,1574873,208375769.0,0.38,0.38,0.005,1.53
2022-08-08,1.32,1.328,1.328,1.317,3391028,448479874.0,0.83,0.30,0.004,3.30
2022-08-09,1.32,1.321,1.323,1.319,1440125,190285688.0,0.30,-0.53,-0.007,1.40
2022-08-10,1.316,1.313,1.317,1.312,1637385,215162656.0,0.38,-0.61,-0.008,1.60
2022-08-11,1.341,1.342,1.344,1.339,1046644,140408581.0,0.38,2.21,0.029,1.02
2022-08-12,1.338,1.342,1.343,1.338,898166,120400914.0,0.37,0.00,0.000,0.88
2022-08-15,1.356,1.361,1.363,1.356,1905373,259179746.0,0.52,1.42,0.019,1.86
2022-08-16,1.372,1.373,1.375,1.371,1547767,212639633.0,0.29,0.88,0.012,1.51
2022-08-17,1.376,1.374,1.378,1.374,1280062,176138669.0,0.29,0.07,0.001,1.25
2022-08-18,1.365,1.365,1.369,1.365,1615584,220870189.0,0.29,-0.66,-0.009,1.57
2022-08-19,1.373,1.367,1.376,1.367,1557222,213796003.0,0.66,0.15,0.002,1.52
2022-08-22,1.353,1.353,1.357,1.352,1893823,256707522.0,0.37,-1.02,-0.014,1.84
2022-08-23,1.339,1.335,1.341,1.332,1946537,260273612.0,0.67,-1.33,-0.018,1.90
2022-08-24,1.334,1.335,1.336,1.327,1768178,235595407.0,0.67,0.00,0.000,1.72
2022-08-25,1.34,1.351,1.352,1.34,1439837,193781906.0,0.90,1.20,0.016,1.40
2022-08-26,1.355,1.358,1.359,1.355,867581,117705679.0,0.30,0.52,0.007,0.85
2022-08-29,1.311,1.314,1.316,1.3,3354632,439613662.0,1.18,-3.24,-0.044,3.27
2022-08-30,1.314,1.318,1.319,1.312,1790069,235538895.0,0.53,0.30,0.004,1.74
2022-08-31,1.302,1.305,1.307,1.302,1684580,219688770.0,0.38,-0.99,-0.013,1.64
2022-09-01,1.284,1.282,1.285,1.277,1868294,239306609.0,0.61,-1.76,-0.023,1.82
2022-09-02,1.29,1.295,1.295,1.289,1294544,167202243.0,0.47,1.01,0.013,1.26
2022-09-05,1.281,1.291,1.291,1.281,1175273,151175663.0,0.77,-0.31,-0.004,1.14
2022-09-06,1.294,1.291,1.294,1.287,1835147,236634761.0,0.54,0.00,0.000,1.79
2022-09-07,1.278,1.281,1.282,1.274,4379781,559296212.0,0.62,-0.77,-0.010,4.27
2022-09-08,1.303,1.304,1.308,1.302,2356394,307364221.0,0.47,1.80,0.023,2.30
2022-09-09,1.312,1.312,1.315,1.31,1836649,241082341.0,0.38,0.61,0.008,1.79
2022-09-13,1.338,1.345,1.345,1.338,1753779,235091545.0,0.53,2.52,0.033,1.71
2022-09-14,1.291,1.29,1.293,1.284,4208355,542604414.0,0.67,-4.09,-0.055,4.10
2022-09-15,1.29,1.291,1.294,1.29,1966013,253921431.0,0.31,0.08,0.001,1.92
2022-09-16,1.273,1.27,1.274,1.268,3293881,419029840.0,0.46,-1.63,-0.021,3.21
2022-09-19,1.271,1.267,1.274,1.266,2604021,330500709.0,0.63,-0.24,-0.003,2.54
2022-09-20,1.281,1.284,1.285,1.279,1895304,243235737.0,0.47,1.34,0.017,1.85
2022-09-21,1.269,1.267,1.272,1.265,3222044,409054361.0,0.55,-1.32,-0.017,3.14
2022-09-22,1.24,1.245,1.248,1.238,4325231,538335403.0,0.79,-1.74,-0.022,4.21
2022-09-23,1.244,1.238,1.244,1.236,1358245,168314141.0,0.64,-0.56,-0.007,1.32
2022-09-26,1.218,1.216,1.225,1.214,2563223,312388661.0,0.89,-1.78,-0.022,2.50
2022-09-27,1.22,1.231,1.232,1.22,1873079,229490182.0,0.99,1.23,0.015,1.82
2022-09-28,1.223,1.216,1.223,1.212,1609754,195840448.0,0.89,-1.22,-0.015,1.57
2022-09-29,1.239,1.238,1.242,1.233,1678345,208003811.0,0.74,1.81,0.022,1.64
2022-09-30,1.215,1.215,1.219,1.21,2513905,305236657.0,0.73,-1.86,-0.023,2.45
2022-10-10,1.21,1.207,1.212,1.203,923625,111703378.0,0.74,-0.66,-0.008,0.90
2022-10-11,1.209,1.205,1.214,1.205,3630838,438532172.0,0.75,-0.17,-0.002,3.54
2022-10-12,1.206,1.212,1.213,1.203,1818027,219330676.0,0.83,0.58,0.007,1.77
2022-10-13,1.202,1.202,1.204,1.2,864297,103868715.0,0.33,-0.83,-0.010,0.84
2022-10-14,1.228,1.24,1.242,1.228,1439707,178070346.0,1.16,3.16,0.038,1.40
2022-10-17,1.212,1.216,1.217,1.21,2115781,256675983.0,0.56,-1.94,-0.024,2.06
2022-10-18,1.243,1.256,1.258,1.24,1830215,228977960.0,1.48,3.29,0.040,1.78
2022-10-19,1.26,1.253,1.264,1.251,1995524,251157041.0,1.04,-0.24,-0.003,1.94
2022-10-20,1.237,1.242,1.244,1.234,1787892,221536389.0,0.80,-0.88,-0.011,1.74
2022-10-21,1.232,1.232,1.235,1.229,1321896,162763316.0,0.48,-0.81,-0.010,1.29
2022-10-24,1.264,1.264,1.271,1.262,2352988,297749271.0,0.73,2.60,0.032,2.29
2022-10-25,1.283,1.288,1.289,1.282,2125839,273364611.0,0.55,1.90,0.024,2.07
2022-10-26,1.292,1.286,1.296,1.283,2638096,340069840.0,1.01,-0.16,-0.002,2.57
2022-10-27,1.291,1.298,1.299,1.29,2995979,387792972.0,0.70,0.93,0.012,2.92
2022-10-28,1.286,1.275,1.287,1.275,919172,117737830.0,0.92,-1.77,-0.023,0.90
2022-10-31,1.315,1.32,1.321,1.315,1743648,229798464.0,0.47,3.53,0.045,1.70
2022-11-01,1.321,1.325,1.326,1.317,2165247,285747751.0,0.68,0.38,0.005,2.11
2022-11-02,1.315,1.313,1.317,1.311,1545758,203101480.0,0.45,-0.91,-0.012,1.51
2022-11-03,1.285,1.288,1.291,1.283,2687614,346024497.0,0.61,-1.90,-0.025,2.62
2022-11-04,1.275,1.275,1.278,1.268,5587019,710700847.0,0.78,-1.01,-0.013,5.44
2022-11-07,1.277,1.284,1.284,1.275,3063410,391915709.0,0.71,0.71,0.009,2.98
2022-11-08,1.297,1.297,1.298,1.294,2279691,295583085.0,0.31,1.01,0.013,2.22
2022-11-09,1.301,1.302,1.312,1.3,2653358,346433406.0,0.93,0.39,0.005,2.58
2022-11-10,1.282,1.283,1.284,1.279,1786420,229121793.0,0.38,-1.46,-0.019,1.74
2022-11-11,1.349,1.339,1.349,1.328,3653796,489153559.0,1.64,4.36,0.056,3.56
2022-11-14,1.338,1.324,1.34,1.322,2385792,317064535.0,1.34,-1.12,-0.015,2.32
2022-11-15,1.321,1.326,1.327,1.321,2375796,314639851.0,0.45,0.15,0.002,2.31
2022-11-16,1.321,1.336,1.339,1.32,3282414,436599269.0,1.43,0.75,0.010,3.20
2022-11-17,1.327,1.335,1.336,1.326,1980835,264006149.0,0.75,-0.07,-0.001,1.93
2022-11-18,1.33,1.326,1.333,1.325,1314593,174708588.0,0.60,-0.67,-0.009,1.28
2022-11-21,1.328,1.336,1.34,1.327,3255345,434323462.0,0.98,0.75,0.010,3.17
2022-11-22,1.335,1.333,1.341,1.332,1668971,223128398.0,0.67,-0.22,-0.003,1.63
2022-11-23,1.346,1.351,1.351,1.346,733470,98995232.0,0.38,1.35,0.018,0.71
2022-11-24,1.362,1.361,1.364,1.36,946178,128791079.0,0.30,0.74,0.010,0.92
2022-11-25,1.366,1.367,1.367,1.363,922633,125916987.0,0.29,0.44,0.006,0.90
2022-11-28,1.365,1.361,1.367,1.358,1581041,215241983.0,0.66,-0.44,-0.006,1.54
2022-11-29,1.349,1.346,1.351,1.342,2072365,278882846.0,0.66,-1.10,-0.015,2.02
2022-11-30,1.336,1.337,1.339,1.335,1741530,232780322.0,0.30,-0.67,-0.009,1.70
2022-12-01,1.363,1.363,1.371,1.358,2540019,346037824.0,0.97,1.94,0.026,2.47
2022-12-02,1.354,1.358,1.358,1.354,958300,130007882.0,0.29,-0.37,-0.005,0.93
2022-12-05,1.345,1.337,1.348,1.334,1998270,267658353.0,1.03,-1.55,-0.021,1.95
2022-12-06,1.32,1.316,1.321,1.315,2509067,330666594.0,0.45,-1.57,-0.021,2.44
2022-12-07,1.299,1.298,1.302,1.297,2886954,375107179.0,0.38,-1.37,-0.018,2.81
2022-12-08,1.29,1.295,1.295,1.289,1751827,226414225.0,0.46,-0.23,-0.003,1.71
2022-12-09,1.3,1.305,1.305,1.299,1380900,179775915.0,0.46,0.77,0.010,1.35
2022-12-12,1.292,1.294,1.295,1.292,1087828,140708951.0,0.23,-0.84,-0.011,1.06
2022-12-13,1.312,1.314,1.315,1.311,1366820,179426001.0,0.31,1.55,0.020,1.33
2022-12-14,1.322,1.325,1.325,1.321,1064716,140917034.0,0.30,0.84,0.011,1.04
2022-12-15,1.314,1.313,1.315,1.31,981047,128728052.0,0.38,-0.91,-0.012,0.96
2022-12-16,1.282,1.284,1.285,1.281,1928690,247407881.0,0.30,-2.21,-0.029,1.88
2022-12-19,1.271,1.27,1.273,1.27,1404986,178594360.0,0.23,-1.09,-0.014,1.37
2022-12-20,1.26,1.251,1.263,1.246,3250357,407574049.0,1.34,-1.50,-0.019,3.17
2022-12-21,1.262,1.266,1.267,1.262,1783452,225451241.0,0.40,1.20,0.015,1.74
2022-12-22,1.282,1.281,1.284,1.281,1125892,144390364.0,0.24,1.18,0.015,1.10
2022-12-23,1.261,1.266,1.266,1.261,1950698,246507747.0,0.39,-1.17,-0.015,1.90
2022-12-26,1.27,1.27,1.272,1.269,704950,89536036.0,0.24,0.32,0.004,0.69
2022-12-27,1.276,1.274,1.277,1.272,801650,102176770.0,0.39,0.31,0.004,0.78
2022-12-28,1.26,1.26,1.262,1.258,1935517,243878627.0,0.31,-1.10,-0.014,1.89
2022-12-29,1.245,1.244,1.248,1.242,2058254,256176093.0,0.48,-1.27,-0.016,2.01
2022-12-30,1.261,1.255,1.263,1.255,1614353,203266527.0,0.64,0.88,0.011,1.57
2023-01-03,1.25,1.25,1.252,1.246,3182964,397489635.0,0.48,-0.40,-0.005,3.10
2023-01-04,1.247,1.245,1.249,1.243,2553710,318032859.0,0.48,-0.40,-0.005,2.49
2023-01-05,1.25,1.246,1.251,1.245,3550161,443052569.0,0.48,0.08,0.001,3.46
2023-01-06,1.237,1.238,1.241,1.235,2835184,350939931.0,0.48,-0.64,-0.008,2.76
2023-01-09,1.254,1.254,1.255,1.251,1975588,247437439.0,0.32,1.29,0.016,1.92
2023-01-10,1.248,1.248,1.249,1.242,2871258,357545502.0,0.56,-0.48,-0.006,2.80
2023-01-11,1.255,1.256,1.258,1.254,2254070,283026151.0,0.32,0.64,0.008,2.20
2023-01-12,1.264,1.264,1.266,1.262,2048980,259038965.0,0.32,0.64,0.008,2.00
2023-01-13,1.263,1.261,1.263,1.259,1108488,139741108.0,0.32,-0.24,-0.003,1.08
2023-01-16,1.263,1.262,1.264,1.26,1859250,234611931.0,0.32,0.08,0.001,1.81
2023-01-17,1.264,1.267,1.268,1.263,1193614,151152514.0,0.40,0.40,0.005,1.16
2023-01-18,1.266,1.273,1.275,1.265,1366548,173665543.0,0.79,0.47,0.006,1.33
2023-01-19,1.25,1.248,1.252,1.248,2060328,257536771.0,0.31,-1.96,-0.025,2.01
2023-01-20,1.243,1.25,1.251,1.242,1691937,210963045.0,0.72,0.16,0.002,1.65
2023-01-30,1.284,1.284,1.287,1.283,2964520,380899356.0,0.32,2.72,0.034,2.89
2023-01-31,1.276,1.273,1.278,1.272,1279524,163122900.0,0.47,-0.86,-0.011,1.25
2023-02-01,1.287,1.29,1.29,1.286,1557982,200668242.0,0.31,1.34,0.017,1.52
2023-02-02,1.301,1.303,1.304,1.3,1328144,172868356.0,0.31,1.01,0.013,1.29
2023-02-03,1.315,1.314,1.316,1.313,1382468,181780775.0,0.23,0.84,0.011,1.35
2023-02-06,1.315,1.309,1.318,1.309,1244153,163404771.0,0.68,-0.38,-0.005,1.21
2023-02-07,1.312,1.311,1.313,1.31,708030,92867246.0,0.23,0.15,0.002,0.69
2023-02-08,1.321,1.325,1.326,1.321,1501436,198742625.0,0.38,1.07,0.014,1.46
2023-02-09,1.315,1.32,1.321,1.315,2589860,341501559.0,0.45,-0.38,-0.005,2.52
2023-02-10,1.302,1.302,1.305,1.302,1090537,142110073.0,0.23,-1.36,-0.018,1.06
2023-02-13,1.304,1.309,1.309,1.304,797244,104255585.0,0.38,0.54,0.007,0.78
2023-02-14,1.322,1.326,1.326,1.322,1167357,154576510.0,0.31,1.30,0.017,1.14
2023-02-15,1.325,1.323,1.326,1.322,736631,97497933.0,0.30,-0.23,-0.003,0.72
2023-02-16,1.336,1.338,1.339,1.335,940281,125698929.0,0.30,1.13,0.015,0.92
2023-02-17,1.323,1.316,1.324,1.315,731021,96343402.0,0.67,-1.64,-0.022,0.71
2023-02-20,1.317,1.317,1.319,1.315,914389,120418007.0,0.30,0.08,0.001,0.89
2023-02-21,1.312,1.313,1.314,1.311,659342,86529748.0,0.23,-0.30,-0.004,0.64
2023-02-22,1.293,1.298,1.3,1.293,948190,123053977.0,0.53,-1.14,-0.015,0.92
2023-02-23,1.301,1.3,1.301,1.298,677455,88022290.0,0.23,0.15,0.002,0.66
2023-02-24,1.303,1.307,1.308,1.302,673538,87902002.0,0.46,0.54,0.007,0.66
2023-02-27,1.302,1.301,1.304,1.3,736889,95937977.0,0.31,-0.46,-0.006,0.72
2023-02-28,1.307,1.301,1.307,1.299,613022,79766906.0,0.61,0.00,0.000,0.60
2023-03-01,1.293,1.291,1.294,1.29,1822190,235345069.0,0.31,-0.77,-0.010,1.78
2023-03-02,1.282,1.278,1.282,1.274,1685387,215275438.0,0.62,-1.01,-0.013,1.64
2023-03-03,1.288,1.292,1.292,1.287,1093549,141078796.0,0.39,1.10,0.014,1.07
2023-03-06,1.312,1.316,1.318,1.311,1317973,173283970.0,0.54,1.86,0.024,1.28
2023-03-07,1.321,1.32,1.324,1.32,1105346,146088268.0,0.30,0.30,0.004,1.08
2023-03-08,1.306,1.304,1.308,1.303,881025,115014948.0,0.38,-1.21,-0.016,0.86
2023-03-09,1.305,1.307,1.308,1.303,744654,97232898.0,0.38,0.23,0.003,0.73
2023-03-10,1.279,1.275,1.28,1.273,1754948,224108587.0,0.54,-2.45,-0.032,1.71
2023-03-13,1.27,1.277,1.278,1.268,2489614,316623002.0,0.78,0.16,0.002,2.43
2023-03-14,1.251,1.251,1.261,1.246,2231361,279318117.0,1.17,-2.04,-0.026,2.17
2023-03-15,1.27,1.272,1.272,1.268,1535255,194997831.0,0.32,1.68,0.021,1.50
2023-03-16,1.265,1.264,1.271,1.264,1174695,148922574.0,0.55,-0.63,-0.008,1.14
2023-03-17,1.283,1.281,1.283,1.278,1163353,149008450.0,0.40,1.34,0.017,1.13
2023-03-20,1.275,1.259,1.276,1.256,1780639,226098640.0,1.56,-1.72,-0.022,1.73
2023-03-21,1.278,1.281,1.282,1.278,1025774,131321833.0,0.32,1.75,0.022,1.00
2023-03-22,1.293,1.295,1.297,1.293,1166899,151173600.0,0.31,1.09,0.014,1.14
2023-03-23,1.274,1.274,1.277,1.272,1871087,238409885.0,0.39,-1.62,-0.021,1.82
2023-03-24,1.273,1.276,1.277,1.269,1251170,159369174.0,0.63,0.16,0.002,1.22
2023-03-27,1.287,1.292,1.293,1.287,1282239,165364589.0,0.47,1.25,0.016,1.25
2023-03-28,1.287,1.291,1.292,1.286,821433,105843648.0,0.46,-0.08,-0.001,0.80
2023-03-29,1.29,1.296,1.297,1.288,787513,101781316.0,0.70,0.39,0.005,0.77
2023-03-30,1.306,1.305,1.308,1.304,959719,125303019.0,0.31,0.69,0.009,0.93
2023-03-31,1.311,1.308,1.311,1.307,1014246,132738110.0,0.31,0.23,0.003,0.99
2023-04-03,1.325,1.326,1.327,1.324,915338,121353062.0,0.23,1.38,0.018,0.89
2023-04-04,1.331,1.334,1.334,1.331,827667,110299059.0,0.23,0.60,0.008,0.81
2023-04-06,1.322,1.321,1.322,1.319,838756,110755302.0,0.22,-0.97,-0.013,0.82
2023-04-07,1.326,1.326,1.327,1.324,948519,125722947.0,0.23,0.38,0.005,0.92
2023-04-10,1.326,1.325,1.329,1.324,438843,58230808.0,0.38,-0.08,-0.001,0.43
2023-04-11,1.331,1.332,1.332,1.33,538491,71683614.0,0.15,0.53,0.007,0.52
2023-04-12,1.332,1.33,1.332,1.329,907352,120727160.0,0.23,-0.15,-0.002,0.88
2023-04-13,1.323,1.325,1.326,1.321,868566,114907997.0,0.38,-0.38,-0.005,0.85
2023-04-14,1.338,1.332,1.339,1.331,759902,101372327.0,0.60,0.53,0.007,0.74
2023-04-17,1.339,1.339,1.341,1.337,531228,71140865.0,0.30,0.53,0.007,0.52
2023-04-18,1.34,1.341,1.343,1.34,632172,84782497.0,0.22,0.15,0.002,0.62
2023-04-19,1.342,1.341,1.342,1.34,540698,72515360.0,0.15,0.00,0.000,0.53
2023-04-20,1.341,1.34,1.344,1.339,865885,116224039.0,0.37,-0.07,-0.001,0.84
2023-04-21,1.336,1.336,1.337,1.334,594060,79368562.0,0.22,-0.30,-0.004,0.58
2023-04-24,1.336,1.334,1.339,1.333,829944,110913656.0,0.45,-0.15,-0.002,0.81
2023-04-25,1.339,1.339,1.34,1.338,583124,78074704.0,0.15,0.37,0.005,0.57
2023-04-26,1.333,1.33,1.335,1.33,1161876,154650969.0,0.37,-0.67,-0.009,1.13
2023-04-27,1.324,1.323,1.325,1.323,791090,104735970.0,0.15,-0.53,-0.007,0.77
2023-04-28,1.343,1.343,1.345,1.341,1236774,166126902.0,0.30,1.51,0.020,1.20
2023-05-04,1.327,1.331,1.331,1.325,1196714,158912658.0,0.45,-0.89,-0.012,1.17
2023-05-05,1.326,1.326,1.327,1.323,667732,88467383.0,0.30,-0.38,-0.005,0.65
2023-05-08,1.342,1.344,1.345,1.342,847383,113807663.0,0.23,1.36,0.018,0.83
2023-05-09,1.344,1.345,1.346,1.344,721542,97069567.0,0.15,0.07,0.001,0.70
2023-05-10,1.343,1.345,1.345,1.341,695832,93468987.0,0.30,0.00,0.000,0.68
2023-05-11,1.351,1.352,1.354,1.351,1093224,147855616.0,0.22,0.52,0.007,1.07
2023-05-12,1.354,1.353,1.355,1.352,654960,88611604.0,0.22,0.07,0.001,0.64
2023-05-15,1.349,1.353,1.354,1.348,753742,101813188.0,0.44,0.00,0.000,0.73
2023-05-16,1.352,1.352,1.354,1.351,581438,78632358.0,0.22,-0.07,-0.001,0.57
2023-05-17,1.353,1.355,1.357,1.353,751271,101791861.0,0.30,0.22,0.003,0.73
2023-05-18,1.369,1.373,1.373,1.368,918986,125987315.0,0.37,1.33,0.018,0.90
2023-05-19,1.393,1.394,1.399,1.393,3499717,488620586.0,0.44,1.53,0.021,3.41
2023-05-22,1.385,1.388,1.39,1.385,1259979,174884769.0,0.36,-0.43,-0.006,1.23
2023-05-23,1.395,1.394,1.399,1.393,1108185,154623071.0,0.43,0.43,0.006,1.08
2023-05-24,1.381,1.381,1.384,1.377,1451237,200277361.0,0.50,-0.93,-0.013,1.41
2023-05-25,1.377,1.38,1.38,1.375,1723102,237402357.0,0.36,-0.07,-0.001,1.68
2023-05-26,1.38,1.379,1.381,1.377,888793,122570791.0,0.29,-0.07,-0.001,0.87
2023-05-29,1.403,1.407,1.407,1.402,1224982,171992566.0,0.36,2.03,0.028,1.19
2023-05-30,1.404,1.413,1.414,1.403,1047513,147535384.0,0.78,0.43,0.006,1.02
2023-05-31,1.406,1.402,1.41,1.4,1270819,178656324.0,0.71,-0.78,-0.011,1.24
2023-06-01,1.4,1.404,1.405,1.397,869517,121787540.0,0.57,0.14,0.002,0.85
2023-06-02,1.414,1.412,1.415,1.408,1172405,165474154.0,0.50,0.57,0.008,1.14
2023-06-05,1.432,1.438,1.439,1.431,1435973,205928531.0,0.57,1.84,0.026,1.40
2023-06-06,1.434,1.433,1.436,1.432,957900,137359290.0,0.28,-0.35,-0.005,0.93
2023-06-07,1.436,1.44,1.442,1.435,1086606,156316741.0,0.49,0.49,0.007,1.06
2023-06-08,1.436,1.433,1.439,1.432,1280196,183735789.0,0.49,-0.49,-0.007,1.25
2023-06-09,1.44,1.441,1.445,1.438,1766414,254633322.0,0.49,0.56,0.008,1.72
2023-06-12,1.448,1.453,1.453,1.448,977433,141871998.0,0.35,0.83,0.012,0.95
2023-06-13,1.465,1.471,1.472,1.464,1983998,291482207.0,0.55,1.24,0.018,1.93
2023-06-14,1.478,1.476,1.478,1.474,1242121,183331417.0,0.27,0.34,0.005,1.21
2023-06-15,1.478,1.472,1.479,1.469,2172845,320317074.0,0.68,-0.27,-0.004,2.12
2023-06-16,1.482,1.484,1.487,1.481,1656276,245780511.0,0.41,0.82,0.012,1.61
2023-06-19,1.483,1.484,1.484,1.482,761145,112866821.0,0.13,0.00,0.000,0.74
2023-06-20,1.484,1.487,1.49,1.484,787514,117154515.0,0.40,0.20,0.003,0.77
2023-06-21,1.487,1.487,1.49,1.486,1205427,179390533.0,0.27,0.00,0.000,1.17
2023-06-26,1.478,1.482,1.483,1.478,1139579,168754719.0,0.34,-0.34,-0.005,1.11
2023-06-27,1.478,1.474,1.478,1.472,1126174,166023380.0,0.40,-0.54,-0.008,1.10
2023-06-28,1.485,1.489,1.49,1.485,1100214,163704799.0,0.34,1.02,0.015,1.07
2023-06-29,1.494,1.496,1.498,1.494,1089485,163063000.0,0.27,0.47,0.007,1.06
2023-06-30,1.506,1.503,1.507,1.502,1328655,199933761.0,0.33,0.47,0.007,1.29
2023-07-03,1.521,1.522,1.523,1.518,1627550,247445772.0,0.33,1.26,0.019,1.59
2023-07-04,1.52,1.516,1.521,1.516,1039513,157947414.0,0.33,-0.39,-0.006,1.01
2023-07-05,1.517,1.515,1.517,1.514,782437,118615293.0,0.20,-0.07,-0.001,0.76
2023-07-06,1.517,1.512,1.518,1.511,1012752,153297610.0,0.46,-0.20,-0.003,0.99
2023-07-07,1.503,1.502,1.507,1.501,1689896,254041685.0,0.40,-0.66,-0.010,1.65
2023-07-10,1.494,1.492,1.496,1.492,826143,123392002.0,0.27,-0.67,-0.010,0.80
2023-07-11,1.5,1.499,1.502,1.495,839456,125831930.0,0.47,0.47,0.007,0.82
2023-07-12,1.505,1.506,1.506,1.502,777240,116907368.0,0.27,0.47,0.007,0.76
2023-07-13,1.513,1.516,1.517,1.512,1198616,181584486.0,0.33,0.66,0.010,1.17
2023-07-14,1.519,1.513,1.519,1.512,1136577,172293529.0,0.46,-0.20,-0.003,1.11
2023-07-17,1.515,1.521,1.521,1.514,1015649,154184212.0,0.46,0.53,0.008,0.99
2023-07-18,1.525,1.528,1.529,1.524,868373,132566475.0,0.33,0.46,0.007,0.85
2023-07-19,1.543,1.552,1.553,1.543,1695441,262667172.0,0.65,1.57,0.024,1.65
2023-07-20,1.549,1.541,1.549,1.54,1605045,247848040.0,0.58,-0.71,-0.011,1.56
2023-07-21,1.531,1.536,1.537,1.53,1284214,196982269.0,0.45,-0.32,-0.005,1.25
2023-07-24,1.535,1.541,1.542,1.534,1330105,204719275.0,0.52,0.33,0.005,1.30
2023-07-25,1.54,1.538,1.54,1.535,1532622,235640147.0,0.32,-0.19,-0.003,1.49
2023-07-26,1.541,1.541,1.542,1.539,805480,124061086.0,0.20,0.20,0.003,0.78
2023-07-27,1.542,1.545,1.546,1.537,1521880,234557145.0,0.58,0.26,0.004,1.48
2023-07-28,1.535,1.534,1.537,1.531,1831845,280991135.0,0.39,-0.71,-0.011,1.78
2023-07-31,1.542,1.539,1.543,1.537,1466143,225672475.0,0.39,0.33,0.005,1.43
2023-08-01,1.546,1.549,1.55,1.545,1157801,179340860.0,0.32,0.65,0.010,1.13
2023-08-02,1.542,1.537,1.543,1.536,1725216,265534069.0,0.45,-0.77,-0.012,1.68
2023-08-03,1.525,1.523,1.529,1.523,1695616,258874100.0,0.39,-0.91,-0.014,1.65
2023-08-04,1.52,1.526,1.529,1.519,1343717,204825892.0,0.66,0.20,0.003,1.31
2023-08-07,1.517,1.518,1.521,1.517,1327262,201557687.0,0.26,-0.52,-0.008,1.29
2023-08-08,1.528,1.529,1.53,1.526,806956,123330002.0,0.26,0.72,0.011,0.79
2023-08-09,1.528,1.529,1.529,1.525,779762,119053853.0,0.26,0.00,0.000,0.76
2023-08-10,1.52,1.521,1.521,1.517,679413,103234355.0,0.26,-0.52,-0.008,0.66
2023-08-11,1.521,1.522,1.523,1.519,566344,86134817.0,0.26,0.07,0.001,0.55
2023-08-14,1.523,1.525,1.525,1.52,1079149,164310360.0,0.33,0.20,0.003,1.05
2023-08-15,1.538,1.541,1.543,1.538,1362642,210011098.0,0.33,1.05,0.016,1.33
2023-08-16,1.528,1.524,1.528,1.522,1042731,158923696.0,0.39,-1.10,-0.017,1.02
2023-08-17,1.513,1.515,1.517,1.512,1335221,202204468.0,0.33,-0.59,-0.009,1.30
2023-08-18,1.495,1.497,1.499,1.494,1720350,257391709.0,0.33,-1.19,-0.018,1.68
2023-08-21,1.497,1.503,1.503,1.496,2291253,343838014.0,0.47,0.40,0.006,2.23
2023-08-22,1.503,1.509,1.51,1.501,2101004,316377723.0,0.60,0.40,0.006,2.05
2023-08-23,1.507,1.51,1.51,1.506,999433,150749653.0,0.27,0.07,0.001,0.97
2023-08-24,1.528,1.532,1.536,1.527,3891149,596423920.0,0.60,1.46,0.022,3.79
2023-08-25,1.503,1.501,1.504,1.499,1152175,173088603.0,0.33,-2.02,-0.031,1.12
2023-08-28,1.508,1.515,1.516,1.507,827524,125195727.0,0.60,0.93,0.014,0.81
2023-08-29,1.523,1.524,1.526,1.521,1029964,156899341.0,0.33,0.59,0.009,1.00
2023-08-30,1.544,1.545,1.547,1.544,1083161,167450217.0,0.20,1.38,0.021,1.06
2023-08-31,1.549,1.553,1.556,1.549,1472921,228790957.0,0.45,0.52,0.008,1.43
2023-09-01,1.542,1.544,1.547,1.541,772000,119258530.0,0.39,-0.58,-0.009,0.75
2023-09-04,1.546,1.547,1.549,1.545,802455,124155903.0,0.26,0.19,0.003,0.78
2023-09-05,1.546,1.548,1.55,1.546,615692,95314229.0,0.26,0.06,0.001,0.60
2023-09-06,1.548,1.548,1.55,1.546,681220,105487353.0,0.26,0.00,0.000,0.66
2023-09-07,1.538,1.535,1.539,1.535,714217,109788928.0,0.26,-0.84,-0.013,0.70
2023-09-08,1.538,1.544,1.545,1.537,816142,125779708.0,0.52,0.59,0.009,0.80
2023-09-11,1.543,1.536,1.544,1.531,1248707,191839268.0,0.84,-0.52,-0.008,1.22
2023-09-12,1.539,1.541,1.542,1.538,596768,91894098.0,0.26,0.33,0.005,0.58
2023-09-13,1.532,1.53,1.533,1.528,1126912,172364910.0,0.32,-0.71,-0.011,1.10
2023-09-14,1.533,1.537,1.538,1.532,891516,136897242.0,0.39,0.46,0.007,0.87
2023-09-15,1.549,1.548,1.55,1.542,1146131,177250631.0,0.52,0.72,0.011,1.12
2023-09-18,1.528,1.531,1.533,1.528,754705,115535324.0,0.32,-1.10,-0.017,0.74
2023-09-19,1.531,1.53,1.533,1.529,641513,98202785.0,0.26,-0.07,-0.001,0.62
2023-09-20,1.528,1.528,1.53,1.526,687076,104991679.0,0.26,-0.13,-0.002,0.67
2023-09-21,1.512,1.512,1.512,1.507,1292650,195069029.0,0.33,-1.05,-0.016,1.26
2023-09-22,1.489,1.493,1.493,1.488,1386959,206749980.0,0.33,-1.26,-0.019,1.35
2023-09-25,1.488,1.49,1.491,1.485,1158746,172555291.0,0.40,-0.20,-0.003,1.13
2023-09-26,1.489,1.483,1.49,1.483,1050651,156163815.0,0.47,-0.47,-0.007,1.02
2023-09-27,1.473,1.475,1.476,1.47,2182767,321435784.0,0.40,-0.54,-0.008,2.13
2023-09-28,1.477,1.471,1.477,1.47,1316512,193887436.0,0.47,-0.27,-0.004,1.28
2023-10-09,1.472,1.47,1.473,1.466,1404122,206162150.0,0.48,-0.07,-0.001,1.37
2023-10-10,1.489,1.49,1.49,1.487,867845,129144761.0,0.20,1.36,0.020,0.85
2023-10-11,1.496,1.499,1.5,1.495,722789,108209114.0,0.34,0.60,0.009,0.70
2023-10-12,1.507,1.51,1.51,1.507,808137,121905495.0,0.20,0.73,0.011,0.79
2023-10-13,1.5,1.497,1.5,1.496,857126,128370545.0,0.26,-0.86,-0.013,0.84
2023-10-16,1.492,1.496,1.496,1.492,979112,146295118.0,0.27,-0.07,-0.001,0.95
2023-10-17,1.506,1.507,1.507,1.504,751921,113195400.0,0.20,0.74,0.011,0.73
2023-10-18,1.504,1.505,1.508,1.502,1129600,170000655.0,0.40,-0.13,-0.002,1.10
2023-10-19,1.493,1.485,1.494,1.482,1162066,172581928.0,0.80,-1.33,-0.020,1.13
2023-10-20,1.471,1.467,1.472,1.465,2137497,313750072.0,0.47,-1.21,-0.018,2.08
2023-10-23,1.455,1.457,1.457,1.453,1795474,261300294.0,0.27,-0.68,-0.010,1.75
2023-10-24,1.453,1.455,1.456,1.448,1462603,212426433.0,0.55,-0.14,-0.002,1.42
2023-10-25,1.458,1.456,1.46,1.455,605334,88245906.0,0.34,0.07,0.001,0.59
2023-10-26,1.433,1.433,1.435,1.43,1447441,207356604.0,0.34,-1.58,-0.023,1.41
2023-10-27,1.43,1.433,1.433,1.429,1032017,147787861.0,0.28,0.00,0.000,1.01
2023-10-30,1.426,1.427,1.427,1.422,994988,141695776.0,0.35,-0.42,-0.006,0.97
2023-10-31,1.432,1.431,1.433,1.428,967181,138344813.0,0.35,0.28,0.004,0.94
2023-11-01,1.44,1.446,1.447,1.439,1081064,155904984.0,0.56,1.05,0.015,1.05
2023-11-02,1.462,1.463,1.466,1.461,1046117,153153689.0,0.35,1.18,0.017,1.02
2023-11-03,1.485,1.486,1.487,1.484,810324,120362178.0,0.21,1.57,0.023,0.79
2023-11-06,1.494,1.494,1.496,1.493,783588,117057745.0,0.20,0.54,0.008,0.76
2023-11-07,1.492,1.492,1.494,1.49,838509,125072506.0,0.27,-0.13,-0.002,0.82
2023-11-08,1.497,1.497,1.499,1.495,635199,95077602.0,0.27,0.34,0.005,0.62
2023-11-09,1.498,1.505,1.505,1.497,741040,111264734.0,0.53,0.53,0.008,0.72
2023-11-10,1.495,1.493,1.495,1.49,567001,84601334.0,0.33,-0.80,-0.012,0.55
2023-11-13,1.512,1.513,1.514,1.51,959236,144972120.0,0.27,1.34,0.020,0.93
2023-11-14,1.512,1.518,1.518,1.511,976650,148105059.0,0.46,0.33,0.005,0.95
2023-11-15,1.543,1.539,1.544,1.537,926938,142647425.0,0.46,1.38,0.021,0.90
2023-11-16,1.538,1.541,1.542,1.535,1063853,163653862.0,0.45,0.13,0.002,1.04
2023-11-17,1.542,1.54,1.544,1.538,2421909,373296843.0,0.39,-0.06,-0.001,2.36
2023-11-20,1.532,1.524,1.534,1.523,1830395,279585298.0,0.71,-1.04,-0.016,1.78
2023-11-21,1.53,1.53,1.533,1.529,524085,80237750.0,0.26,0.39,0.006,0.51
2023-11-22,1.528,1.528,1.528,1.525,1348124,205787769.0,0.20,-0.13,-0.002,1.31
2023-11-23,1.534,1.533,1.537,1.531,892123,136818386.0,0.39,0.33,0.005,0.87
2023-11-24,1.534,1.535,1.536,1.533,439638,67484102.0,0.20,0.13,0.002,0.43
2023-11-27,1.534,1.534,1.534,1.53,644983,98798698.0,0.26,-0.07,-0.001,0.63
2023-11-28,1.533,1.535,1.535,1.533,471473,72330386.0,0.13,0.07,0.001,0.46
2023-11-29,1.532,1.532,1.533,1.53,525499,80490523.0,0.20,-0.20,-0.003,0.51
2023-11-30,1.532,1.531,1.535,1.529,699741,107205923.0,0.39,-0.07,-0.001,0.68
2023-12-01,1.535,1.539,1.54,1.535,802561,123446965.0,0.33,0.52,0.008,0.78
2023-12-04,1.544,1.547,1.548,1.543,940068,145265024.0,0.32,0.52,0.008,0.92
2023-12-05,1.539,1.534,1.539,1.534,473204,72759454.0,0.32,-0.84,-0.013,0.46
2023-12-06,1.545,1.546,1.546,1.544,609862,94254615.0,0.13,0.78,0.012,0.59
2023-12-07,1.536,1.533,1.539,1.533,674724,103580225.0,0.39,-0.84,-0.013,0.66
2023-12-08,1.544,1.545,1.547,1.543,846715,130842642.0,0.26,0.78,0.012,0.82
2023-12-11,1.557,1.559,1.562,1.556,868830,135457083.0,0.39,0.91,0.014,0.85
2023-12-12,1.566,1.567,1.57,1.565,1286467,201633245.0,0.32,0.51,0.008,1.25
2023-12-13,1.575,1.576,1.579,1.574,1033878,163077527.0,0.32,0.57,0.009,1.01
2023-12-14,1.594,1.593,1.596,1.591,1773817,282561453.0,0.32,1.08,0.017,1.73
2023-12-15,1.587,1.586,1.589,1.584,1354442,214910818.0,0.31,-0.44,-0.007,1.32
2023-12-18,1.59,1.593,1.593,1.589,728628,115947167.0,0.25,0.44,0.007,0.71
2023-12-19,1.598,1.601,1.601,1.597,679754,108695549.0,0.25,0.50,0.008,0.66
2023-12-20,1.605,1.609,1.61,1.605,1119707,180050612.0,0.31,0.50,0.008,1.09
2023-12-21,1.587,1.588,1.589,1.583,2964855,470164680.0,0.37,-1.31,-0.021,2.89
2023-12-22,1.598,1.597,1.599,1.594,985222,157222034.0,0.31,0.57,0.009,0.96
2023-12-25,1.6,1.6,1.602,1.598,387992,62040307.0,0.25,0.19,0.003,0.38
2023-12-26,1.601,1.605,1.606,1.6,1171438,187859736.0,0.38,0.31,0.005,1.14
2023-12-27,1.608,1.608,1.609,1.605,1087976,174885022.0,0.25,0.19,0.003,1.06
2023-12-28,1.61,1.605,1.61,1.603,1131789,181858431.0,0.44,-0.19,-0.003,1.10
2023-12-29,1.602,1.603,1.605,1.598,1387400,222283371.0,0.44,-0.12,-0.002,1.35
2024-01-02,1.6,1.607,1.607,1.6,635475,101959791.0,0.44,0.25,0.004,0.62
2024-01-03,1.597,1.595,1.6,1.595,1084673,173260596.0,0.31,-0.75,-0.012,1.06
2024-01-04,1.588,1.589,1.59,1.586,683809,108630401.0,0.25,-0.38,-0.006,0.67
2024-01-05,1.586,1.582,1.588,1.582,866172,137329775.0,0.38,-0.44,-0.007,0.84
2024-01-08,1.586,1.584,1.587,1.583,931610,147615543.0,0.25,0.13,0.002,0.91
2024-01-09,1.605,1.611,1.611,1.605,1970037,317031260.0,0.38,1.70,0.027,1.92
2024-01-10,1.611,1.61,1.613,1.609,1277460,205829049.0,0.25,-0.06,-0.001,1.24
2024-01-11,1.62,1.623,1.623,1.619,1368574,221892302.0,0.25,0.81,0.013,1.33
2024-01-12,1.615,1.616,1.616,1.612,923408,149069908.0,0.25,-0.43,-0.007,0.90
2024-01-15,1.619,1.624,1.625,1.618,1240203,201070930.0,0.43,0.50,0.008,1.21
2024-01-16,1.619,1.616,1.62,1.616,853985,138176678.0,0.25,-0.49,-0.008,0.83
2024-01-17,1.619,1.609,1.62,1.608,2173808,350979166.0,0.74,-0.43,-0.007,2.12
2024-01-18,1.609,1.61,1.611,1.605,1319013,212185970.0,0.37,0.06,0.001,1.29
2024-01-19,1.623,1.626,1.628,1.622,2108838,342871913.0,0.37,0.99,0.016,2.05
2024-01-22,1.651,1.652,1.655,1.648,3260748,538244701.0,0.43,1.60,0.026,3.18
2024-01-23,1.651,1.656,1.665,1.645,3124121,516504622.0,1.21,0.24,0.004,3.04
2024-01-24,1.66,1.674,1.688,1.658,2486817,416181248.0,1.81,1.09,0.018,2.42
2024-01-25,1.672,1.666,1.672,1.655,1586860,263800332.0,1.02,-0.48,-0.008,1.55
2024-01-26,1.665,1.654,1.671,1.653,2177410,361309906.0,1.08,-0.72,-0.012,2.12
2024-01-29,1.654,1.661,1.662,1.654,968075,160492883.0,0.48,0.42,0.007,0.94
2024-01-30,1.674,1.681,1.681,1.673,1393901,233778745.0,0.48,1.20,0.020,1.36
2024-01-31,1.67,1.674,1.676,1.666,1602879,267863633.0,0.59,-0.42,-0.007,1.56
2024-02-01,1.655,1.66,1.662,1.649,1660664,274483266.0,0.78,-0.84,-0.014,1.62
2024-02-02,1.677,1.688,1.689,1.677,1270892,213788705.0,0.72,1.69,0.028,1.24
2024-02-05,1.702,1.695,1.703,1.683,1756807,297280230.0,1.18,0.41,0.007,1.71
2024-02-06,1.692,1.695,1.699,1.686,1301725,220149046.0,0.77,0.00,0.000,1.27
2024-02-07,1.694,1.701,1.705,1.691,1249245,212010190.0,0.83,0.35,0.006,1.22
2024-02-08,1.715,1.745,1.75,1.715,1725307,298901827.0,2.06,2.59,0.044,1.68
2024-02-19,1.739,1.737,1.741,1.719,970140,168324183.0,1.26,-0.46,-0.008,0.95
2024-02-20,1.738,1.731,1.739,1.727,733833,127020254.0,0.69,-0.35,-0.006,0.71
2024-02-21,1.72,1.717,1.723,1.712,1890579,324557056.0,0.64,-0.81,-0.014,1.84
2024-02-22,1.729,1.741,1.742,1.728,936389,162574149.0,0.82,1.40,0.024,0.91
2024-02-23,1.762,1.766,1.775,1.762,1187910,210113441.0,0.75,1.44,0.025,1.16
2024-02-26,1.764,1.755,1.764,1.752,1003777,176391082.0,0.68,-0.62,-0.011,0.98
2024-02-27,1.751,1.761,1.764,1.747,1475569,259525661.0,0.97,0.34,0.006,1.44
2024-02-28,1.762,1.783,1.786,1.759,1679058,297610305.0,1.53,1.25,0.022,1.64
2024-02-29,1.777,1.772,1.778,1.765,2247553,397959269.0,0.73,-0.62,-0.011,2.19
2024-03-01,1.782,1.781,1.789,1.78,1586048,282869633.0,0.51,0.51,0.009,1.55
2024-03-04,1.789,1.794,1.796,1.789,1256753,225420086.0,0.39,0.73,0.013,1.22
2024-03-05,1.784,1.789,1.792,1.781,1200737,214805007.0,0.61,-0.28,-0.005,1.17
2024-03-06,1.776,1.781,1.784,1.772,1700494,302389889.0,0.67,-0.45,-0.008,1.66
2024-03-07,1.784,1.776,1.788,1.772,1545118,275174455.0,0.90,-0.28,-0.005,1.51
2024-03-08,1.791,1.8,1.801,1.791,1533657,275511518.0,0.56,1.35,0.024,1.49
2024-03-11,1.79,1.794,1.794,1.78,1488654,266138060.0,0.78,-0.33,-0.006,1.45
2024-03-12,1.794,1.788,1.799,1.785,1399737,250544879.0,0.78,-0.33,-0.006,1.36
2024-03-13,1.8,1.783,1.8,1.78,1416734,253649927.0,1.12,-0.28,-0.005,1.38
2024-03-14,1.784,1.784,1.784,1.778,751823,133876895.0,0.34,0.06,0.001,0.73
2024-03-15,1.778,1.775,1.782,1.774,1072428,190751816.0,0.45,-0.50,-0.009,1.04
2024-03-18,1.773,1.781,1.782,1.764,1535795,272051795.0,1.01,0.34,0.006,1.50
2024-03-19,1.775,1.774,1.78,1.772,1177598,209153468.0,0.45,-0.39,-0.007,1.15
2024-03-20,1.783,1.79,1.792,1.779,1261109,225248737.0,0.73,0.90,0.016,1.23
2024-03-21,1.801,1.826,1.84,1.8,2423573,440845424.0,2.23,2.01,0.036,2.36
2024-03-22,1.827,1.837,1.852,1.819,2359895,434298642.0,1.81,0.60,0.011,2.30
2024-03-25,1.838,1.825,1.846,1.816,2226642,407909894.0,1.63,-0.65,-0.012,2.17
2024-03-26,1.826,1.832,1.833,1.821,1045619,191047358.0,0.66,0.38,0.007,1.02
2024-03-27,1.827,1.844,1.848,1.825,1283638,235426261.0,1.26,0.66,0.012,1.25
2024-03-28,1.851,1.868,1.877,1.848,3028368,564050725.0,1.57,1.30,0.024,2.95
2024-03-29,1.868,1.856,1.899,1.852,3633389,683046836.0,2.52,-0.64,-0.012,3.54
2024-04-01,1.863,1.849,1.886,1.845,1996979,371698861.0,2.21,-0.38,-0.007,1.95
2024-04-02,1.844,1.842,1.848,1.831,2725711,501474728.0,0.92,-0.38,-0.007,2.66
2024-04-03,1.83,1.802,1.831,1.797,3380552,612744381.0,1.85,-2.17,-0.040,3.29
2024-04-08,1.807,1.807,1.811,1.791,2210781,398359495.0,1.11,0.28,0.005,2.15
2024-04-09,1.806,1.813,1.819,1.795,2603800,470570689.0,1.33,0.33,0.006,2.54
2024-04-10,1.815,1.81,1.818,1.8,1042371,188859687.0,0.99,-0.17,-0.003,1.02
2024-04-11,1.79,1.788,1.793,1.783,1672230,299127628.0,0.55,-1.22,-0.022,1.63
2024-04-12,1.801,1.802,1.807,1.799,1279002,230452366.0,0.45,0.78,0.014,1.25
2024-04-15,1.776,1.783,1.785,1.771,1198736,213407735.0,0.78,-1.05,-0.019,1.17
2024-04-16,1.76,1.741,1.76,1.74,2160224,377589234.0,1.12,-2.36,-0.042,2.10
2024-04-17,1.742,1.734,1.747,1.733,1254792,218425316.0,0.80,-0.40,-0.007,1.22
2024-04-18,1.725,1.73,1.732,1.723,1443337,249246455.0,0.52,-0.23,-0.004,1.41
2024-04-19,1.71,1.709,1.71,1.693,2029285,345125581.0,0.98,-1.21,-0.021,1.98
2024-04-22,1.702,1.716,1.716,1.701,1694642,289500589.0,0.88,0.41,0.007,1.65
2024-04-23,1.722,1.728,1.731,1.719,1779765,306957407.0,0.70,0.70,0.012,1.73
2024-04-24,1.75,1.766,1.768,1.75,1869810,329559684.0,1.04,2.20,0.038,1.82
2024-04-25,1.749,1.739,1.753,1.737,1279030,222962829.0,0.91,-1.53,-0.027,1.25
2024-04-26,1.754,1.746,1.758,1.745,1290618,225996482.0,0.75,0.40,0.007,1.26
2024-04-29,1.758,1.754,1.76,1.75,1007109,176655255.0,0.57,0.46,0.008,0.98
2024-04-30,1.755,1.758,1.76,1.753,823675,144685815.0,0.40,0.23,0.004,0.80
2024-05-06,1.758,1.759,1.76,1.753,920988,161668409.0,0.40,0.06,0.001,0.90
2024-05-07,1.772,1.777,1.781,1.771,1147035,203714230.0,0.57,1.02,0.018,1.12
2024-05-08,1.779,1.784,1.785,1.775,1091684,194404807.0,0.56,0.39,0.007,1.06
2024-05-09,1.786,1.779,1.789,1.779,1466310,261538378.0,0.56,-0.28,-0.005,1.43
2024-05-10,1.789,1.799,1.8,1.788,878813,157798275.0,0.67,1.12,0.020,0.86
2024-05-13,1.801,1.807,1.81,1.799,788139,142362760.0,0.61,0.44,0.008,0.77
2024-05-14,1.801,1.807,1.809,1.797,991864,178681894.0,0.66,0.00,0.000,0.97
2024-05-15,1.817,1.826,1.827,1.816,1092086,199126588.0,0.61,1.05,0.019,1.06
2024-05-16,1.849,1.85,1.858,1.845,1233365,228477271.0,0.71,1.31,0.024,1.20
2024-05-17,1.844,1.844,1.846,1.84,942090,173663357.0,0.32,-0.32,-0.006,0.92
2024-05-20,1.844,1.834,1.85,1.829,1863960,342511523.0,1.14,-0.54,-0.010,1.82
2024-05-21,1.836,1.835,1.84,1.832,1113187,204337625.0,0.44,0.05,0.001,1.08
2024-05-22,1.84,1.844,1.845,1.837,897985,165358630.0,0.44,0.49,0.009,0.87
2024-05-23,1.843,1.849,1.853,1.841,1331571,246087391.0,0.65,0.27,0.005,1.30
2024-05-24,1.829,1.818,1.829,1.818,1587953,289723851.0,0.59,-1.68,-0.031,1.55
2024-05-27,1.829,1.834,1.836,1.828,654352,119941475.0,0.44,0.88,0.016,0.64
2024-05-28,1.836,1.838,1.841,1.834,572041,105029202.0,0.38,0.22,0.004,0.56
2024-05-29,1.835,1.829,1.835,1.827,509011,93167502.0,0.44,-0.49,-0.009,0.50
2024-05-30,1.807,1.806,1.817,1.805,930375,168493054.0,0.66,-1.26,-0.023,0.91
2024-05-31,1.793,1.807,1.808,1.793,823001,148206180.0,0.83,0.06,0.001,0.80
2024-06-03,1.826,1.835,1.836,1.825,875753,160339675.0,0.61,1.55,0.028,0.85
2024-06-04,1.835,1.838,1.838,1.827,775006,142122496.0,0.60,0.16,0.003,0.76
2024-06-05,1.841,1.847,1.848,1.84,590447,108923787.0,0.44,0.49,0.009,0.58
2024-06-06,1.874,1.873,1.88,1.871,984800,184513785.0,0.49,1.41,0.026,0.96
2024-06-07,1.87,1.882,1.883,1.87,678200,127227173.0,0.69,0.48,0.009,0.66
2024-06-11,1.884,1.889,1.897,1.884,989433,187055379.0,0.69,0.37,0.007,0.96
2024-06-12,1.896,1.892,1.898,1.89,1141583,216208726.0,0.42,0.16,0.003,1.11
2024-06-13,1.908,1.909,1.913,1.906,818673,156262512.0,0.37,0.90,0.017,0.80
2024-06-14,1.907,1.903,1.909,1.9,1048154,199476777.0,0.47,-0.31,-0.006,1.02
2024-06-17,1.903,1.893,1.907,1.883,1632288,308484825.0,1.26,-0.53,-0.010,1.59
2024-06-18,1.906,1.902,1.909,1.899,1149279,218732442.0,0.53,0.48,0.009,1.12
2024-06-19,1.904,1.904,1.907,1.902,634292,120798663.0,0.26,0.11,0.002,0.62
2024-06-20,1.905,1.921,1.922,1.905,759909,145252308.0,0.89,0.89,0.017,0.74
2024-06-21,1.907,1.914,1.916,1.9,1133320,216565112.0,0.83,-0.36,-0.007,1.10
2024-06-24,1.912,1.91,1.913,1.904,621390,118578073.0,0.47,-0.21,-0.004,0.61
2024-06-25,1.901,1.907,1.91,1.898,992034,189011969.0,0.63,-0.16,-0.003,0.97
2024-06-26,1.92,1.933,1.935,1.914,941852,181025789.0,1.10,1.36,0.026,0.92
2024-06-27,1.933,1.948,1.95,1.927,1468851,285262029.0,1.19,0.78,0.015,1.43
2024-06-28,1.955,1.971,1.985,1.955,2087549,411417226.0,1.54,1.18,0.023,2.03
2024-07-01,1.965,1.967,1.978,1.958,1245455,245424744.0,1.01,-0.20,-0.004,1.21
2024-07-02,1.975,1.971,1.987,1.969,1405085,277974283.0,0.92,0.20,0.004,1.37
2024-07-03,1.99,1.999,2.0,1.989,1121194,223767306.0,0.56,1.42,0.028,1.09
2024-07-04,2.018,1.977,2.035,1.968,2556542,512772665.0,3.35,-1.10,-0.022,2.49
2024-07-05,1.974,1.993,1.996,1.973,1339065,265391096.0,1.16,0.81,0.016,1.30
2024-07-08,2.004,1.999,2.008,1.989,1127275,225055158.0,0.95,0.30,0.006,1.10
2024-07-09,2.001,1.996,2.002,1.993,1207070,240932768.0,0.45,-0.15,-0.003,1.18
2024-07-10,1.995,1.985,1.996,1.97,1315036,260874591.0,1.30,-0.55,-0.011,1.28
2024-07-11,1.999,2.004,2.004,1.996,988551,197745919.0,0.40,0.96,0.019,0.96
2024-07-12,1.984,1.974,1.984,1.945,1707796,335666717.0,1.95,-1.50,-0.030,1.66
2024-07-15,1.983,2.024,2.025,1.983,1978925,397678548.0,2.13,2.53,0.050,1.93
2024-07-16,2.029,2.028,2.045,2.015,1253185,254176798.0,1.48,0.20,0.004,1.22
2024-07-17,2.039,2.053,2.067,2.038,1799228,369343220.0,1.43,1.23,0.025,1.75
2024-07-18,2.002,2.027,2.032,1.984,1748145,351129421.0,2.34,-1.27,-0.026,1.70
2024-07-19,2.01,1.979,2.014,1.977,1583370,315386066.0,1.83,-2.37,-0.048,1.54
2024-07-22,1.955,1.956,1.965,1.95,1377124,269304619.0,0.76,-1.16,-0.023,1.34
2024-07-23,1.979,1.983,1.992,1.978,1081700,214517304.0,0.72,1.38,0.027,1.05
2024-07-24,1.975,1.968,1.98,1.966,776452,153084792.0,0.71,-0.76,-0.015,0.76
2024-07-25,1.912,1.911,1.918,1.9,1311021,250565375.0,0.91,-2.90,-0.057,1.28
2024-07-26,1.901,1.927,1.929,1.901,929012,177838478.0,1.47,0.84,0.016,0.91
2024-07-29,1.948,1.972,1.973,1.948,1068190,209239324.0,1.30,2.34,0.045,1.04
2024-07-30,1.963,1.962,1.97,1.947,944175,184836702.0,1.17,-0.51,-0.010,0.92
2024-07-31,1.959,1.948,1.962,1.94,2268018,442118228.0,1.12,-0.71,-0.014,2.21
2024-08-01,1.979,1.972,1.98,1.967,1343518,265159446.0,0.67,1.23,0.024,1.31
2024-08-02,1.928,1.912,1.943,1.908,1486308,285775705.0,1.77,-3.04,-0.060,1.45
2024-08-05,1.84,1.785,1.84,1.773,3336797,603682558.0,3.50,-6.64,-0.127,3.25
2024-08-06,1.813,1.804,1.826,1.799,2723550,493594092.0,1.51,1.06,0.019,2.65
2024-08-07,1.807,1.811,1.826,1.803,1790875,325373767.0,1.27,0.39,0.007,1.74
2024-08-08,1.793,1.799,1.802,1.782,1068806,191472370.0,1.10,-0.66,-0.012,1.04
2024-08-09,1.836,1.835,1.847,1.83,1285068,236124039.0,0.94,2.00,0.036,1.25
2024-08-12,1.842,1.86,1.861,1.841,1351843,250633332.0,1.09,1.36,0.025,1.32
2024-08-13,1.862,1.887,1.891,1.861,1171965,219812695.0,1.61,1.45,0.027,1.14
2024-08-14,1.914,1.922,1.925,1.91,1271305,243992675.0,0.79,1.85,0.035,1.24
2024-08-15,1.936,1.948,1.957,1.93,1198460,233038944.0,1.40,1.35,0.026,1.17
2024-08-16,1.994,1.975,1.996,1.962,1957543,386697068.0,1.75,1.39,0.027,1.91
2024-08-19,1.978,1.942,1.978,1.941,1397669,273725415.0,1.87,-1.67,-0.033,1.36
2024-08-20,1.968,1.966,1.974,1.962,842582,165657345.0,0.62,1.24,0.024,0.82
2024-08-21,1.957,1.967,1.969,1.948,689837,135278774.0,1.07,0.05,0.001,0.67
2024-08-22,1.978,1.971,1.993,1.963,1484566,293437622.0,1.53,0.20,0.004,1.45
2024-08-23,1.95,1.964,1.965,1.948,894428,174893337.0,0.86,-0.36,-0.007,0.87
2024-08-26,1.988,1.978,1.993,1.97,851835,168536095.0,1.17,0.71,0.014,0.83
2024-08-27,1.971,1.978,1.98,1.962,661214,130475260.0,0.91,0.00,0.000,0.64
2024-08-28,1.982,1.997,2.008,1.975,2227796,443932422.0,1.67,0.96,0.019,2.17
2024-08-29,1.971,1.974,1.981,1.961,1381173,272224371.0,1.00,-1.15,-0.023,1.35
2024-08-30,1.977,1.978,1.983,1.972,765073,151214193.0,0.56,0.20,0.004,0.75
2024-09-02,1.99,1.999,2.004,1.99,1087549,217328243.0,0.71,1.06,0.021,1.06
2024-09-03,2.001,1.998,2.011,1.992,1059450,212181623.0,0.95,-0.05,-0.001,1.03
2024-09-04,1.925,1.919,1.943,1.917,1798985,347089858.0,1.30,-3.95,-0.079,1.75
2024-09-05,1.933,1.929,1.94,1.923,825363,159293426.0,0.89,0.52,0.010,0.80
2024-09-06,1.92,1.919,1.925,1.912,885553,169995694.0,0.67,-0.52,-0.010,0.86
2024-09-09,1.894,1.905,1.906,1.884,1459737,276656954.0,1.15,-0.73,-0.014,1.42
2024-09-10,1.92,1.895,1.927,1.894,1678850,320438384.0,1.73,-0.52,-0.010,1.64
2024-09-11,1.908,1.899,1.91,1.893,790319,150085077.0,0.90,0.21,0.004,0.77
2024-09-12,1.927,1.931,1.937,1.923,1318809,254485023.0,0.74,1.69,0.032,1.28
2024-09-13,1.944,1.941,1.95,1.939,1310968,254941475.0,0.57,0.52,0.010,1.28
2024-09-18,1.95,1.939,1.954,1.935,918491,178481808.0,0.98,-0.10,-0.002,0.89
2024-09-19,1.944,1.965,1.967,1.942,1012686,197650366.0,1.29,1.34,0.026,0.99
2024-09-20,1.986,1.97,1.989,1.967,1256530,248683191.0,1.12,0.25,0.005,1.22
2024-09-23,1.974,1.974,1.979,1.969,671941,132631408.0,0.51,0.20,0.004,0.65
2024-09-24,1.977,1.96,1.978,1.95,1208342,236781221.0,1.42,-0.71,-0.014,1.18
2024-09-25,1.951,1.945,1.954,1.938,1239282,241033989.0,0.82,-0.77,-0.015,1.21
2024-09-26,1.949,1.948,1.955,1.938,1650332,321326369.0,0.87,0.15,0.003,1.61
2024-09-27,1.92,1.919,1.934,1.916,985058,189629055.0,0.92,-1.49,-0.029,0.96
2024-09-30,1.893,1.908,1.917,1.881,4295250,816931700.0,1.88,-0.57,-0.011,4.18
2024-10-08,1.886,1.893,1.914,1.879,3528083,668954192.0,1.83,-0.79,-0.015,3.44
2024-10-09,1.914,1.925,1.929,1.91,2960690,568195657.0,1.00,1.69,0.032,2.88
2024-10-10,1.943,1.956,1.961,1.943,2530206,493894382.0,0.94,1.61,0.031,2.46
2024-10-11,1.955,1.967,1.97,1.951,1730693,339865272.0,0.97,0.56,0.011,1.69
2024-10-14,1.984,1.988,1.992,1.971,2086676,413857000.0,1.07,1.07,0.021,2.03
2024-10-15,2.005,2.047,2.048,2.005,3144859,638535349.0,2.16,2.97,0.059,3.06
2024-10-16,2.025,2.024,2.034,2.005,2328863,471282771.0,1.42,-1.12,-0.023,2.27
2024-10-17,2.03,2.045,2.048,2.03,2033645,414747360.0,0.89,1.04,0.021,1.98
2024-10-18,2.036,2.027,2.041,2.015,3077818,624928096.0,1.27,-0.88,-0.018,3.00
2024-10-21,2.027,2.018,2.036,2.015,2048371,414005126.0,1.04,-0.44,-0.009,2.00
2024-10-22,2.015,2.006,2.015,2.005,1531023,307483169.0,0.50,-0.59,-0.012,1.49
2024-10-23,2.006,1.999,2.011,1.998,1162317,232829859.0,0.65,-0.35,-0.007,1.13
2024-10-24,1.986,1.991,1.992,1.982,1646827,327050735.0,0.50,-0.40,-0.008,1.60
2024-10-25,1.992,1.991,1.998,1.99,1019866,203282530.0,0.40,0.00,0.000,0.99
2024-10-28,2.0,2.012,2.016,1.998,2281468,457702429.0,0.90,1.05,0.021,2.22
2024-10-29,2.005,2.005,2.009,2.0,1346076,269768058.0,0.45,-0.35,-0.007,1.31
2024-10-30,2.016,2.02,2.023,2.012,1395275,281485234.0,0.55,0.75,0.015,1.36
2024-10-31,2.008,1.996,2.008,1.995,1048136,209557470.0,0.64,-1.19,-0.024,1.02
2024-11-01,1.965,1.971,1.977,1.957,1676201,329692566.0,1.00,-1.25,-0.025,1.63
2024-11-04,1.966,1.963,1.972,1.961,1533905,301514919.0,0.56,-0.41,-0.008,1.49
2024-11-05,1.96,1.961,1.962,1.953,1124936,220171828.0,0.46,-0.10,-0.002,1.10
2024-11-06,1.996,2.029,2.03,1.988,3330988,668346837.0,2.14,3.47,0.068,3.25
2024-11-07,2.065,2.045,2.079,2.038,3815080,785647567.0,2.02,0.79,0.016,3.72
2024-11-08,2.047,2.063,2.063,2.047,2309079,474479084.0,0.78,0.88,0.018,2.25
2024-11-11,2.065,2.089,2.091,2.065,1935112,402809887.0,1.26,1.26,0.026,1.89
2024-11-12,2.092,2.113,2.126,2.092,2807170,592152067.0,1.63,1.15,0.024,2.73
2024-11-13,2.109,2.095,2.109,2.09,1987802,416707171.0,0.90,-0.85,-0.018,1.94
2024-11-14,2.097,2.122,2.131,2.097,3260906,690846954.0,1.62,1.29,0.027,3.18
2024-11-15,2.104,2.088,2.105,2.083,2328753,488041641.0,1.04,-1.60,-0.034,2.27
2024-11-18,2.067,2.102,2.107,2.067,2789812,582560336.0,1.92,0.67,0.014,2.72
2024-11-19,2.102,2.106,2.121,2.098,2558811,540066146.0,1.09,0.19,0.004,2.49
2024-11-20,2.122,2.112,2.123,2.108,1737842,367150693.0,0.71,0.28,0.006,1.69
2024-11-21,2.105,2.107,2.109,2.096,1156296,243073501.0,0.62,-0.24,-0.005,1.13
2024-11-22,2.121,2.128,2.134,2.115,2244054,476760461.0,0.90,1.00,0.021,2.19
2024-11-25,2.141,2.177,2.178,2.141,3434824,743479420.0,1.74,2.30,0.049,3.35
2024-11-26,2.181,2.181,2.187,2.143,3995963,865450138.0,2.02,0.18,0.004,3.89
2024-11-27,2.197,2.18,2.236,2.174,5099924,1127500408.0,2.84,-0.05,-0.001,4.97
2024-11-28,2.173,2.178,2.19,2.16,2601024,565729812.0,1.38,-0.09,-0.002,2.53
2024-11-29,2.182,2.182,2.188,2.17,2147402,468217485.0,0.83,0.18,0.004,2.09
2024-12-02,2.199,2.199,2.202,2.184,2388134,523979093.0,0.82,0.78,0.017,2.33
2024-12-03,2.21,2.217,2.222,2.207,1921348,425336733.0,0.68,0.82,0.018,1.87
2024-12-04,2.22,2.217,2.221,2.208,1570989,347907504.0,0.59,0.00,0.000,1.53
2024-12-05,2.23,2.233,2.235,2.225,1565477,348941541.0,0.45,0.72,0.016,1.53
2024-12-06,2.228,2.228,2.231,2.21,1458954,324657582.0,0.94,-0.22,-0.005,1.42
2024-12-09,2.233,2.227,2.233,2.225,1365980,304320476.0,0.36,-0.04,-0.001,1.33
2024-12-10,2.182,2.207,2.21,2.182,2246211,494108240.0,1.26,-0.90,-0.020,2.19
2024-12-11,2.2,2.227,2.229,2.199,2116906,469439403.0,1.36,0.91,0.020,2.06
2024-12-12,2.248,2.232,2.25,2.226,2115516,473526910.0,1.08,0.22,0.005,2.06
2024-12-13,2.226,2.244,2.246,2.223,1507003,336943663.0,1.03,0.54,0.012,1.47
2024-12-16,2.244,2.274,2.285,2.241,3267669,741900043.0,1.96,1.34,0.030,3.18
2024-12-17,2.501,2.254,2.501,2.047,4655671,1049725544.0,19.96,-0.88,-0.020,4.54
2024-12-18,2.248,2.229,2.248,2.22,2469285,550314036.0,1.24,-1.11,-0.025,2.41
2024-12-19,2.149,2.157,2.195,2.149,3024560,655842108.0,2.06,-3.23,-0.072,2.95
2024-12-20,2.155,2.144,2.174,2.12,2840519,609192968.0,2.50,-0.60,-0.013,2.77
2024-12-23,2.176,2.194,2.2,2.176,2725916,596921049.0,1.12,2.33,0.050,2.66
2024-12-24,2.213,2.186,2.217,2.181,1996193,439050636.0,1.64,-0.36,-0.008,1.94
2024-12-25,2.198,2.197,2.205,2.191,1035301,227341259.0,0.64,0.50,0.011,1.01
2024-12-26,2.199,2.2,2.2,2.185,930463,204243215.0,0.68,0.14,0.003,0.91
2024-12-27,2.197,2.191,2.199,2.19,824590,180878807.0,0.41,-0.41,-0.009,0.80
2024-12-30,2.17,2.165,2.172,2.161,1165096,252314636.0,0.50,-1.19,-0.026,1.14
2024-12-31,2.151,2.162,2.178,2.143,1603420,346082143.0,1.62,-0.14,-0.003,1.56
2025-01-02,2.163,2.183,2.185,2.16,1579559,343892662.0,1.16,0.97,0.021,1.54
2025-01-03,2.181,2.17,2.186,2.167,1141237,248381322.0,0.87,-0.60,-0.013,1.11
2025-01-06,2.188,2.211,2.213,2.188,1848995,406253316.0,1.15,1.89,0.041,1.80
2025-01-07,2.22,2.193,2.238,2.18,3000409,664862836.0,2.62,-0.81,-0.018,2.92
2025-01-08,2.172,2.19,2.197,2.17,1411851,308438227.0,1.23,-0.14,-0.003,1.38
2025-01-09,2.193,2.186,2.2,2.184,955483,209257322.0,0.73,-0.18,-0.004,0.93
2025-01-10,2.181,2.173,2.198,2.172,1352753,295580973.0,1.19,-0.59,-0.013,1.32
2025-01-13,2.152,2.139,2.16,2.135,1128826,242217021.0,1.15,-1.56,-0.034,1.10
2025-01-14,2.152,2.162,2.164,2.146,1149908,247714743.0,0.84,1.08,0.023,1.12
2025-01-15,2.161,2.158,2.167,2.152,749169,161694815.0,0.69,-0.19,-0.004,0.73
2025-01-16,2.198,2.193,2.2,2.187,1182130,259124857.0,0.60,1.62,0.035,1.15
2025-01-17,2.189,2.191,2.192,2.177,656203,143488589.0,0.68,-0.09,-0.002,0.64
2025-01-20,2.202,2.201,2.207,2.197,960154,211359301.0,0.46,0.46,0.010,0.94
2025-01-21,2.202,2.2,2.203,2.193,662009,145588046.0,0.45,-0.05,-0.001,0.64
2025-01-22,2.212,2.218,2.22,2.209,927383,205164970.0,0.50,0.82,0.018,0.90
2025-01-23,2.225,2.205,2.228,2.204,1259120,279258164.0,1.08,-0.59,-0.013,1.23
2025-01-24,2.214,2.214,2.22,2.212,995621,220647070.0,0.36,0.41,0.009,0.97
2025-01-27,2.2,2.196,2.2,2.165,2484108,542361318.0,1.58,-0.81,-0.018,2.42
2025-02-05,2.191,2.192,2.195,2.178,894929,196034692.0,0.77,-0.18,-0.004,0.87
2025-02-06,2.2,2.198,2.203,2.195,712735,156722141.0,0.36,0.27,0.006,0.69
2025-02-07,2.198,2.192,2.201,2.187,934739,204945870.0,0.64,-0.27,-0.006,0.91
2025-02-10,2.18,2.187,2.188,2.17,1013117,220606595.0,0.82,-0.23,-0.005,0.99
2025-02-11,2.187,2.183,2.192,2.18,663169,144937696.0,0.55,-0.18,-0.004,0.65
2025-02-12,2.183,2.175,2.185,2.17,584026,127052105.0,0.69,-0.37,-0.008,0.57
2025-02-13,2.179,2.172,2.179,2.165,756592,164142548.0,0.64,-0.14,-0.003,0.74
2025-02-14,2.18,2.173,2.184,2.171,912017,198616671.0,0.60,0.05,0.001,0.89
2025-02-17,2.172,2.17,2.172,2.16,757005,163890755.0,0.55,-0.14,-0.003,0.74
2025-02-18,2.17,2.185,2.189,2.167,693093,150851653.0,1.01,0.69,0.015,0.68
2025-02-19,2.185,2.176,2.185,2.175,597854,130322495.0,0.46,-0.41,-0.009,0.58
2025-02-20,2.18,2.174,2.181,2.173,464705,101094249.0,0.37,-0.09,-0.002,0.45
2025-02-21,2.168,2.154,2.168,2.15,1217864,262620382.0,0.83,-0.92,-0.020,1.19
2025-02-24,2.118,2.125,2.138,2.112,1481295,313781187.0,1.21,-1.35,-0.029,1.44
2025-02-25,2.11,2.094,2.116,2.092,1422639,298776741.0,1.13,-1.46,-0.031,1.39
2025-02-26,2.092,2.091,2.092,2.077,1666490,347204187.0,0.72,-0.14,-0.003,1.62
2025-02-27,2.089,2.084,2.089,2.079,1367344,284837163.0,0.48,-0.33,-0.007,1.33
2025-02-28,2.05,2.032,2.051,2.028,3038343,619549043.0,1.10,-2.50,-0.052,2.96
2025-03-03,2.052,2.07,2.071,2.052,2279092,470010561.0,0.94,1.87,0.038,2.22
2025-03-04,2.034,2.031,2.034,2.028,1637668,332659212.0,0.29,-1.88,-0.039,1.60
2025-03-05,2.015,2.024,2.027,2.011,2151237,434704451.0,0.79,-0.34,-0.007,2.10
2025-03-06,2.031,2.025,2.034,2.022,1229199,248988491.0,0.59,0.05,0.001,1.20
2025-03-07,2.0,2.001,2.006,1.998,1436892,287561166.0,0.40,-1.19,-0.024,1.40
2025-03-10,1.998,1.999,2.004,1.995,868611,173702613.0,0.45,-0.10,-0.002,0.85
2025-03-11,1.937,1.949,1.949,1.931,2298535,446390669.0,0.90,-2.50,-0.050,2.24
2025-03-12,1.938,1.938,1.941,1.93,1650503,319446678.0,0.56,-0.56,-0.011,1.61
2025-03-13,1.944,1.932,1.947,1.927,1300855,251960402.0,1.03,-0.31,-0.006,1.27
2025-03-14,1.92,1.93,1.931,1.917,1954379,375685735.0,0.72,-0.10,-0.002,1.90
2025-03-17,1.94,1.929,1.943,1.928,1647829,318907564.0,0.78,-0.05,-0.001,1.61
2025-03-18,1.938,1.948,1.949,1.938,2093329,406509362.0,0.57,0.98,0.019,2.04
2025-03-19,1.935,1.933,1.935,1.928,814493,157344155.0,0.36,-0.77,-0.015,0.79
2025-03-20,1.955,1.981,1.983,1.951,3178334,625048370.0,1.66,2.48,0.048,3.10
2025-03-21,1.979,1.973,1.979,1.962,2256099,444398783.0,0.86,-0.40,-0.008,2.20
2025-03-24,1.984,1.999,1.999,1.983,2507265,498843424.0,0.81,1.32,0.026,2.44
2025-03-25,2.025,2.017,2.026,2.01,2451371,494670766.0,0.80,0.90,0.018,2.39
2025-03-26,2.028,2.011,2.028,2.008,1746173,351534941.0,0.99,-0.30,-0.006,1.70
2025-03-27,1.98,1.983,1.986,1.98,1622048,321567798.0,0.30,-1.39,-0.028,1.58
2025-03-28,1.974,1.963,1.976,1.962,1564705,307933305.0,0.71,-1.01,-0.020,1.52
2025-03-31,1.91,1.907,1.92,1.906,2001722,382813852.0,0.71,-2.85,-0.056,1.95
2025-04-01,1.917,1.937,1.939,1.917,2248768,433956103.0,1.15,1.57,0.030,2.19
2025-04-02,1.94,1.937,1.942,1.936,1966888,381332128.0,0.31,0.00,0.000,1.92
2025-04-03,1.903,1.897,1.912,1.895,3416121,649805361.0,0.88,-2.07,-0.040,3.33
2025-04-07,1.707,1.707,1.725,1.707,5655432,967455000.0,0.95,-10.02,-0.190,5.51
2025-04-08,1.737,1.776,1.793,1.737,5082647,902064322.0,3.28,4.04,0.069,4.95
2025-04-09,1.707,1.722,1.729,1.695,7420048,1270310189.0,1.91,-3.04,-0.054,7.23
2025-04-10,1.881,1.886,1.888,1.831,6701700,1258236161.0,3.31,9.52,0.164,6.53
2025-04-11,1.807,1.841,1.849,1.802,6209563,1132299293.0,2.49,-2.39,-0.045,6.05
2025-04-14,1.864,1.872,1.875,1.857,2963731,552969796.0,0.98,1.68,0.031,2.89
2025-04-15,1.868,1.865,1.869,1.863,1515088,282637848.0,0.32,-0.37,-0.007,1.48
2025-04-16,1.854,1.842,1.854,1.835,2154094,397627015.0,1.02,-1.23,-0.023,2.10
2025-04-17,1.831,1.835,1.84,1.826,2632814,482965469.0,0.76,-0.38,-0.007,2.56
2025-04-18,1.826,1.829,1.832,1.823,928764,169737482.0,0.49,-0.33,-0.006,0.90
2025-04-21,1.811,1.806,1.815,1.804,1841734,333078425.0,0.60,-1.26,-0.023,1.79
2025-04-22,1.792,1.803,1.804,1.787,2202368,394712388.0,0.94,-0.17,-0.003,2.15
2025-04-23,1.846,1.855,1.858,1.842,5282818,976671444.0,0.89,2.88,0.052,5.15
2025-04-24,1.855,1.846,1.859,1.846,3137396,580635067.0,0.70,-0.49,-0.009,3.06
2025-04-25,1.891,1.895,1.898,1.889,3776175,714619713.0,0.49,2.65,0.049,3.68
2025-04-28,1.892,1.901,1.902,1.889,2329212,440889329.0,0.69,0.32,0.006,2.27
2025-04-29,1.903,1.897,1.907,1.895,2139831,406460194.0,0.63,-0.21,-0.004,2.08
2025-04-30,1.903,1.9,1.903,1.897,1698314,322624589.0,0.32,0.16,0.003,1.65
2025-05-06,1.922,1.918,1.927,1.915,1988920,381842614.0,0.63,0.95,0.018,1.94
2025-05-07,1.92,1.922,1.925,1.919,1310773,251884332.0,0.31,0.21,0.004,1.28
2025-05-08,1.931,1.94,1.942,1.93,2398358,464530057.0,0.62,0.94,0.018,2.34
2025-05-09,1.94,1.942,1.944,1.937,1534709,297822421.0,0.36,0.10,0.002,1.50
2025-05-12,1.964,1.963,1.966,1.957,2372225,465200929.0,0.46,1.08,0.021,2.31
2025-05-13,1.987,1.977,1.987,1.977,2743638,543744972.0,0.51,0.71,0.014,2.67
2025-05-14,1.998,2.013,2.013,1.998,2628048,527519450.0,0.76,1.82,0.036,2.56
2025-05-15,2.007,1.999,2.007,1.998,1748776,350126886.0,0.45,-0.70,-0.014,1.70
2025-05-16,2.007,2.012,2.014,2.007,1262025,253887950.0,0.35,0.65,0.013,1.23
2025-05-19,2.009,2.006,2.015,2.006,2086891,419552696.0,0.45,-0.30,-0.006,2.03
2025-05-20,2.026,2.025,2.032,2.024,1626987,329917246.0,0.40,0.95,0.019,1.59
2025-05-21,2.019,2.01,2.021,2.009,1497482,301800188.0,0.59,-0.74,-0.015,1.46
2025-05-22,1.989,1.989,1.994,1.985,2545229,506324576.0,0.45,-1.04,-0.021,2.48
2025-05-23,1.987,1.986,1.993,1.983,1561138,310360084.0,0.50,-0.15,-0.003,1.52
2025-05-26,1.985,1.991,1.992,1.983,1193597,237213052.0,0.45,0.25,0.005,1.16
2025-05-27,1.99,1.997,1.997,1.987,1011548,201499546.0,0.50,0.30,0.006,0.99
2025-05-28,2.015,2.012,2.017,2.011,1574523,317073426.0,0.30,0.75,0.015,1.53
2025-05-29,2.032,2.032,2.036,2.031,2589658,526612025.0,0.25,0.99,0.020,2.52
2025-05-30,2.001,2.004,2.009,1.999,2605744,522435890.0,0.49,-1.38,-0.028,2.54
2025-06-03,2.013,2.01,2.016,2.009,1371410,275982174.0,0.35,0.30,0.006,1.34
2025-06-04,2.026,2.029,2.03,2.023,1210579,245333025.0,0.35,0.95,0.019,1.18
2025-06-05,2.025,2.025,2.027,2.023,1524792,308752909.0,0.20,-0.20,-0.004,1.49
2025-06-06,2.018,2.024,2.025,2.016,850335,171815580.0,0.44,-0.05,-0.001,0.83
2025-06-09,2.032,2.035,2.036,2.031,963823,195963652.0,0.25,0.54,0.011,0.94
2025-06-10,2.042,2.036,2.047,2.033,1493926,304991763.0,0.69,0.05,0.001,1.46
2025-06-11,2.044,2.046,2.046,2.042,1041704,212936476.0,0.20,0.49,0.010,1.01
2025-06-12,2.04,2.04,2.042,2.036,1100902,224477655.0,0.29,-0.29,-0.006,1.07
2025-06-13,2.02,2.023,2.025,2.011,2221110,448583843.0,0.69,-0.83,-0.017,2.16
2025-06-16,2.029,2.038,2.038,2.028,1144822,232755129.0,0.49,0.74,0.015,1.12
2025-06-17,2.039,2.038,2.043,2.036,1200707,244912091.0,0.34,0.00,0.000,1.17
2025-06-18,2.033,2.035,2.039,2.032,1089067,221672420.0,0.34,-0.15,-0.003,1.06
2025-06-19,2.028,2.025,2.03,2.022,1583901,320773947.0,0.39,-0.49,-0.010,1.54
2025-06-20,2.023,2.027,2.03,2.019,956389,193698039.0,0.54,0.10,0.002,0.93
2025-06-23,2.015,2.025,2.027,2.014,906971,183385729.0,0.64,-0.10,-0.002,0.88
2025-06-24,2.051,2.061,2.062,2.048,2045860,420011976.0,0.69,1.78,0.036,1.99
2025-06-25,2.062,2.065,2.066,2.059,1719257,354755895.0,0.34,0.19,0.004,1.67
2025-06-26,2.063,2.071,2.072,2.061,1542598,318743666.0,0.53,0.29,0.006,1.50
2025-06-27,2.08,2.091,2.093,2.08,2724125,568793085.0,0.63,0.97,0.020,2.65
2025-06-30,2.102,2.102,2.104,2.096,1622426,340760803.0,0.38,0.53,0.011,1.58
2025-07-01,2.102,2.096,2.104,2.095,1275137,267681078.0,0.43,-0.29,-0.006,1.24
2025-07-02,2.098,2.11,2.111,2.098,1391608,292831012.0,0.62,0.67,0.014,1.36
2025-07-03,2.114,2.114,2.115,2.109,1254423,264905090.0,0.28,0.19,0.004,1.22
2025-07-04,2.125,2.125,2.132,2.122,2325591,494655928.0,0.47,0.52,0.011,2.27
2025-07-07,2.121,2.121,2.127,2.118,1579035,335143449.0,0.42,-0.19,-0.004,1.54
2025-07-08,2.114,2.121,2.121,2.112,1542763,326431335.0,0.42,0.00,0.000,1.50
2025-07-09,2.118,2.113,2.118,2.112,1277141,269935967.0,0.28,-0.38,-0.008,1.24
2025-07-10,2.119,2.121,2.128,2.119,1892997,402102400.0,0.43,0.38,0.008,1.84
2025-07-11,2.124,2.124,2.126,2.122,1390238,295298380.0,0.19,0.14,0.003,1.35
2025-07-14,2.115,2.107,2.116,2.107,2687672,567341891.0,0.42,-0.80,-0.017,2.62
2025-07-15,2.118,2.131,2.131,2.117,1781706,378798895.0,0.66,1.14,0.024,1.74
2025-07-16,2.117,2.115,2.119,2.114,1539316,325773543.0,0.23,-0.75,-0.016,1.50
2025-07-17,2.123,2.131,2.135,2.123,2251254,478820205.0,0.57,0.76,0.016,2.19
2025-07-18,2.141,2.143,2.146,2.141,1031171,221116721.0,0.23,0.56,0.012,1.00
2025-07-21,2.142,2.14,2.142,2.137,1491100,318907452.0,0.23,-0.14,-0.003,1.45
2025-07-22,2.138,2.136,2.141,2.135,1336900,285823611.0,0.28,-0.19,-0.004,1.30
2025-07-23,2.137,2.144,2.144,2.137,1257314,269212290.0,0.33,0.37,0.008,1.22
2025-07-24,2.155,2.153,2.156,2.152,1308246,281799074.0,0.19,0.42,0.009,1.27
2025-07-25,2.157,2.164,2.167,2.156,1355980,293261577.0,0.51,0.51,0.011,1.32
2025-07-28,2.176,2.185,2.187,2.176,1825007,398525387.0,0.51,0.97,0.021,1.78
2025-07-29,2.183,2.184,2.185,2.173,1609620,350776379.0,0.55,-0.05,-0.001,1.57
2025-07-30,2.175,2.18,2.181,2.174,974192,212245186.0,0.32,-0.18,-0.004,0.95
2025-07-31,2.196,2.202,2.203,2.188,1444080,317259941.0,0.69,1.01,0.022,1.41
2025-08-01,2.17,2.172,2.183,2.169,1791382,389956010.0,0.64,-1.36,-0.030,1.75
2025-08-04,2.148,2.148,2.158,2.137,2940038,631886592.0,0.97,-1.10,-0.024,2.86
2025-08-05,2.171,2.187,2.187,2.171,1743225,379750388.0,0.74,1.82,0.039,1.70
2025-08-06,2.167,2.174,2.175,2.166,1897912,411725936.0,0.41,-0.59,-0.013,1.85
2025-08-07,2.185,2.174,2.19,2.173,1354707,295467872.0,0.78,0.00,0.000,1.32
2025-08-08,2.176,2.174,2.181,2.169,988571,215020382.0,0.55,0.00,0.000,0.96
2025-08-11,2.185,2.192,2.194,2.185,1470859,322205083.0,0.41,0.83,0.018,1.43
2025-08-12,2.188,2.187,2.191,2.183,1011301,221215835.0,0.36,-0.23,-0.005,0.99
2025-08-13,2.202,2.204,2.207,2.202,830206,183018098.0,0.23,0.78,0.017,0.81
2025-08-14,2.207,2.203,2.209,2.201,913248,201366577.0,0.36,-0.05,-0.001,0.89
2025-08-15,2.208,2.217,2.218,2.205,923013,204050352.0,0.59,0.64,0.014,0.90
2025-08-18,2.209,2.203,2.211,2.201,1457107,321469548.0,0.45,-0.63,-0.014,1.42
2025-08-19,2.202,2.197,2.203,2.192,1035037,227386808.0,0.50,-0.27,-0.006,1.01
2025-08-20,2.182,2.185,2.194,2.178,2200807,480671460.0,0.73,-0.55,-0.012,2.14
2025-08-21,2.177,2.183,2.194,2.177,1907261,416738825.0,0.78,-0.09,-0.002,1.86
2025-08-22,2.179,2.17,2.18,2.169,1850136,402171439.0,0.50,-0.60,-0.013,1.80
2025-08-25,2.197,2.2,2.203,2.194,3091222,679463343.0,0.41,1.38,0.030,3.01
2025-08-26,2.19,2.191,2.193,2.188,836753,183275193.0,0.23,-0.41,-0.009,0.82
2025-08-27,2.2,2.206,2.207,2.198,1081363,238003767.0,0.41,0.68,0.015,1.05
2025-08-28,2.201,2.194,2.203,2.192,1538029,337939087.0,0.50,-0.54,-0.012,1.50
2025-08-29,2.196,2.195,2.201,2.194,912789,200542341.0,0.32,0.05,0.001,0.89
2025-09-01,2.193,2.185,2.193,2.18,1191555,260374423.0,0.59,-0.46,-0.010,1.16
2025-09-02,2.185,2.187,2.188,2.182,799735,174775783.0,0.27,0.09,0.002,0.78
2025-09-03,2.177,2.177,2.18,2.173,1060301,230688514.0,0.32,-0.46,-0.010,1.03
2025-09-04,2.187,2.189,2.192,2.185,869275,190254702.0,0.32,0.55,0.012,0.85
2025-09-05,2.21,2.204,2.219,2.203,1296751,285989781.0,0.73,0.69,0.015,1.26
2025-09-08,2.195,2.195,2.197,2.191,951844,208836035.0,0.27,-0.41,-0.009,0.93
2025-09-09,2.197,2.198,2.2,2.194,1351638,296827810.0,0.27,0.14,0.003,1.32
2025-09-10,2.202,2.207,2.208,2.202,1016544,224235307.0,0.27,0.41,0.009,0.99
2025-09-11,2.21,2.21,2.211,2.206,1063295,234839312.0,0.23,0.14,0.003,1.04
2025-09-12,2.221,2.222,2.224,2.22,1133535,251905102.0,0.18,0.54,0.012,1.10
2025-09-15,2.223,2.229,2.23,2.222,999886,222659030.0,0.36,0.32,0.007,0.97
2025-09-16,2.234,2.238,2.239,2.233,1234160,276028433.0,0.27,0.40,0.009,1.20
2025-09-17,2.235,2.23,2.235,2.227,922670,205754218.0,0.36,-0.36,-0.008,0.90
2025-09-18,2.231,2.241,2.243,2.231,1405032,314534944.0,0.54,0.49,0.011,1.37
2025-09-19,2.249,2.252,2.254,2.244,1847227,415538204.0,0.45,0.49,0.011,1.80
2025-09-22,2.258,2.269,2.271,2.258,1818886,412369338.0,0.58,0.75,0.017,1.77
2025-09-23,2.283,2.288,2.291,2.282,1364793,311952891.0,0.40,0.84,0.019,1.33
2025-09-24,2.275,2.28,2.28,2.267,1385152,314996646.0,0.57,-0.35,-0.008,1.35
2025-09-25,2.277,2.27,2.278,2.267,1043312,237136548.0,0.48,-0.44,-0.010,1.02
2025-09-26,2.264,2.265,2.266,2.256,956785,216391365.0,0.44,-0.22,-0.005,0.93
2025-09-29,2.275,2.281,2.282,2.275,1117310,254634215.0,0.31,0.71,0.016,1.09
2025-09-30,2.286,2.284,2.287,2.28,1351413,308672332.0,0.31,0.13,0.003,1.32
2025-10-09,2.304,2.322,2.33,2.304,2187955,506846872.0,1.14,1.66,0.038,2.13
2025-10-10,2.321,2.329,2.333,2.318,1567534,364530745.0,0.65,0.30,0.007,1.53
2025-10-13,2.284,2.294,2.318,2.275,5482610,1254096297.0,1.85,-1.50,-0.035,5.34
2025-10-14,2.306,2.263,2.32,2.254,3404703,779169082.0,2.88,-1.35,-0.031,3.32
2025-10-15,2.278,2.289,2.29,2.273,1381869,315208496.0,0.75,1.15,0.026,1.35
2025-10-16,2.289,2.285,2.289,2.275,2726402,621936028.0,0.61,-0.17,-0.004,2.66
2025-10-17,2.269,2.263,2.28,2.261,2266907,515010125.0,0.83,-0.96,-0.022,2.21
2025-10-20,2.293,2.321,2.323,2.285,2509999,579052814.0,1.68,2.56,0.058,2.45
2025-10-21,2.342,2.326,2.349,2.313,2737634,638265666.0,1.55,0.22,0.005,2.67
2025-10-22,2.325,2.348,2.351,2.32,1775666,414709461.0,1.33,0.95,0.022,1.73
2025-10-23,2.348,2.352,2.359,2.333,1974016,463589988.0,1.11,0.17,0.004,1.92
2025-10-24,2.367,2.36,2.371,2.352,2050907,483874231.0,0.81,0.34,0.008,2.00
2025-10-27,2.383,2.415,2.418,2.381,2546133,611188346.0,1.57,2.33,0.055,2.48
2025-10-28,2.433,2.421,2.457,2.412,2146901,521970120.0,1.86,0.25,0.006,2.09
2025-10-29,2.435,2.468,2.469,2.43,2075648,508267427.0,1.61,1.94,0.047,2.02
2025-10-30,2.469,2.473,2.504,2.449,3503014,868002797.0,2.23,0.20,0.005,3.41
2025-10-31,2.47,2.454,2.479,2.439,2090276,513387221.0,1.62,-0.77,-0.019,2.04
2025-11-03,2.454,2.479,2.49,2.454,2281028,565683027.0,1.47,1.02,0.025,2.22
2025-11-04,2.479,2.415,2.479,2.407,2340533,571021789.0,2.90,-2.58,-0.064,2.28
2025-11-05,2.376,2.388,2.389,2.336,2664473,630792576.0,2.19,-1.12,-0.027,2.60
2025-11-06,2.4,2.389,2.412,2.385,2455362,589224875.0,1.13,0.04,0.001,2.39
2025-11-07,2.365,2.384,2.399,2.36,1949888,464112012.0,1.63,-0.21,-0.005,1.90
2025-11-10,2.405,2.424,2.436,2.403,2032831,491738955.0,1.38,1.68,0.040,1.98
2025-11-11,2.451,2.43,2.457,2.413,1895394,461648515.0,1.82,0.25,0.006,1.85
2025-11-12,2.434,2.463,2.464,2.434,2040668,499866109.0,1.23,1.36,0.033,1.99
2025-11-13,2.468,2.488,2.49,2.466,1791791,444674646.0,0.97,1.02,0.025,1.75
2025-11-14,2.447,2.448,2.466,2.441,2013309,493740532.0,1.00,-1.61,-0.040,1.96
2025-11-17,2.46,2.454,2.488,2.449,2102620,518388874.0,1.59,0.25,0.006,2.05
2025-11-18,2.44,2.399,2.44,2.39,1953771,471412670.0,2.04,-2.24,-0.055,1.90
2025-11-19,2.388,2.359,2.405,2.317,4080812,963669934.0,3.67,-1.67,-0.040,3.98
2025-11-20,2.399,2.413,2.417,2.396,1933380,464943581.0,0.89,2.29,0.054,1.88
2025-11-21,2.366,2.355,2.37,2.334,2843167,667176470.0,1.49,-2.40,-0.058,2.77
2025-11-24,2.382,2.39,2.396,2.359,2575878,611843089.0,1.57,1.49,0.035,2.51
2025-11-25,2.435,2.404,2.435,2.395,2150813,520332369.0,1.67,0.59,0.014,2.10
2025-11-26,2.424,2.447,2.449,2.42,2240962,545226576.0,1.21,1.79,0.043,2.18
2025-11-27,2.46,2.433,2.47,2.43,1330255,326656180.0,1.63,-0.57,-0.014,1.30
2025-11-28,2.441,2.463,2.467,2.438,1759636,431107474.0,1.19,1.23,0.030,1.71
2025-12-01,2.462,2.46,2.475,2.443,2340864,576541307.0,1.30,-0.12,-0.003,2.28
2025-12-02,2.459,2.46,2.468,2.454,1225923,301511235.0,0.57,0.00,0.000,1.19
2025-12-03,2.468,2.469,2.48,2.466,1877449,463889674.0,0.57,0.37,0.009,1.83
2025-12-04,2.474,2.461,2.476,2.456,1767662,435409336.0,0.81,-0.32,-0.008,1.72
2025-12-05,2.464,2.451,2.466,2.445,2605216,638904446.0,0.85,-0.41,-0.010,2.54
2025-12-08,2.451,2.444,2.452,2.439,1432267,350060356.0,0.53,-0.29,-0.007,1.40
2025-12-09,2.44,2.42,2.44,2.416,1172529,283732690.0,0.98,-0.98,-0.024,1.14
2025-12-10,2.42,2.443,2.447,2.42,1613500,393017950.0,1.12,0.95,0.023,1.57
2025-12-11,2.449,2.432,2.46,2.429,1538183,375690745.0,1.27,-0.45,-0.011,1.50
2025-12-12,2.45,2.453,2.461,2.441,1471310,360817935.0,0.82,0.86,0.021,1.43
2025-12-15,2.437,2.447,2.448,2.429,1353797,330201296.0,0.77,-0.24,-0.006,1.32
2025-12-16,2.429,2.42,2.438,2.411,1233409,298956198.0,1.10,-1.10,-0.027,1.20
2025-12-17,2.421,2.435,2.442,2.42,1341278,325954115.0,0.91,0.62,0.015,1.31
2025-12-18,2.412,2.426,2.428,2.41,1162286,281527361.0,0.74,-0.37,-0.009,1.13
2025-12-19,2.439,2.451,2.456,2.439,1515402,370941332.0,0.70,1.03,0.025,1.48
2025-12-22,2.47,2.456,2.471,2.455,1914873,471557552.0,0.65,0.20,0.005,1.87
2025-12-23,2.463,2.447,2.465,2.444,1329278,326302453.0,0.86,-0.37,-0.009,1.30
2025-12-24,2.456,2.455,2.459,2.448,1117995,274331495.0,0.45,0.33,0.008,1.09
2025-12-25,2.456,2.458,2.464,2.455,1114147,274121507.0,0.37,0.12,0.003,1.09
2025-12-26,2.461,2.461,2.464,2.453,817915,201181275.0,0.45,0.12,0.003,0.80
2025-12-29,2.461,2.447,2.465,2.44,1139450,278960675.0,1.02,-0.57,-0.014,1.11
2025-12-30,2.444,2.439,2.451,2.426,1064966,259660252.0,1.02,-0.33,-0.008,1.04
2025-12-31,2.436,2.432,2.437,2.426,655886,159366671.0,0.45,-0.29,-0.007,0.64
2026-01-05,2.437,2.468,2.469,2.435,1332765,327515740.0,1.40,1.48,0.036,1.30
2026-01-06,2.47,2.467,2.472,2.455,1096968,270270708.0,0.69,-0.04,-0.001,1.07
2026-01-07,2.47,2.465,2.477,2.462,1003027,247803068.0,0.61,-0.08,-0.002,0.98
2026-01-08,2.465,2.458,2.465,2.455,608726,149608354.0,0.41,-0.28,-0.007,0.59
2026-01-09,2.458,2.46,2.46,2.451,724801,178078830.0,0.37,0.08,0.002,0.71
2026-01-12,2.46,2.458,2.468,2.446,1213196,298222237.0,0.89,-0.08,-0.002,1.18
2026-01-13,2.458,2.46,2.461,2.454,1045582,256912010.0,0.28,0.08,0.002,1.02
2026-01-14,2.46,2.452,2.46,2.45,822806,201788696.0,0.41,-0.33,-0.008,0.80
2026-01-15,2.44,2.445,2.447,2.434,909693,221936222.0,0.53,-0.29,-0.007,0.89
2026-01-16,2.445,2.455,2.456,2.439,840316,205389208.0,0.70,0.41,0.010,0.82
2026-01-19,2.446,2.441,2.452,2.435,892266,217940965.0,0.69,-0.57,-0.014,0.87
2026-01-20,2.44,2.432,2.44,2.43,718749,174895441.0,0.41,-0.37,-0.009,0.70
2026-01-21,2.41,2.427,2.437,2.408,1463315,354995055.0,1.19,-0.21,-0.005,1.43
2026-01-22,2.439,2.459,2.46,2.439,986568,241793589.0,0.87,1.32,0.032,0.96
2026-01-23,2.463,2.434,2.468,2.431,2354760,575366469.0,1.50,-1.02,-0.025,2.29
2026-01-26,2.433,2.412,2.433,2.41,1147891,277478262.0,0.94,-0.90,-0.022,1.12
2026-01-27,2.422,2.424,2.429,2.42,736775,178696105.0,0.37,0.50,0.012,0.72
2026-01-28,2.432,2.433,2.438,2.426,889876,216431230.0,0.50,0.37,0.009,0.87
2026-01-29,2.432,2.425,2.437,2.411,869670,210615271.0,1.07,-0.33,-0.008,0.85
2026-01-30,2.423,2.439,2.439,2.415,1609274,390528595.0,0.99,0.58,0.014,1.57
2026-02-02,2.435,2.364,2.435,2.358,2449969,585376559.0,3.16,-3.08,-0.075,2.39
2026-02-03,2.399,2.375,2.405,2.368,2452086,583504312.0,1.57,0.47,0.011,2.39
2026-02-04,2.355,2.375,2.38,2.344,1082316,256084005.0,1.52,0.00,0.000,1.05
2026-02-05,2.369,2.368,2.372,2.352,843091,199129865.0,0.84,-0.29,-0.007,0.82
2026-02-06,2.34,2.326,2.348,2.324,1654298,386590793.0,1.01,-1.77,-0.042,1.61
2026-02-09,2.371,2.383,2.384,2.353,1894999,448827819.0,1.33,2.45,0.057,1.85
2026-02-10,2.384,2.394,2.399,2.378,839064,200550816.0,0.88,0.46,0.011,0.82
2026-02-11,2.395,2.395,2.397,2.384,575007,137614929.0,0.54,0.04,0.001,0.56
2026-02-12,2.393,2.389,2.4,2.385,872677,208980467.0,0.63,-0.25,-0.006,0.85
2026-02-13,2.363,2.382,2.383,2.36,796423,189134457.0,0.96,-0.29,-0.007,0.78
2026-02-24,2.381,2.385,2.391,2.362,944075,224565635.0,1.22,0.13,0.003,0.92
2026-02-25,2.393,2.382,2.407,2.378,994516,237869422.0,1.22,-0.13,-0.003,0.97
2026-02-26,2.391,2.384,2.394,2.379,723444,172427157.0,0.63,0.08,0.002,0.70
2026-02-27,2.381,2.387,2.391,2.367,674735,160348302.0,1.01,0.13,0.003,0.66
2026-03-02,2.375,2.358,2.379,2.356,1202995,284646607.0,0.96,-1.21,-0.029,1.17
2026-03-03,2.36,2.367,2.369,2.359,934609,220839405.0,0.42,0.38,0.009,0.91
2026-03-04,2.355,2.338,2.355,2.338,854842,200477593.0,0.72,-1.23,-0.029,0.83
2026-03-05,2.35,2.361,2.364,2.35,1287539,303551956.0,0.60,0.98,0.023,1.25
2026-03-06,2.358,2.35,2.358,2.335,1039132,243510294.0,0.97,-0.47,-0.011,1.01
2026-03-09,2.306,2.294,2.31,2.28,1444542,331334253.0,1.28,-2.38,-0.056,1.41
2026-03-10,2.32,2.311,2.325,2.302,1234062,285001492.0,1.00,0.74,0.017,1.20
2026-03-11,2.312,2.313,2.317,2.309,706048,163223058.0,0.35,0.09,0.002,0.69
2026-03-12,2.304,2.318,2.327,2.3,1056923,244563895.0,1.17,0.22,0.005,1.03
2026-03-13,2.307,2.286,2.307,2.28,1299375,297833618.0,1.16,-1.38,-0.032,1.27
2026-03-16,2.284,2.279,2.285,2.27,1346419,306552733.0,0.66,-0.31,-0.007,1.31
2026-03-17,2.286,2.283,2.294,2.279,990191,226386446.0,0.66,0.18,0.004,0.96
2026-03-18,2.292,2.284,2.296,2.281,1289379,294979066.0,0.66,0.04,0.001,1.26
2026-03-19,2.259,2.259,2.271,2.255,1092605,247382597.0,0.70,-1.09,-0.025,1.06
2026-03-20,2.258,2.244,2.27,2.242,1036483,234074387.0,1.24,-0.66,-0.015,1.01
2026-03-23,2.225,2.149,2.225,2.13,3025265,655501492.0,4.23,-4.23,-0.095,2.95
2026-03-24,2.171,2.19,2.195,2.161,2319160,503666036.0,1.58,1.91,0.041,2.26
2026-03-25,2.199,2.213,2.236,2.199,2273940,504334465.0,1.69,1.05,0.023,2.22
2026-03-26,2.222,2.219,2.23,2.215,921780,204841595.0,0.68,0.27,0.006,0.90
2026-03-27,2.19,2.209,2.218,2.182,1026027,225904762.0,1.62,-0.45,-0.010,1.00
2026-03-30,2.159,2.171,2.18,2.156,1862203,403404287.0,1.09,-1.72,-0.038,1.81
2026-03-31,2.168,2.164,2.192,2.16,1228516,266858623.0,1.47,-0.32,-0.007,1.20
2026-04-01,2.217,2.238,2.244,2.203,1905977,423326447.0,1.89,3.42,0.074,1.86
2026-04-02,2.241,2.206,2.241,2.186,1565828,346060998.0,2.46,-1.43,-0.032,1.53
2026-04-03,2.223,2.206,2.227,2.205,859306,190245000.0,1.00,0.00,0.000,0.84
2026-04-07,2.209,2.207,2.222,2.206,1158436,256235833.0,0.73,0.05,0.001,1.13
2026-04-08,2.261,2.29,2.292,2.257,1973051,448561585.0,1.59,3.76,0.083,1.92
2026-04-09,2.264,2.275,2.289,2.26,1172983,267149970.0,1.27,-0.66,-0.015,1.14
2026-04-10,2.3,2.294,2.312,2.29,1007994,231876381.0,0.97,0.84,0.019,0.98
2026-04-13,2.28,2.281,2.29,2.272,1005119,229069452.0,0.78,-0.57,-0.013,0.98
2026-04-14,2.314,2.313,2.319,2.305,1218483,281563920.0,0.61,1.40,0.032,1.19
2026-04-15,2.334,2.337,2.352,2.33,1363408,318993288.0,0.95,1.04,0.024,1.33
2026-04-16,2.362,2.365,2.366,2.357,1444987,341136313.0,0.39,1.20,0.028,1.41
2026-04-17,2.365,2.361,2.366,2.354,1348054,318013156.0,0.51,-0.17,-0.004,1.31
2026-04-20,2.372,2.36,2.376,2.358,1304514,308732215.0,0.76,-0.04,-0.001,1.27
2026-04-21,2.37,2.37,2.37,2.355,888684,209948363.0,0.64,0.42,0.010,0.87
2026-04-22,2.369,2.373,2.377,2.358,950651,224895473.0,0.80,0.13,0.003,0.93
2026-04-23,2.378,2.369,2.384,2.365,1179817,279918380.0,0.80,-0.17,-0.004,1.15
2026-04-24,2.37,2.366,2.372,2.362,651124,154091129.0,0.42,-0.13,-0.003,0.63
2026-04-27,2.383,2.384,2.385,2.373,1213047,288834952.0,0.51,0.76,0.018,1.18
2026-04-28,2.385,2.407,2.41,2.384,1418572,340428341.0,1.09,0.96,0.023,1.38
2026-04-29,2.4,2.411,2.432,2.395,1348282,325480773.0,1.54,0.17,0.004,1.31
2026-04-30,2.42,2.419,2.431,2.411,1041308,251959868.0,0.83,0.33,0.008,1.01
2026-05-06,2.455,2.454,2.463,2.448,1650968,404804617.0,0.62,1.45,0.035,1.61
2026-05-07,2.469,2.482,2.483,2.469,1502243,372240031.0,0.57,1.14,0.028,1.46
2026-05-08,2.479,2.483,2.484,2.45,1238384,306273810.0,1.37,0.04,0.001,1.21
2026-05-11,2.493,2.492,2.497,2.483,1605490,399511372.0,0.56,0.36,0.009,1.56
2026-05-12,2.491,2.477,2.491,2.476,1177570,292344100.0,0.60,-0.60,-0.015,1.15
2026-05-13,2.475,2.488,2.489,2.469,1042329,258669507.0,0.81,0.44,0.011,1.02
2026-05-14,2.499,2.489,2.507,2.486,1146810,285769004.0,0.84,0.04,0.001,1.12
2026-05-15,2.491,2.48,2.505,2.473,1811004,450878665.0,1.29,-0.36,-0.009,1.76
2026-05-18,2.44,2.44,2.456,2.433,1967608,480784780.0,0.93,-1.61,-0.040,1.92
2026-05-19,2.441,2.44,2.452,2.432,1165104,284376955.0,0.82,0.00,0.000,1.14
2026-05-20,2.427,2.432,2.439,2.417,1295226,314089872.0,0.90,-0.33,-0.008,1.26
2026-05-21,2.454,2.452,2.469,2.448,1491904,366944675.0,0.86,0.82,0.020,1.45
2026-05-22,2.465,2.485,2.49,2.465,1701672,422074238.0,1.02,1.35,0.033,1.66
2026-05-25,2.531,2.546,2.548,2.515,2963298,749639938.0,1.33,2.45,0.061,2.89
2026-05-26,2.546,2.529,2.56,2.525,1457970,370062377.0,1.37,-0.67,-0.017,1.42
2026-05-27,2.545,2.541,2.552,2.535,1190641,302954030.0,0.67,0.47,0.012,1.16
2026-05-28,2.547,2.524,2.548,2.503,1850242,466739421.0,1.77,-0.67,-0.017,1.80
2026-05-29,2.537,2.557,2.558,2.536,1646606,419622616.0,0.87,1.31,0.033,1.60
2026-06-01,2.562,2.625,2.63,2.562,2755651,717273487.0,2.66,2.66,0.068,2.68
2026-06-02,2.636,2.611,2.671,2.591,3664452,962948706.0,3.05,-0.53,-0.014,3.57
2026-06-03,2.623,2.602,2.634,2.593,1641121,428875903.0,1.57,-0.34,-0.009,1.60
2026-06-04,2.564,2.566,2.575,2.555,1428359,366198544.0,0.77,-1.38,-0.036,1.39
2026-06-05,2.569,2.568,2.588,2.561,1771835,456557101.0,1.05,0.08,0.002,1.73
2026-06-08,2.499,2.515,2.525,2.49,2252619,565643202.0,1.36,-2.06,-0.053,2.19
2026-06-09,2.522,2.552,2.554,2.522,1620887,411308249.0,1.27,1.47,0.037,1.58
2026-06-10,2.522,2.515,2.54,2.501,1406705,353349269.0,1.53,-1.45,-0.037,1.37
2026-06-11,2.482,2.498,2.503,2.451,1829083,453590999.0,2.07,-0.68,-0.017,1.78
2026-06-12,2.55,2.515,2.558,2.512,1564368,396814492.0,1.84,0.68,0.017,1.52
2026-06-15,2.555,2.574,2.575,2.554,2043625,524742744.0,0.83,2.35,0.059,1.99
2026-06-16,2.581,2.586,2.596,2.576,1815490,469277694.0,0.78,0.47,0.012,1.77
2026-06-17,2.581,2.578,2.584,2.571,1293941,333463238.0,0.50,-0.31,-0.008,1.26
2026-06-18,2.57,2.564,2.57,2.557,1426885,365584594.0,0.50,-0.54,-0.014,1.39
2026-06-22,2.569,2.565,2.58,2.549,1407050,361067592.0,1.21,0.04,0.001,1.37
2026-06-23,2.54,2.505,2.552,2.496,1739872,438937236.0,2.18,-2.34,-0.060,1.70
2026-06-24,2.501,2.523,2.534,2.486,1686226,422403058.0,1.92,0.72,0.018,1.64
2026-06-25,2.528,2.518,2.535,2.506,1375455,346327740.0,1.15,-0.20,-0.005,1.34
2026-06-26,2.5,2.482,2.508,2.461,1586905,393775432.0,1.87,-1.43,-0.036,1.55
2026-06-29,2.492,2.478,2.498,2.469,2325150,576619649.0,1.17,-0.16,-0.004,2.27
2026-06-30,2.496,2.483,2.5,2.473,2478970,615749444.0,1.09,0.20,0.005,2.42
2026-07-01,2.498,2.491,2.5,2.486,1351140,336503742.0,0.56,0.32,0.008,1.32
2026-07-02,2.49,2.483,2.502,2.48,1425867,355300454.0,0.88,-0.32,-0.008,1.39
2026-07-03,2.49,2.503,2.509,2.488,1513511,378185082.0,0.85,0.81,0.020,1.47
2026-07-06,2.507,2.511,2.512,2.496,1108433,277461481.0,0.64,0.32,0.008,1.08
2026-07-07,2.52,2.528,2.529,2.511,1530330,385423570.0,0.72,0.68,0.017,1.49
2026-07-08,2.528,2.503,2.528,2.502,1142889,287046949.0,1.03,-0.99,-0.025,1.11
2026-07-09,2.497,2.515,2.515,2.497,857059,214853918.0,0.72,0.48,0.012,0.83
2026-07-10,2.525,2.527,2.53,2.521,1229348,310549419.0,0.36,0.48,0.012,1.20
2026-07-13,2.531,2.522,2.533,2.514,1003827,253261834.0,0.75,-0.20,-0.005,0.98
2026-07-14,2.51,2.54,2.544,2.504,1891979,477852921.0,1.59,0.71,0.018,1.84
2026-07-15,2.543,2.564,2.566,2.542,1678617,428732483.0,0.94,0.94,0.024,1.64
2026-07-16,2.564,2.577,2.579,2.557,1318423,339076631.0,0.86,0.51,0.013,1.28
2026-07-17,2.548,2.503,2.554,2.5,1930239,487860147.0,2.10,-2.87,-0.074,1.88
2026-07-20,2.503,2.498,2.522,2.491,1351756,339174396.0,1.24,-0.20,-0.005,1.32
2026-07-21,2.507,2.526,2.543,2.503,2109092,532903263.0,1.60,1.12,0.028,2.05
2026-07-22,2.538,2.523,2.551,2.514,1503890,380796049.0,1.46,-0.12,-0.003,1.47
2026-07-23,2.532,2.524,2.533,2.515,1275490,321842733.0,0.71,0.04,0.001,1.24
2026-07-24,2.5,2.506,2.519,2.496,1033752,259097932.0,0.91,-0.71,-0.018,1.01
2026-07-27,2.508,2.52,2.521,2.504,1142223,287055184.0,0.68,0.56,0.014,1.11
2026-07-28,2.499,2.484,2.503,2.482,1449122,360890154.0,0.83,-1.43,-0.036,1.41
2026-07-29,2.495,2.511,2.511,2.486,1042015,260550713.0,1.01,1.09,0.027,1.02
2026-07-30,2.49,2.479,2.493,2.473,1211027,300210022.0,0.80,-1.27,-0.032,1.18
2026-07-31,2.522,2.509,2.523,2.506,1541940,387383537.0,0.69,1.21,0.030,1.50
2026-08-03,2.522,2.533,2.535,2.513,1595496,402746735.0,0.88,0.96,0.024,1.55
2026-08-04,2.563,2.582,2.583,2.562,1934293,497432590.0,0.83,1.93,0.049,1.88
2026-08-05,2.632,2.669,2.671,2.631,3234254,858003234.0,1.55,3.37,0.087,3.15
2026-08-06,2.658,2.69,2.696,2.618,3028908,809923730.0,2.92,0.79,0.021,2.95
2026-08-07,2.682,2.695,2.699,2.675,1743221,468173714.0,0.89,0.19,0.005,1.70
2026-08-10,2.695,2.696,2.719,2.695,1866146,505309481.0,0.89,0.04,0.001,1.82
2026-08-11,2.693,2.716,2.722,2.679,2517163,681583564.0,1.59,0.74,0.020,2.45
2026-08-12,2.705,2.698,2.716,2.681,1932346,520993237.0,1.29,-0.66,-0.018,1.88
2026-08-13,2.701,2.711,2.738,2.7,1472224,400244073.0,1.41,0.48,0.013,1.43
2026-08-14,2.738,2.778,2.778,2.734,2546090,701615727.0,1.62,2.47,0.067,2.48
2026-08-17,2.778,2.748,2.778,2.732,2486738,682766736.0,1.66,-1.08,-0.030,2.42
2026-08-18,2.72,2.688,2.721,2.672,2092320,562192950.0,1.78,-2.18,-0.060,2.04
2026-08-19,2.654,2.642,2.654,2.63,1780473,469993920.0,0.89,-1.71,-0.046,1.73
2026-08-20,2.665,2.675,2.686,2.662,1211626,324010588.0,0.91,1.25,0.033,1.18
2026-08-21,2.64,2.672,2.68,2.637,858605,228746612.0,1.61,-0.11,-0.003,0.84
2026-08-24,2.683,2.672,2.695,2.672,1056229,283014642.0,0.86,0.00,0.000,1.03
2026-08-25,2.668,2.695,2.699,2.658,1005776,270319333.0,1.53,0.86,0.023,0.98
2026-08-26,2.695,2.708,2.72,2.691,1025539,278160896.0,1.08,0.48,0.013,1.00
2026-08-27,2.73,2.708,2.733,2.708,824129,224475812.0,0.92,0.00,0.000,0.80
2026-08-28,2.714,2.722,2.732,2.714,689192,187382303.0,0.66,0.52,0.014,0.67
2026-08-31,2.703,2.712,2.721,2.686,1330824,359921145.0,1.29,-0.37,-0.010,1.30
2026-09-01,2.71,2.716,2.724,2.702,1095563,297502743.0,0.81,0.15,0.004,1.07
2026-09-02,2.679,2.644,2.681,2.642,2266676,602193758.0,1.44,-2.65,-0.072,2.21
2026-09-03,2.654,2.66,2.665,2.65,1217488,323518576.0,0.57,0.61,0.016,1.19
2026-09-04,2.684,2.698,2.706,2.684,889342,239315097.0,0.83,1.43,0.038,0.87
