date,open,close,high,low,volume,amount,amplitude,pct,change,turnover
2016-12-01,102.403,102.411,102.415,102.394,1393550,14270703872.0,0.02,0.01,0.009,12.51
2016-12-02,102.427,102.451,102.452,102.426,1783623,18272132096.0,0.03,0.04,0.040,16.01
2016-12-05,102.452,102.471,102.474,102.451,1322732,13552856064.0,0.02,0.02,0.020,11.87
2016-12-06,102.472,102.473,102.477,102.464,972105,9961241088.0,0.01,0.00,0.002,8.73
2016-12-07,102.475,102.474,102.476,102.47,1102162,11294225664.0,0.01,0.00,0.001,9.89
2016-12-08,102.475,102.488,102.489,102.474,1106462,11338767616.0,0.01,0.01,0.014,9.93
2016-12-09,102.499,102.495,102.501,102.492,1438511,14744039680.0,0.01,0.01,0.007,12.91
2016-12-12,102.502,102.501,102.504,102.499,1134114,11624867328.0,0.00,0.01,0.006,10.18
2016-12-13,102.508,102.507,102.509,102.501,1027447,10531807744.0,0.01,0.01,0.006,9.22
2016-12-14,102.511,102.507,102.511,102.504,996029,10210073856.0,0.01,0.00,0.000,8.94
2016-12-15,102.498,102.412,102.499,102.088,1093927,11200660224.0,0.40,-0.09,-0.095,9.82
2016-12-16,102.426,102.454,102.495,102.42,1204927,12344326912.0,0.07,0.04,0.042,10.82
2016-12-19,102.469,102.485,102.504,102.448,1213101,12432493568.0,0.05,0.03,0.031,10.89
2016-12-20,102.509,102.525,102.527,102.488,1433596,14693819904.0,0.04,0.04,0.040,12.87
2016-12-21,102.527,102.538,102.555,102.527,1393189,14286010368.0,0.03,0.01,0.013,12.51
2016-12-22,102.556,102.562,102.569,102.546,1266294,12986625792.0,0.02,0.02,0.024,11.37
2016-12-23,102.574,102.583,102.589,102.572,1109290,11379061760.0,0.02,0.02,0.021,9.96
2016-12-26,102.583,102.576,102.587,102.57,1178890,12092883968.0,0.02,-0.01,-0.007,10.58
2016-12-27,102.579,102.554,102.579,102.533,1328821,13630010112.0,0.04,-0.02,-0.022,11.93
2016-12-28,102.561,102.576,102.582,102.528,1056496,10833409280.0,0.05,0.02,0.022,9.48
2016-12-29,102.56,102.645,102.648,102.544,1019120,10453954816.0,0.10,0.07,0.069,9.15
2016-12-30,100.105,100.228,100.44,100.095,854828,8561380096.0,0.34,-2.35,-2.417,7.67
2017-01-03,100.132,100.125,100.223,100.1,388966,3895505248.0,0.12,-0.10,-0.103,3.49
2017-01-04,100.129,100.127,100.134,100.117,290228,2905947168.0,0.02,0.00,0.002,2.61
2017-01-05,100.122,100.127,100.131,100.118,404177,4046800704.0,0.01,0.00,0.000,3.63
2017-01-06,100.138,100.155,100.163,100.132,492404,4931194880.0,0.03,0.03,0.028,4.42
2017-01-09,100.152,100.158,100.159,100.151,318640,3191310432.0,0.01,0.00,0.003,2.86
2017-01-10,100.158,100.177,100.183,100.157,314910,3154421664.0,0.03,0.02,0.019,2.83
2017-01-11,100.17,100.181,100.182,100.169,346463,3470800352.0,0.01,0.00,0.004,3.11
2017-01-12,100.179,100.177,100.182,100.174,423719,4244752560.0,0.01,0.00,-0.004,3.80
2017-01-13,100.184,100.192,100.198,100.183,368557,3692702704.0,0.01,0.01,0.015,3.31
2017-01-16,100.199,100.193,100.204,100.185,440362,4412276480.0,0.02,0.00,0.001,3.95
2017-01-17,100.195,100.184,100.198,100.18,488078,4890007040.0,0.02,-0.01,-0.009,4.38
2017-01-18,100.197,100.19,100.2,100.184,455985,4568588800.0,0.02,0.01,0.006,4.09
2017-01-19,100.189,100.172,100.19,100.164,422210,4229437744.0,0.03,-0.02,-0.018,3.79
2017-01-20,100.213,100.214,100.226,100.205,440062,4410082816.0,0.02,0.04,0.042,3.95
2017-01-23,100.232,100.251,100.253,100.231,403717,4046828096.0,0.02,0.04,0.037,3.62
2017-01-24,100.256,100.265,100.267,100.254,345954,3468538672.0,0.01,0.01,0.014,3.11
2017-01-25,100.284,100.308,100.326,100.284,428230,4295544320.0,0.04,0.04,0.043,3.84
2017-01-26,100.349,100.332,100.375,100.3,410554,4119706528.0,0.07,0.02,0.024,3.69
2017-02-03,100.35,100.355,100.363,100.349,280728,2817259872.0,0.01,0.02,0.023,2.52
2017-02-06,100.359,100.378,100.38,100.359,305486,3066142816.0,0.02,0.02,0.023,2.74
2017-02-07,100.378,100.412,100.416,100.375,375611,3770630144.0,0.04,0.03,0.034,3.37
2017-02-08,100.402,100.41,100.418,100.401,365154,3666591920.0,0.02,0.00,-0.002,3.28
2017-02-09,100.405,100.406,100.411,100.401,395602,3972079632.0,0.01,0.00,-0.004,3.55
2017-02-10,100.409,100.413,100.421,100.408,432788,4345846016.0,0.01,0.01,0.007,3.89
2017-02-13,100.417,100.419,100.422,100.408,488406,4904408064.0,0.01,0.01,0.006,4.38
2017-02-14,100.422,100.416,100.425,100.413,446058,4479152384.0,0.01,0.00,-0.003,4.00
2017-02-15,100.423,100.425,100.426,100.419,454048,4559653120.0,0.01,0.01,0.009,4.08
2017-02-16,100.43,100.439,100.443,100.429,484171,4862784000.0,0.01,0.01,0.014,4.35
2017-02-17,100.453,100.443,100.461,100.439,645429,6483629568.0,0.02,0.00,0.004,5.79
2017-02-20,100.463,100.456,100.464,100.452,816478,8202112768.0,0.01,0.01,0.013,7.33
2017-02-21,100.463,100.459,100.464,100.455,750317,7537548544.0,0.01,0.00,0.003,6.74
2017-02-22,100.471,100.481,100.482,100.47,590634,5934567168.0,0.01,0.02,0.022,5.30
2017-02-23,100.487,100.505,100.509,100.487,693893,6973376512.0,0.02,0.02,0.024,6.23
2017-02-24,100.518,100.515,100.521,100.509,768100,7720689152.0,0.01,0.01,0.010,6.90
2017-02-27,100.525,100.536,100.538,100.521,691402,6950424064.0,0.02,0.02,0.021,6.21
2017-02-28,100.539,100.54,100.545,100.536,785241,7894723328.0,0.01,0.00,0.004,7.05
2017-03-01,100.55,100.551,100.559,100.548,662581,6662319104.0,0.01,0.01,0.011,5.95
2017-03-02,100.558,100.57,100.573,100.558,554226,5573690368.0,0.01,0.02,0.019,4.98
2017-03-03,100.588,100.602,100.604,100.578,900261,9055506176.0,0.03,0.03,0.032,8.08
2017-03-06,100.6,100.608,100.611,100.597,662707,6667126272.0,0.01,0.01,0.006,5.95
2017-03-07,100.613,100.629,100.631,100.613,736392,7409640704.0,0.02,0.02,0.021,6.61
2017-03-08,100.629,100.64,100.642,100.629,754087,7588877824.0,0.01,0.01,0.011,6.77
2017-03-09,100.647,100.666,100.669,100.647,780597,7857010944.0,0.02,0.03,0.026,7.01
2017-03-10,100.67,100.698,100.7,100.67,987615,9944066560.0,0.03,0.03,0.032,8.87
2017-03-13,100.707,100.69,100.707,100.689,842989,8488754688.0,0.02,-0.01,-0.008,7.57
2017-03-14,100.695,100.68,100.696,100.675,721568,7265335808.0,0.02,-0.01,-0.010,6.48
2017-03-15,100.686,100.676,100.686,100.673,875900,8818417664.0,0.01,0.00,-0.004,7.86
2017-03-16,100.681,100.65,100.684,100.643,1050051,10570776832.0,0.04,-0.03,-0.026,9.43
2017-03-17,100.679,100.677,100.69,100.654,1071440,10786649600.0,0.04,0.03,0.027,9.62
2017-03-20,100.7,100.703,100.705,100.68,983651,9905103104.0,0.02,0.03,0.026,8.83
2017-03-21,100.707,100.711,100.712,100.701,884691,8909513472.0,0.01,0.01,0.008,7.94
2017-03-22,100.726,100.745,100.747,100.724,1084224,10921694720.0,0.02,0.03,0.034,9.73
2017-03-23,100.751,100.76,100.762,100.746,983881,9913138688.0,0.02,0.01,0.015,8.83
2017-03-24,100.768,100.76,100.777,100.757,1087823,10961938944.0,0.02,0.00,0.000,9.77
2017-03-27,100.775,100.779,100.781,100.772,1191786,12010207232.0,0.01,0.02,0.019,10.70
2017-03-28,100.789,100.783,100.792,100.781,1106693,11153837568.0,0.01,0.00,0.004,9.93
2017-03-29,100.789,100.772,100.794,100.764,980481,9881817088.0,0.03,-0.01,-0.011,8.80
2017-03-30,100.775,100.792,100.794,100.766,1329469,13397894144.0,0.03,0.02,0.020,11.93
2017-03-31,100.85,100.846,100.855,100.83,1082300,10913932288.0,0.02,0.05,0.054,9.72
2017-04-05,100.849,100.864,100.869,100.849,670479,6762606592.0,0.02,0.02,0.018,6.02
2017-04-06,100.875,100.899,100.9,100.872,708804,7150592256.0,0.03,0.03,0.035,6.36
2017-04-07,100.911,100.932,100.938,100.911,931211,9398378240.0,0.03,0.03,0.033,8.36
2017-04-10,100.936,100.945,100.947,100.933,739279,7462304256.0,0.01,0.01,0.013,6.64
2017-04-11,100.948,100.981,100.991,100.948,748486,7556802560.0,0.04,0.04,0.036,6.72
2017-04-12,100.97,100.964,100.974,100.963,779292,7868335360.0,0.01,-0.02,-0.017,7.00
2017-04-13,100.966,100.973,100.975,100.966,861133,8695107584.0,0.01,0.01,0.009,7.73
2017-04-14,100.987,100.994,100.997,100.984,748296,7557033472.0,0.01,0.02,0.021,6.72
2017-04-17,100.997,101.005,101.006,100.997,682802,6896461568.0,0.01,0.01,0.011,6.13
2017-04-18,101.022,101.015,101.022,101.012,717156,7244384512.0,0.01,0.01,0.010,6.44
2017-04-19,101.021,101.024,101.025,101.015,928651,9381273344.0,0.01,0.01,0.009,8.34
2017-04-20,101.029,101.041,101.044,101.027,835038,8436604416.0,0.02,0.02,0.017,7.50
2017-04-21,101.049,101.07,101.074,101.048,950189,9602713600.0,0.03,0.03,0.029,8.53
2017-04-24,101.074,101.071,101.078,101.061,943930,9540368128.0,0.02,0.00,0.001,8.47
2017-04-25,101.073,101.065,101.079,101.055,1077963,10894365184.0,0.02,-0.01,-0.006,9.68
2017-04-26,101.076,101.079,101.08,101.071,974307,9847912960.0,0.01,0.01,0.014,8.75
2017-04-27,101.08,101.096,101.098,101.08,1251564,12651720960.0,0.02,0.02,0.017,11.24
2017-04-28,101.13,101.131,101.137,101.121,1270514,12848769024.0,0.02,0.03,0.035,11.41
2017-05-02,101.143,101.149,101.154,101.143,908517,9189408768.0,0.01,0.02,0.018,8.16
2017-05-03,101.156,101.16,101.162,101.153,767726,7766040320.0,0.01,0.01,0.011,6.89
2017-05-04,101.17,101.173,101.175,101.168,1050765,10630806016.0,0.01,0.01,0.013,9.43
2017-05-05,101.194,101.199,101.202,101.189,934321,9455192576.0,0.01,0.03,0.026,8.39
2017-05-08,101.208,101.215,101.217,101.208,1010942,10232138752.0,0.01,0.02,0.016,9.08
2017-05-09,101.223,101.247,101.251,101.223,1122049,11358042624.0,0.03,0.03,0.032,10.07
2017-05-10,101.246,101.242,101.247,101.237,870901,8817160192.0,0.01,0.00,-0.005,7.82
2017-05-11,101.243,101.244,101.247,101.242,1053221,10663260672.0,0.00,0.00,0.002,9.45
2017-05-12,101.261,101.268,101.272,101.255,949553,9615518720.0,0.02,0.02,0.024,8.52
2017-05-15,101.275,101.28,101.284,101.275,689867,6987058944.0,0.01,0.01,0.012,6.19
2017-05-16,101.29,101.277,101.292,101.273,767847,7777060352.0,0.02,0.00,-0.003,6.89
2017-05-17,101.281,101.289,101.29,101.281,825203,8358153216.0,0.01,0.01,0.012,7.41
2017-05-18,101.298,101.31,101.312,101.291,1009075,10221777664.0,0.02,0.02,0.021,9.06
2017-05-19,101.33,101.314,101.331,101.311,819748,8306083584.0,0.02,0.00,0.004,7.36
2017-05-22,101.335,101.345,101.347,101.335,763382,7736125184.0,0.01,0.03,0.031,6.85
2017-05-23,101.354,101.355,101.356,101.349,779055,7895917568.0,0.01,0.01,0.010,6.99
2017-05-24,101.36,101.367,101.368,101.358,780891,7915311872.0,0.01,0.01,0.012,7.01
2017-05-25,101.37,101.389,101.392,101.37,1063607,10783174400.0,0.02,0.02,0.022,9.55
2017-05-26,101.403,101.404,101.411,101.398,1191925,12086439168.0,0.01,0.01,0.015,10.70
2017-05-31,101.411,101.404,101.434,101.0,1023990,10386031872.0,0.43,0.00,0.000,9.19
2017-06-01,101.44,101.448,101.449,101.424,763184,7741703168.0,0.02,0.04,0.044,6.85
2017-06-02,101.461,101.459,101.47,101.453,802555,8142609664.0,0.02,0.01,0.011,7.20
2017-06-05,101.466,101.482,101.483,101.466,852037,8646237696.0,0.02,0.02,0.023,7.65
2017-06-06,101.489,101.498,101.499,101.489,681153,6913320704.0,0.01,0.02,0.016,6.11
2017-06-07,101.502,101.507,101.507,101.501,717707,7284976128.0,0.01,0.01,0.009,6.44
2017-06-08,101.511,101.521,101.522,101.511,827666,8402118400.0,0.01,0.01,0.014,7.43
2017-06-09,101.536,101.531,101.538,101.528,843235,8561519104.0,0.01,0.01,0.010,7.57
2017-06-12,101.55,101.553,101.556,101.549,772110,7840950784.0,0.01,0.02,0.022,6.93
2017-06-13,101.563,101.56,101.565,101.558,724074,7353798144.0,0.01,0.01,0.007,6.50
2017-06-14,101.569,101.57,101.571,101.563,791697,8041036032.0,0.01,0.01,0.010,7.11
2017-06-15,101.58,101.583,101.586,101.567,815826,8286575104.0,0.02,0.01,0.013,7.32
2017-06-16,101.594,101.597,101.602,101.594,738024,7498082816.0,0.01,0.01,0.014,6.63
2017-06-19,101.613,101.617,101.621,101.612,754531,7667221248.0,0.01,0.02,0.020,6.77
2017-06-20,101.624,101.612,101.625,101.609,819590,8328505856.0,0.02,0.00,-0.005,7.36
2017-06-21,101.625,101.642,101.644,101.615,987034,10030572544.0,0.03,0.03,0.030,8.86
2017-06-22,101.638,101.663,101.665,101.633,816064,8294831104.0,0.03,0.02,0.021,7.33
2017-06-23,101.671,101.685,101.687,101.668,838211,8522170368.0,0.02,0.02,0.022,7.52
2017-06-26,101.681,101.683,101.688,101.681,1040119,10576349952.0,0.01,0.00,-0.002,9.34
2017-06-27,101.693,101.695,101.697,101.69,847381,8617378048.0,0.01,0.01,0.012,7.61
2017-06-28,101.7,101.706,101.709,101.691,848018,8624535296.0,0.02,0.01,0.011,7.61
2017-06-29,101.705,101.709,101.711,101.699,946025,9621614080.0,0.01,0.00,0.003,8.49
2017-06-30,101.744,101.751,101.754,101.735,1099722,11188760576.0,0.02,0.04,0.042,9.87
2017-07-03,101.77,101.778,101.779,101.767,777533,7913198592.0,0.01,0.03,0.027,6.98
2017-07-04,101.79,101.808,101.809,101.788,641834,6533697024.0,0.02,0.03,0.030,5.76
2017-07-05,101.806,101.853,101.859,101.804,585262,5959307776.0,0.05,0.04,0.045,5.25
2017-07-06,101.848,101.862,101.864,101.822,870613,8866179584.0,0.04,0.01,0.009,7.82
2017-07-07,101.86,101.856,101.867,101.847,722322,7357323776.0,0.02,-0.01,-0.006,6.48
2017-07-10,101.858,101.866,101.868,101.858,701287,7143668736.0,0.01,0.01,0.010,6.30
2017-07-11,101.869,101.875,101.88,101.869,551475,5618156800.0,0.01,0.01,0.009,4.95
2017-07-12,101.886,101.885,101.887,101.884,540204,5503864832.0,0.00,0.01,0.010,4.85
2017-07-13,101.891,101.894,101.897,101.888,594327,6055791872.0,0.01,0.01,0.009,5.34
2017-07-14,101.904,101.911,101.914,101.901,895445,9125457920.0,0.01,0.02,0.017,8.04
2017-07-17,101.93,101.932,101.934,101.928,650634,6631993600.0,0.01,0.02,0.021,5.84
2017-07-18,101.936,101.933,101.939,101.931,771878,7867986944.0,0.01,0.00,0.001,6.93
2017-07-19,101.94,101.936,101.942,101.933,645083,6575652352.0,0.01,0.00,0.003,5.79
2017-07-20,101.934,101.949,101.956,101.934,730384,7445893120.0,0.02,0.01,0.013,6.56
2017-07-21,101.974,101.981,101.982,101.972,658896,6719396352.0,0.01,0.03,0.032,5.91
2017-07-24,101.995,101.995,101.999,101.99,658956,6721012992.0,0.01,0.01,0.014,5.92
2017-07-25,102.003,102.009,102.012,102.001,589342,6011540224.0,0.01,0.01,0.014,5.29
2017-07-26,102.015,102.033,102.034,102.014,602727,6148901888.0,0.02,0.02,0.024,5.41
2017-07-27,102.035,102.048,102.05,102.029,636682,6496269824.0,0.02,0.01,0.015,5.72
2017-07-28,102.054,102.06,102.067,102.053,562664,5742543104.0,0.01,0.01,0.012,5.05
2017-07-31,102.064,102.065,102.1,102.055,645236,6585362432.0,0.04,0.00,0.005,5.79
2017-08-01,102.07,102.074,102.08,102.068,719378,7342852864.0,0.01,0.01,0.009,6.46
2017-08-02,102.08,102.104,102.105,102.08,666122,6800434944.0,0.02,0.03,0.030,5.98
2017-08-03,102.104,102.115,102.119,102.103,736766,7523318272.0,0.02,0.01,0.011,6.61
2017-08-04,102.137,102.147,102.15,102.131,880660,8995268864.0,0.02,0.03,0.032,7.91
2017-08-07,102.15,102.158,102.161,102.15,562341,5744819968.0,0.01,0.01,0.011,5.05
2017-08-08,102.161,102.171,102.178,102.161,584124,5968028928.0,0.02,0.01,0.013,5.24
2017-08-09,102.18,102.179,102.181,102.177,467653,4778444288.0,0.00,0.01,0.008,4.20
2017-08-10,102.187,102.191,102.192,102.184,630104,6438906624.0,0.01,0.01,0.012,5.66
2017-08-11,102.21,102.213,102.214,102.206,607470,6209004544.0,0.01,0.02,0.022,5.45
2017-08-14,102.225,102.225,102.23,102.221,755638,7724638720.0,0.01,0.01,0.012,6.78
2017-08-15,102.231,102.227,102.233,102.223,552357,5646512640.0,0.01,0.00,0.002,4.96
2017-08-16,102.235,102.233,102.236,102.229,534937,5468846336.0,0.01,0.01,0.006,4.80
2017-08-17,102.236,102.243,102.245,102.229,595498,6088325632.0,0.02,0.01,0.010,5.35
2017-08-18,102.268,102.276,102.295,102.264,540357,5526075392.0,0.03,0.03,0.033,4.85
2017-08-21,102.277,102.285,102.293,102.277,674797,6901934080.0,0.02,0.01,0.009,6.06
2017-08-22,102.293,102.298,102.3,102.292,482696,4937658880.0,0.01,0.01,0.013,4.33
2017-08-23,102.303,102.305,102.306,102.302,439524,4496506368.0,0.00,0.01,0.007,3.95
2017-08-24,102.313,102.328,102.329,102.312,551326,5641173248.0,0.02,0.02,0.023,4.95
2017-08-25,102.348,102.344,102.355,102.335,743741,7611903744.0,0.02,0.02,0.016,6.68
2017-08-28,102.355,102.344,102.358,102.341,604971,6191792384.0,0.02,0.00,0.000,5.43
2017-08-29,102.349,102.355,102.361,102.342,630532,6453247488.0,0.02,0.01,0.011,5.66
2017-08-30,102.357,102.361,102.363,102.35,1160439,11877915648.0,0.01,0.01,0.006,10.42
2017-08-31,102.363,102.397,102.4,102.362,747156,7649273600.0,0.04,0.04,0.036,6.71
2017-09-01,102.412,102.421,102.424,102.41,720268,7376792320.0,0.01,0.02,0.024,6.47
2017-09-04,102.431,102.449,102.451,102.43,714152,7315745024.0,0.02,0.03,0.028,6.41
2017-09-05,102.455,102.462,102.471,102.449,756537,7751373824.0,0.02,0.01,0.013,6.79
2017-09-06,102.469,102.473,102.474,102.466,691172,7082505472.0,0.01,0.01,0.011,6.20
2017-09-07,102.478,102.484,102.485,102.476,662048,6784702976.0,0.01,0.01,0.011,5.94
2017-09-08,102.495,102.5,102.502,102.495,680780,6977892608.0,0.01,0.02,0.016,6.11
2017-09-11,102.513,102.512,102.516,102.51,704450,7221534720.0,0.01,0.01,0.012,6.32
2017-09-12,102.521,102.53,102.534,102.516,688434,7057905664.0,0.02,0.02,0.018,6.18
2017-09-13,102.534,102.539,102.54,102.533,656073,6727109632.0,0.01,0.01,0.009,5.89
2017-09-14,102.544,102.56,102.562,102.544,827816,8489344512.0,0.02,0.02,0.021,7.43
2017-09-15,102.573,102.568,102.575,102.559,662715,6797205760.0,0.02,0.01,0.008,5.95
2017-09-18,102.577,102.581,102.584,102.568,686689,7043803392.0,0.02,0.01,0.013,6.16
2017-09-19,102.585,102.583,102.587,102.574,624890,6410232320.0,0.01,0.00,0.002,5.61
2017-09-20,102.588,102.611,102.618,102.587,672526,6899575552.0,0.03,0.03,0.028,6.04
2017-09-21,102.612,102.66,102.69,102.606,656072,6732450816.0,0.08,0.05,0.049,5.89
2017-09-22,102.652,102.696,102.706,102.651,634790,6517659648.0,0.05,0.04,0.036,5.70
2017-09-25,102.691,102.683,102.696,102.643,622842,6394917632.0,0.05,-0.01,-0.013,5.59
2017-09-26,102.669,102.691,102.693,102.669,765898,7864468224.0,0.02,0.01,0.008,6.88
2017-09-27,102.69,102.65,102.696,102.636,620383,6368479744.0,0.06,-0.04,-0.041,5.57
2017-09-28,102.66,102.647,102.668,102.614,590918,6066313984.0,0.05,0.00,-0.003,5.30
2017-09-29,102.775,102.773,102.818,102.751,627948,6453748736.0,0.07,0.12,0.126,5.64
2017-10-09,102.791,102.791,102.801,102.783,544873,5600752640.0,0.02,0.02,0.018,4.89
2017-10-10,102.809,102.831,102.835,102.797,612969,6301683968.0,0.04,0.04,0.040,5.50
2017-10-11,102.835,102.853,102.854,102.829,718877,7393131520.0,0.02,0.02,0.022,6.45
2017-10-12,102.855,102.872,102.877,102.85,684771,7043573760.0,0.03,0.02,0.019,6.15
2017-10-13,102.885,102.905,102.924,102.8,669981,6893201152.0,0.12,0.03,0.033,6.01
2017-10-16,102.898,102.915,103.0,102.898,656829,6759171328.0,0.10,0.01,0.010,5.90
2017-10-17,102.916,102.943,102.945,102.916,745443,7672591872.0,0.03,0.03,0.028,6.69
2017-10-18,102.94,102.936,102.946,102.934,874446,9001445120.0,0.01,-0.01,-0.007,7.85
2017-10-19,102.939,102.939,102.942,102.938,684590,7047099904.0,0.00,0.00,0.003,6.15
2017-10-20,102.95,102.958,102.961,102.949,842488,8673763840.0,0.01,0.02,0.019,7.56
2017-10-23,102.966,102.969,102.974,102.963,965321,9939840256.0,0.01,0.01,0.011,8.67
2017-10-24,102.975,102.978,102.98,102.974,835221,8600821248.0,0.01,0.01,0.009,7.50
2017-10-25,102.986,102.984,102.988,102.981,981097,10103757312.0,0.01,0.01,0.006,8.81
2017-10-26,102.981,102.988,102.99,102.978,1068294,11001925888.0,0.01,0.00,0.004,9.59
2017-10-27,103.009,103.001,103.011,103.0,1050096,10816595712.0,0.01,0.01,0.013,9.43
2017-10-30,103.018,103.016,103.02,103.002,1000482,10305939456.0,0.02,0.01,0.015,8.98
2017-10-31,103.031,103.037,103.038,103.017,1121290,11551830528.0,0.02,0.02,0.021,10.07
2017-11-01,103.05,103.064,103.067,103.049,1149092,11842440192.0,0.02,0.03,0.027,10.32
2017-11-02,103.07,103.088,103.091,103.068,1229731,12675644672.0,0.02,0.02,0.024,11.04
2017-11-03,103.1,103.134,103.137,103.09,1298996,13393972992.0,0.05,0.04,0.046,11.66
2017-11-06,103.129,103.129,103.132,103.124,1084348,11182832896.0,0.01,0.00,-0.005,9.73
2017-11-07,103.128,103.133,103.135,103.127,1326791,13683479296.0,0.01,0.00,0.004,11.91
2017-11-08,103.135,103.143,103.143,103.135,1332180,13740141056.0,0.01,0.01,0.010,11.96
2017-11-09,103.15,103.15,103.154,103.148,1343600,13859287808.0,0.01,0.01,0.007,12.06
2017-11-10,103.161,103.162,103.167,103.159,1328295,13703072768.0,0.01,0.01,0.012,11.92
2017-11-13,103.18,103.171,103.181,103.164,1185263,12228393728.0,0.02,0.01,0.009,10.64
2017-11-14,103.175,103.174,103.181,103.169,1177932,12153584896.0,0.01,0.00,0.003,10.57
2017-11-15,103.185,103.198,103.2,103.183,1174587,12120823296.0,0.02,0.02,0.024,10.54
2017-11-16,103.201,103.216,103.218,103.2,1260869,13013139968.0,0.02,0.02,0.018,11.32
2017-11-17,103.231,103.244,103.3,103.225,1652641,17061079552.0,0.07,0.03,0.028,14.84
2017-11-20,103.25,103.25,103.253,103.244,1402223,14477816064.0,0.01,0.01,0.006,12.59
2017-11-21,103.258,103.264,103.267,103.256,1558869,16096741120.0,0.01,0.01,0.014,13.99
2017-11-22,103.266,103.27,103.272,103.264,1062226,10969330432.0,0.01,0.01,0.006,9.54
2017-11-23,103.277,103.295,103.303,103.272,1114397,11509226496.0,0.03,0.02,0.025,10.00
2017-11-24,103.305,103.321,103.329,103.302,1417022,14639406080.0,0.03,0.03,0.026,12.72
2017-11-27,103.325,103.335,103.339,103.312,1063050,10983887360.0,0.03,0.01,0.014,9.54
2017-11-28,103.333,103.337,103.341,103.332,1294198,13373771776.0,0.01,0.00,0.002,11.62
2017-11-29,103.345,103.342,103.35,103.338,1160293,11991248384.0,0.01,0.00,0.005,10.42
2017-11-30,103.355,103.381,103.382,103.348,1292111,13355645440.0,0.03,0.04,0.039,11.60
2017-12-01,103.392,103.399,103.403,103.391,1415681,14637563392.0,0.01,0.02,0.018,12.71
2017-12-04,103.41,103.427,103.428,103.406,1435876,14849953792.0,0.02,0.03,0.028,12.89
2017-12-05,103.433,103.448,103.46,103.433,1364326,14112558080.0,0.03,0.02,0.021,12.25
2017-12-06,103.46,103.453,103.463,103.45,1253085,12963985664.0,0.01,0.00,0.005,11.25
2017-12-07,103.46,103.474,103.478,103.457,1597004,16524158720.0,0.02,0.02,0.021,14.34
2017-12-08,103.49,103.487,103.49,103.483,1384641,14329292800.0,0.01,0.01,0.013,12.43
2017-12-11,103.495,103.488,103.506,103.485,1646495,17040279296.0,0.02,0.00,0.001,14.78
2017-12-12,103.498,103.498,103.501,103.495,1386526,14350198528.0,0.01,0.01,0.010,12.45
2017-12-13,103.507,103.51,103.515,103.506,1535131,15890044928.0,0.01,0.01,0.012,13.78
2017-12-14,103.521,103.529,103.532,103.516,1771396,18337996288.0,0.02,0.02,0.019,15.90
2017-12-15,103.541,103.558,103.56,103.54,2007722,20791139328.0,0.02,0.03,0.029,18.02
2017-12-18,103.563,103.552,103.566,103.546,1781019,18444410368.0,0.02,-0.01,-0.006,15.99
2017-12-19,103.559,103.557,103.566,103.55,1818770,18834899200.0,0.02,0.00,0.005,16.33
2017-12-20,103.566,103.576,103.577,103.498,1901711,19694386944.0,0.08,0.02,0.019,17.07
2017-12-21,103.578,103.607,103.61,103.578,1725699,17876794368.0,0.03,0.03,0.031,15.49
2017-12-22,103.618,103.62,103.626,103.613,1879541,19475946240.0,0.01,0.01,0.013,16.87
2017-12-25,103.633,103.64,103.641,103.627,1438287,14905219584.0,0.01,0.02,0.020,12.91
2017-12-26,103.641,103.608,103.641,103.601,1366062,14157359616.0,0.04,-0.03,-0.032,12.26
2017-12-27,103.62,103.61,103.627,103.521,1008862,10449886720.0,0.10,0.00,0.002,9.06
2017-12-28,103.53,103.473,103.575,103.442,1250956,12951274752.0,0.13,-0.13,-0.137,11.23
2017-12-29,100.094,100.138,100.142,100.093,1795617,17978422272.0,0.05,-3.22,-3.335,16.12
2018-01-02,100.162,100.18,100.188,100.151,516006,5168604416.0,0.04,0.04,0.042,4.63
2018-01-03,100.2,100.196,100.202,100.175,722538,7238401280.0,0.03,0.02,0.016,6.49
2018-01-04,100.21,100.307,100.362,100.195,771013,7727383808.0,0.17,0.11,0.111,6.92
2018-01-05,100.25,100.342,100.377,100.24,706121,7082726656.0,0.14,0.03,0.035,6.34
2018-01-08,100.302,100.359,100.387,100.302,543201,5451688192.0,0.08,0.02,0.017,4.88
2018-01-09,100.36,100.268,100.376,100.262,799060,8014149120.0,0.11,-0.09,-0.091,7.17
2018-01-10,100.262,100.275,100.279,100.257,611280,6129257216.0,0.02,0.01,0.007,5.49
2018-01-11,100.279,100.275,100.284,100.272,671891,6737535232.0,0.01,0.00,0.000,6.03
2018-01-12,100.295,100.308,100.313,100.293,712681,7148231168.0,0.02,0.03,0.033,6.40
2018-01-15,100.312,100.318,100.32,100.31,569642,5714501632.0,0.01,0.01,0.010,5.11
2018-01-16,100.324,100.326,100.329,100.321,620920,6229340928.0,0.01,0.01,0.008,5.57
2018-01-17,100.332,100.33,100.335,100.321,602669,6046391296.0,0.01,0.00,0.004,5.41
2018-01-18,100.335,100.342,100.344,100.332,556027,5579083008.0,0.01,0.01,0.012,4.99
2018-01-19,100.361,100.368,100.37,100.344,705974,7085292288.0,0.03,0.03,0.026,6.34
2018-01-22,100.375,100.395,100.398,100.37,670008,6726038272.0,0.03,0.03,0.027,6.01
2018-01-23,100.4,100.397,100.401,100.392,532916,5350289408.0,0.01,0.00,0.002,4.78
2018-01-24,100.405,100.408,100.413,100.402,586351,5887393024.0,0.01,0.01,0.011,5.26
2018-01-25,100.41,100.423,100.425,100.409,487305,4893427456.0,0.02,0.01,0.015,4.37
2018-01-26,100.44,100.456,100.46,100.439,520170,5224803584.0,0.02,0.03,0.033,4.67
2018-01-29,100.459,100.48,100.484,100.459,514343,5167464960.0,0.02,0.02,0.024,4.62
2018-01-30,100.479,100.501,100.512,100.479,471482,4738100992.0,0.03,0.02,0.021,4.23
2018-01-31,100.501,100.537,100.546,100.495,507814,5104236800.0,0.05,0.04,0.036,4.56
2018-02-01,100.52,100.57,100.578,100.519,561780,5647664384.0,0.06,0.03,0.033,5.04
2018-02-02,100.558,100.628,100.639,100.554,552416,5556234752.0,0.08,0.06,0.058,4.96
2018-02-05,100.566,100.62,100.631,100.566,619583,6233522688.0,0.06,-0.01,-0.008,5.56
2018-02-06,100.62,100.591,100.628,100.586,661068,6650442752.0,0.04,-0.03,-0.029,5.93
2018-02-07,100.58,100.561,100.59,100.556,671891,6757480192.0,0.03,-0.03,-0.030,6.03
2018-02-08,100.57,100.581,100.584,100.559,811292,8159317248.0,0.02,0.02,0.020,7.28
2018-02-09,100.589,100.609,100.612,100.0,786050,7906874112.0,0.61,0.03,0.028,7.06
2018-02-12,100.613,100.643,100.646,100.606,683443,6876760064.0,0.04,0.03,0.034,6.14
2018-02-13,100.644,100.699,100.703,100.609,691999,6965689344.0,0.09,0.06,0.056,6.21
2018-02-14,100.744,100.841,100.87,100.727,512722,5166743296.0,0.14,0.14,0.142,4.60
2018-02-22,100.762,100.753,100.773,100.747,623517,6282770688.0,0.03,-0.09,-0.088,5.60
2018-02-23,100.766,100.788,100.794,100.765,565327,5697534720.0,0.03,0.03,0.035,5.07
2018-02-26,100.792,100.795,100.804,100.782,600113,6048818944.0,0.02,0.01,0.007,5.39
2018-02-27,100.8,100.801,100.807,100.798,519578,5237490688.0,0.01,0.01,0.006,4.66
2018-02-28,100.813,100.815,100.816,100.803,619960,6249859072.0,0.01,0.01,0.014,5.57
2018-03-01,100.826,100.828,100.837,100.822,611056,6161209088.0,0.01,0.01,0.013,5.49
2018-03-02,100.85,100.859,100.864,100.847,656706,6623289856.0,0.02,0.03,0.031,5.90
2018-03-05,100.869,100.876,100.879,100.868,536457,5411443968.0,0.01,0.02,0.017,4.82
2018-03-06,100.884,100.885,100.889,100.882,718840,7252080896.0,0.01,0.01,0.009,6.45
2018-03-07,100.889,100.892,100.893,100.888,636982,6426570752.0,0.00,0.01,0.007,5.72
2018-03-08,100.9,100.907,100.909,100.9,632257,6379709952.0,0.01,0.01,0.015,5.68
2018-03-09,100.923,100.921,100.926,100.92,644896,6508473600.0,0.01,0.01,0.014,5.79
2018-03-12,100.925,100.927,100.929,100.912,998902,10081213696.0,0.02,0.01,0.006,8.97
2018-03-13,100.942,100.952,100.955,100.931,934680,9434679296.0,0.02,0.02,0.025,8.39
2018-03-14,100.956,100.968,100.97,100.956,663332,6697252096.0,0.01,0.02,0.016,5.95
2018-03-15,100.976,100.978,100.982,100.971,628756,6349072896.0,0.01,0.01,0.010,5.64
2018-03-16,100.998,101.001,101.006,100.995,707876,7149473280.0,0.01,0.02,0.023,6.35
2018-03-19,101.009,101.014,101.016,101.008,774816,7826633728.0,0.01,0.01,0.013,6.96
2018-03-20,101.03,101.033,101.033,101.023,650132,6568034816.0,0.01,0.02,0.019,5.84
2018-03-21,101.034,101.035,101.038,101.032,784148,7922575616.0,0.01,0.00,0.002,7.04
2018-03-22,101.041,101.057,101.104,101.041,824495,8331526656.0,0.06,0.02,0.022,7.40
2018-03-23,101.073,101.108,101.204,101.062,955351,9656209920.0,0.14,0.05,0.051,8.58
2018-03-26,101.098,101.09,101.103,101.079,809402,8182653952.0,0.02,-0.02,-0.018,7.27
2018-03-27,101.089,101.095,101.097,101.074,970409,9809216000.0,0.02,0.00,0.005,8.71
2018-03-28,101.091,101.102,101.105,101.085,998235,10091470080.0,0.02,0.01,0.007,8.96
2018-03-29,101.104,101.076,101.11,101.056,878605,8882160640.0,0.05,-0.03,-0.026,7.89
2018-03-30,101.128,101.144,101.147,101.124,831247,8406605056.0,0.02,0.07,0.068,7.46
2018-04-02,101.151,101.178,101.181,101.151,858647,8687118592.0,0.03,0.03,0.034,7.71
2018-04-03,101.186,101.241,101.247,101.184,791924,8014883072.0,0.06,0.06,0.063,7.11
2018-04-04,101.265,101.279,101.303,101.247,822151,8326618112.0,0.06,0.04,0.038,7.38
2018-04-09,101.261,101.315,101.32,101.26,881476,8927703040.0,0.06,0.04,0.036,7.91
2018-04-10,101.3,101.34,101.342,101.3,796355,8068713728.0,0.04,0.02,0.025,7.15
2018-04-11,101.32,101.305,101.328,101.294,980812,9936832000.0,0.03,-0.03,-0.035,8.80
2018-04-12,101.305,101.304,101.31,101.294,774720,7848096768.0,0.02,0.00,-0.001,6.95
2018-04-13,101.32,101.328,101.331,101.315,816058,8268322304.0,0.02,0.02,0.024,7.33
2018-04-16,101.331,101.328,101.339,101.326,827718,8387366144.0,0.01,0.00,0.000,7.43
2018-04-17,101.333,101.332,101.339,101.329,832558,8436718080.0,0.01,0.00,0.004,7.47
2018-04-18,101.334,101.337,101.342,101.331,1018801,10324353280.0,0.01,0.00,0.005,9.15
2018-04-19,101.344,101.325,101.344,101.307,837978,8490356480.0,0.04,-0.01,-0.012,7.52
2018-04-20,101.355,101.352,101.36,101.33,784846,7954535680.0,0.03,0.03,0.027,7.05
2018-04-23,101.355,101.34,101.363,101.295,966755,9796649472.0,0.07,-0.01,-0.012,8.68
2018-04-24,101.312,101.344,101.349,101.307,836052,8471670528.0,0.04,0.00,0.004,7.51
2018-04-25,101.365,101.385,101.392,101.364,776093,7868330496.0,0.03,0.04,0.041,6.97
2018-04-26,101.392,101.416,101.419,101.387,847424,8592958720.0,0.03,0.03,0.031,7.61
2018-04-27,101.469,101.497,101.501,101.457,969407,9836179456.0,0.04,0.08,0.081,8.70
2018-05-02,101.492,101.539,101.548,101.489,706016,7167005696.0,0.06,0.04,0.042,6.34
2018-05-03,101.544,101.544,101.566,101.52,805225,8176760064.0,0.05,0.00,0.005,7.23
2018-05-04,101.552,101.577,101.58,101.546,819402,8321909248.0,0.03,0.03,0.033,7.36
2018-05-07,101.567,101.591,101.603,101.55,858615,8721143296.0,0.05,0.01,0.014,7.71
2018-05-08,101.579,101.566,101.58,101.554,899248,9133151232.0,0.03,-0.02,-0.025,8.07
2018-05-09,101.561,101.568,101.573,101.558,753757,7655470848.0,0.01,0.00,0.002,6.77
2018-05-10,101.569,101.569,101.574,101.564,784589,7969131008.0,0.01,0.00,0.001,7.04
2018-05-11,101.58,101.598,101.603,101.58,887266,9013783808.0,0.02,0.03,0.029,7.96
2018-05-14,101.604,101.592,101.606,101.587,986565,10023423232.0,0.02,-0.01,-0.006,8.86
2018-05-15,101.6,101.618,101.621,101.595,970311,9859007232.0,0.03,0.03,0.026,8.71
2018-05-16,101.622,101.631,101.634,101.62,906497,9212551680.0,0.01,0.01,0.013,8.14
2018-05-17,101.641,101.642,101.646,101.636,943925,9594269440.0,0.01,0.01,0.011,8.47
2018-05-18,101.664,101.673,101.674,101.66,980828,9971625472.0,0.01,0.03,0.031,8.80
2018-05-21,101.673,101.675,101.677,101.664,640599,6513222912.0,0.01,0.00,0.002,5.75
2018-05-22,101.685,101.702,101.704,101.683,877069,8919120896.0,0.02,0.03,0.027,7.87
2018-05-23,101.709,101.723,101.724,101.703,837374,8517065728.0,0.02,0.02,0.021,7.52
2018-05-24,101.722,101.73,101.734,101.721,965733,9824302080.0,0.01,0.01,0.007,8.67
2018-05-25,101.747,101.734,101.747,101.73,1032884,10508217600.0,0.02,0.00,0.004,9.27
2018-05-28,101.74,101.741,101.746,101.73,983270,10003610368.0,0.02,0.01,0.007,8.83
2018-05-29,101.746,101.74,101.747,101.728,858279,8731915264.0,0.02,0.00,-0.001,7.70
2018-05-30,101.734,101.739,101.741,101.726,1005527,10229862144.0,0.01,0.00,-0.001,9.03
2018-05-31,101.73,101.762,101.766,101.73,904079,9199522816.0,0.04,0.02,0.023,8.12
2018-06-01,101.801,101.8,101.806,101.796,872460,8881870848.0,0.01,0.04,0.038,7.83
2018-06-04,101.817,101.828,101.83,101.816,853842,8694206976.0,0.01,0.03,0.028,7.66
2018-06-05,101.833,101.839,101.841,101.832,748944,7626956800.0,0.01,0.01,0.011,6.72
2018-06-06,101.846,101.849,101.853,101.843,784413,7989041408.0,0.01,0.01,0.010,7.04
2018-06-07,101.858,101.861,101.863,101.857,667642,6800583168.0,0.01,0.01,0.012,5.99
2018-06-08,101.878,101.886,101.891,101.878,875871,8923729408.0,0.01,0.02,0.025,7.86
2018-06-11,101.896,101.904,101.908,101.896,798118,8132978688.0,0.01,0.02,0.018,7.16
2018-06-12,101.913,101.909,101.915,101.905,854466,8707970304.0,0.01,0.00,0.005,7.67
2018-06-13,101.914,101.909,101.915,101.906,706845,7203504896.0,0.01,0.00,0.000,6.35
2018-06-14,101.919,101.928,101.937,101.911,1157636,11799336192.0,0.03,0.02,0.019,10.39
2018-06-15,101.957,101.958,101.967,101.953,916399,9343317504.0,0.01,0.03,0.030,8.23
2018-06-19,101.957,101.963,101.966,101.954,1265601,12904298752.0,0.01,0.00,0.005,11.36
2018-06-20,101.97,101.997,102.002,101.962,1317399,13433266688.0,0.04,0.03,0.034,11.83
2018-06-21,101.989,102.008,102.01,101.988,1099113,11210401536.0,0.02,0.01,0.011,9.87
2018-06-22,102.027,102.013,102.027,102.006,1222601,12472215296.0,0.02,0.00,0.005,10.98
2018-06-25,102.0,102.029,102.035,102.0,1159928,11833747456.0,0.03,0.02,0.016,10.41
2018-06-26,102.038,102.041,102.047,102.037,1369186,13971358208.0,0.01,0.01,0.012,12.29
2018-06-27,102.048,102.037,102.051,102.033,1224501,12494762752.0,0.02,0.00,-0.004,10.99
2018-06-28,102.02,102.049,102.055,101.975,1460773,14900346624.0,0.08,0.01,0.012,13.11
2018-06-29,102.08,102.097,102.104,102.075,1359910,13884009984.0,0.03,0.05,0.048,12.21
2018-07-02,102.121,102.147,102.15,102.121,928653,9485108736.0,0.03,0.05,0.050,8.34
2018-07-03,102.151,102.207,102.21,102.151,789199,8063432192.0,0.06,0.06,0.060,7.08
2018-07-04,102.188,102.306,102.4,102.188,927473,9482313984.0,0.21,0.10,0.099,8.33
2018-07-05,102.29,102.379,102.399,102.261,951148,9731739648.0,0.13,0.07,0.073,8.54
2018-07-06,102.312,102.422,102.427,102.312,788713,8074203392.0,0.11,0.04,0.043,7.08
2018-07-09,102.4,102.408,102.435,102.375,871091,8920624384.0,0.06,-0.01,-0.014,7.82
2018-07-10,102.388,102.387,102.403,102.37,916692,9385628160.0,0.03,-0.02,-0.021,8.23
2018-07-11,102.38,102.374,102.392,102.361,651934,6674736384.0,0.03,-0.01,-0.013,5.85
2018-07-12,102.37,102.221,102.373,102.21,835646,8545799936.0,0.16,-0.15,-0.153,7.50
2018-07-13,102.244,102.265,102.274,102.244,710317,7263774976.0,0.03,0.04,0.044,6.38
2018-07-16,102.273,102.278,102.284,102.269,683266,6988154112.0,0.01,0.01,0.013,6.13
2018-07-17,102.285,102.3,102.304,102.284,750943,7681729024.0,0.02,0.02,0.022,6.74
2018-07-18,102.304,102.302,102.316,102.298,796032,8144335104.0,0.02,0.00,0.002,7.15
2018-07-19,102.315,102.319,102.322,102.305,826623,8457462528.0,0.02,0.02,0.017,7.42
2018-07-20,102.336,102.331,102.339,102.318,668208,6837866496.0,0.02,0.01,0.012,6.00
2018-07-23,102.345,102.341,102.346,102.333,797106,8157531904.0,0.01,0.01,0.010,7.16
2018-07-24,102.346,102.332,102.347,102.32,996193,10193946880.0,0.03,-0.01,-0.009,8.94
2018-07-25,102.336,102.349,102.356,102.33,697433,7137751040.0,0.03,0.02,0.017,6.26
2018-07-26,102.357,102.371,102.373,102.355,612750,6272394752.0,0.02,0.02,0.022,5.50
2018-07-27,102.383,102.389,102.392,102.383,636898,6521127936.0,0.01,0.02,0.018,5.72
2018-07-30,102.394,102.408,102.411,102.394,700044,7168733184.0,0.02,0.02,0.019,6.28
2018-07-31,102.416,102.426,102.44,102.416,612078,6269245952.0,0.02,0.02,0.018,5.49
2018-08-01,102.427,102.44,102.448,102.427,684543,7012264704.0,0.02,0.01,0.014,6.14
2018-08-02,102.449,102.46,102.467,102.449,759845,7785093888.0,0.02,0.02,0.020,6.82
2018-08-03,102.478,102.489,102.49,102.475,615872,6311564288.0,0.01,0.03,0.029,5.53
2018-08-06,102.494,102.493,102.502,102.491,745104,7637129984.0,0.01,0.00,0.004,6.69
2018-08-07,102.5,102.494,102.502,102.492,753156,7719681024.0,0.01,0.00,0.001,6.76
2018-08-08,102.496,102.502,102.503,102.495,598614,6135697408.0,0.01,0.01,0.008,5.37
2018-08-09,102.509,102.506,102.514,102.494,741536,7601119232.0,0.02,0.00,0.004,6.66
2018-08-10,102.527,102.531,102.532,102.514,586871,6016818944.0,0.02,0.02,0.025,5.27
2018-08-13,102.536,102.544,102.547,102.535,627525,6434743552.0,0.01,0.01,0.013,5.63
2018-08-14,102.553,102.547,102.557,102.54,633734,6499044352.0,0.02,0.00,0.003,5.69
2018-08-15,102.558,102.565,102.568,102.554,706676,7247731712.0,0.01,0.02,0.018,6.34
2018-08-16,102.573,102.574,102.578,102.567,813335,8342481408.0,0.01,0.01,0.009,7.30
2018-08-17,102.586,102.595,102.6,102.583,665114,6823595008.0,0.02,0.02,0.021,5.97
2018-08-20,102.607,102.605,102.609,102.6,822181,8435876864.0,0.01,0.01,0.010,7.38
2018-08-21,102.608,102.617,102.618,102.602,833616,8553595904.0,0.02,0.01,0.012,7.48
2018-08-22,102.62,102.634,102.642,102.615,779911,8003684352.0,0.03,0.02,0.017,7.00
2018-08-23,102.634,102.675,102.679,102.632,836908,8591269120.0,0.05,0.04,0.041,7.51
2018-08-24,102.68,102.68,102.699,102.672,773543,7943342592.0,0.03,0.00,0.005,6.94
2018-08-27,102.682,102.66,102.684,102.656,819803,8417087488.0,0.03,-0.02,-0.020,7.36
2018-08-28,102.665,102.675,102.678,102.656,725562,7449069824.0,0.02,0.01,0.015,6.51
2018-08-29,102.68,102.7,102.705,102.678,957545,9833238016.0,0.03,0.02,0.025,8.60
2018-08-30,102.703,102.719,102.723,102.703,803651,8254435840.0,0.02,0.02,0.019,7.21
2018-08-31,102.73,102.748,102.753,102.73,1042053,10706275328.0,0.02,0.03,0.029,9.35
2018-09-03,102.755,102.739,102.758,102.72,1130232,11611300096.0,0.04,-0.01,-0.009,10.15
2018-09-04,102.742,102.744,102.745,102.737,637841,6553294592.0,0.01,0.00,0.005,5.73
2018-09-05,102.748,102.736,102.76,102.733,890765,9152859904.0,0.03,-0.01,-0.008,8.00
2018-09-06,102.752,102.753,102.754,102.744,965149,9916820736.0,0.01,0.02,0.017,8.66
2018-09-07,102.764,102.743,102.774,102.733,1177665,12101587712.0,0.04,-0.01,-0.010,10.57
2018-09-10,102.754,102.783,102.786,102.754,1174936,12074812928.0,0.03,0.04,0.040,10.55
2018-09-11,102.792,102.767,102.793,102.761,1154881,11870019840.0,0.03,-0.02,-0.016,10.37
2018-09-12,102.778,102.793,102.794,102.774,990820,10184378624.0,0.02,0.03,0.026,8.89
2018-09-13,102.789,102.793,102.797,102.788,825129,8481716992.0,0.01,0.00,0.000,7.41
2018-09-14,102.808,102.814,102.817,102.804,963637,9907075840.0,0.01,0.02,0.021,8.65
2018-09-17,102.823,102.83,102.833,102.821,751362,7726072832.0,0.01,0.02,0.016,6.74
2018-09-18,102.838,102.83,102.84,102.827,937387,9639874816.0,0.01,0.00,0.000,8.41
2018-09-19,102.838,102.83,102.84,102.826,1013644,10423321856.0,0.01,0.00,0.000,9.10
2018-09-20,102.835,102.841,102.846,102.833,977743,10055134976.0,0.01,0.01,0.011,8.78
2018-09-21,102.866,102.833,102.868,102.827,1099121,11304663040.0,0.04,-0.01,-0.008,9.87
2018-09-25,102.855,102.862,102.863,102.831,983278,10113221888.0,0.03,0.03,0.029,8.83
2018-09-26,102.862,102.866,102.873,102.847,865703,8904762368.0,0.03,0.00,0.004,7.77
2018-09-27,102.867,102.886,102.89,102.84,900158,9259131392.0,0.05,0.02,0.020,8.08
2018-09-28,102.966,102.976,102.995,102.953,941151,9690958592.0,0.04,0.09,0.090,8.45
2018-10-08,102.988,103.018,103.022,102.988,822122,8467939584.0,0.03,0.04,0.042,7.38
2018-10-09,103.019,103.027,103.034,103.016,809260,8337200640.0,0.02,0.01,0.009,7.26
2018-10-10,103.028,103.032,103.033,103.017,799448,8236369664.0,0.02,0.00,0.005,7.18
2018-10-11,103.032,103.024,103.034,103.018,813543,8381543680.0,0.02,-0.01,-0.008,7.30
2018-10-12,103.029,103.051,103.051,103.026,820902,8458481920.0,0.02,0.03,0.027,7.37
2018-10-15,103.053,103.062,103.066,103.051,803938,8284984064.0,0.01,0.01,0.011,7.22
2018-10-16,103.065,103.058,103.07,103.054,667028,6874682112.0,0.02,0.00,-0.004,5.99
2018-10-17,103.053,103.066,103.069,103.053,894961,9223751680.0,0.02,0.01,0.008,8.03
2018-10-18,103.074,103.081,103.083,103.071,717881,7399619072.0,0.01,0.01,0.015,6.44
2018-10-19,103.09,103.086,103.095,103.075,810746,8357555200.0,0.02,0.00,0.005,7.28
2018-10-22,103.04,103.069,103.086,103.03,1245490,12837396736.0,0.05,-0.02,-0.017,11.18
2018-10-23,103.089,103.097,103.101,103.082,850593,8768900864.0,0.02,0.03,0.028,7.64
2018-10-24,103.11,103.115,103.117,103.107,830315,8561564928.0,0.01,0.02,0.018,7.45
2018-10-25,103.118,103.124,103.127,103.115,751096,7745415424.0,0.01,0.01,0.009,6.74
2018-10-26,103.134,103.14,103.142,103.133,837704,8639869440.0,0.01,0.02,0.016,7.52
2018-10-29,103.148,103.154,103.156,103.145,838028,8644396032.0,0.01,0.01,0.014,7.52
2018-10-30,103.16,103.159,103.161,103.151,757209,7811192064.0,0.01,0.00,0.005,6.80
2018-10-31,103.163,103.167,103.169,103.153,779278,8039000832.0,0.02,0.01,0.008,7.00
2018-11-01,103.166,103.163,103.171,103.16,768635,7929610496.0,0.01,0.00,-0.004,6.90
2018-11-02,103.044,103.164,103.168,103.044,1056121,10894204672.0,0.12,0.00,0.001,9.48
2018-11-05,103.171,103.196,103.203,103.171,969394,10002892288.0,0.03,0.03,0.032,8.70
2018-11-06,103.207,103.207,103.209,103.202,704360,7269500672.0,0.01,0.01,0.011,6.32
2018-11-07,103.213,103.21,103.214,103.208,588468,6073652992.0,0.01,0.00,0.003,5.28
2018-11-08,103.212,103.219,103.222,103.211,790115,8155337216.0,0.01,0.01,0.009,7.09
2018-11-09,103.236,103.238,103.239,103.233,693648,7160860160.0,0.01,0.02,0.019,6.23
2018-11-12,103.247,103.236,103.248,103.23,618267,6383211008.0,0.02,0.00,-0.002,5.55
2018-11-13,103.247,103.238,103.248,103.231,827727,8545347328.0,0.02,0.00,0.002,7.43
2018-11-14,103.25,103.24,103.251,103.201,895993,9250180608.0,0.05,0.00,0.002,8.04
2018-11-15,103.245,103.254,103.258,103.241,830041,8570151168.0,0.02,0.01,0.014,7.45
2018-11-16,103.267,103.273,103.281,103.255,1115713,11522065664.0,0.03,0.02,0.019,10.02
2018-11-19,103.293,103.291,103.297,103.278,1045979,10803638272.0,0.02,0.02,0.018,9.39
2018-11-20,103.295,103.303,103.305,103.292,771298,7967326208.0,0.01,0.01,0.012,6.92
2018-11-21,103.305,103.326,103.329,103.305,643743,6650694400.0,0.02,0.02,0.023,5.78
2018-11-22,103.32,103.344,103.349,103.32,671398,6937893120.0,0.03,0.02,0.018,6.03
2018-11-23,103.35,103.374,103.381,103.349,825791,8535696640.0,0.03,0.03,0.030,7.41
2018-11-26,103.37,103.382,103.385,103.37,796538,8234485760.0,0.01,0.01,0.008,7.15
2018-11-27,103.382,103.384,103.391,103.369,746334,7715790592.0,0.02,0.00,0.002,6.70
2018-11-28,103.38,103.355,103.381,103.352,777841,8040489984.0,0.03,-0.03,-0.029,6.98
2018-11-29,103.35,103.367,103.368,103.349,680846,7037194496.0,0.02,0.01,0.012,6.11
2018-11-30,103.389,103.38,103.39,103.376,667596,6901799168.0,0.01,0.01,0.013,5.99
2018-12-03,103.376,103.379,103.391,103.373,1225368,12667870464.0,0.02,0.00,-0.001,11.00
2018-12-04,103.395,103.403,103.406,103.394,807264,8347237888.0,0.01,0.02,0.024,7.25
2018-12-05,103.413,103.409,103.419,103.401,811278,8389338112.0,0.02,0.01,0.006,7.28
2018-12-06,103.416,103.431,103.435,103.415,730095,7550870016.0,0.02,0.02,0.022,6.55
2018-12-07,103.443,103.477,103.491,103.441,903235,9344948480.0,0.05,0.04,0.046,8.11
2018-12-10,103.477,103.469,103.494,103.461,818855,8472674816.0,0.03,-0.01,-0.008,7.35
2018-12-11,103.473,103.463,103.475,103.461,612685,6339368448.0,0.01,-0.01,-0.006,5.50
2018-12-12,103.469,103.465,103.474,103.463,840661,8698160128.0,0.01,0.00,0.002,7.55
2018-12-13,103.474,103.446,103.475,103.3,1216524,12585658368.0,0.17,-0.02,-0.019,10.92
2018-12-14,103.47,103.468,103.471,103.46,803181,8310140160.0,0.01,0.02,0.022,7.21
2018-12-17,103.485,103.482,103.493,103.48,779441,8066319104.0,0.01,0.01,0.014,7.00
2018-12-18,103.49,103.498,103.505,103.486,964244,9979062528.0,0.02,0.02,0.016,8.66
2018-12-19,103.503,103.498,103.512,103.494,829412,8584878592.0,0.02,0.00,0.000,7.45
2018-12-20,103.504,103.489,103.508,103.485,1044193,10807098880.0,0.02,-0.01,-0.009,9.37
2018-12-21,103.506,103.515,103.521,103.503,1219933,12627866368.0,0.02,0.03,0.026,10.95
2018-12-24,103.529,103.527,103.534,103.516,1275218,13201445888.0,0.02,0.01,0.012,11.45
2018-12-25,103.53,103.521,103.532,103.516,1377625,14262000384.0,0.02,-0.01,-0.006,12.37
2018-12-26,103.532,103.498,103.547,103.0,1051247,10883951872.0,0.53,-0.02,-0.023,9.44
2018-12-27,103.5,103.52,103.533,103.446,849606,8790957568.0,0.08,0.02,0.022,7.63
2018-12-28,100.08,100.104,100.113,100.072,1540017,15413559552.0,0.04,-3.30,-3.416,13.82
2019-01-02,100.124,100.116,100.145,100.11,855659,8567757824.0,0.03,0.01,0.012,7.68
2019-01-03,100.136,100.179,100.183,100.136,433295,4339441920.0,0.05,0.06,0.063,3.89
2019-01-04,100.178,100.261,100.29,100.177,548246,5495182848.0,0.11,0.08,0.082,4.92
2019-01-07,100.26,100.319,100.34,100.22,628110,6297203200.0,0.12,0.06,0.058,5.64
2019-01-08,100.27,100.27,100.284,100.243,553235,5546808064.0,0.04,-0.05,-0.049,4.97
2019-01-09,100.218,100.205,100.226,100.186,825662,8273356800.0,0.04,-0.06,-0.065,7.41
2019-01-10,100.202,100.204,100.211,100.2,665280,6666569216.0,0.01,0.00,-0.001,5.97
2019-01-11,100.22,100.222,100.231,100.219,466836,4678889984.0,0.01,0.02,0.018,4.19
2019-01-14,100.227,100.232,100.235,100.227,490464,4916009984.0,0.01,0.01,0.010,4.40
2019-01-15,100.241,100.235,100.243,100.233,391711,3926464992.0,0.01,0.00,0.003,3.52
2019-01-16,100.241,100.245,100.25,100.233,376909,3778234096.0,0.02,0.01,0.010,3.38
2019-01-17,100.253,100.246,100.255,100.244,322863,3236748464.0,0.01,0.00,0.001,2.90
2019-01-18,100.271,100.255,100.273,100.251,449336,4505265664.0,0.02,0.01,0.009,4.03
2019-01-21,100.27,100.265,100.274,100.262,563082,5645926656.0,0.01,0.01,0.010,5.05
2019-01-22,100.275,100.278,100.281,100.272,652247,6540475648.0,0.01,0.01,0.013,5.86
2019-01-23,100.282,100.295,100.298,100.282,375823,3769154240.0,0.02,0.02,0.017,3.37
2019-01-24,100.301,100.298,100.304,100.294,407677,4088947056.0,0.01,0.00,0.003,3.66
2019-01-25,100.321,100.317,100.329,100.311,321179,3221939600.0,0.02,0.02,0.019,2.88
2019-01-28,100.318,100.32,100.322,100.312,543451,5451731712.0,0.01,0.00,0.003,4.88
2019-01-29,100.327,100.346,100.35,100.326,415100,4165027376.0,0.02,0.03,0.026,3.73
2019-01-30,100.349,100.34,100.359,100.335,404435,4058522960.0,0.02,-0.01,-0.006,3.63
2019-01-31,100.352,100.359,100.364,100.334,490406,4921220864.0,0.03,0.02,0.019,4.40
2019-02-01,100.47,100.456,100.47,100.427,440786,4427805696.0,0.04,0.10,0.097,3.96
2019-02-11,100.451,100.446,100.456,100.441,519596,5219156736.0,0.01,-0.01,-0.010,4.66
2019-02-12,100.451,100.451,100.455,100.449,473894,4760336640.0,0.01,0.00,0.005,4.25
2019-02-13,100.457,100.458,100.46,100.455,550531,5530481664.0,0.00,0.01,0.007,4.94
2019-02-14,100.465,100.469,100.47,100.464,406673,4085699184.0,0.01,0.01,0.011,3.65
2019-02-15,100.482,100.482,100.485,100.479,439423,4415412736.0,0.01,0.01,0.013,3.94
2019-02-18,100.486,100.487,100.49,100.481,704581,7080111872.0,0.01,0.00,0.005,6.32
2019-02-19,100.494,100.507,100.508,100.49,691100,6945304320.0,0.02,0.02,0.020,6.20
2019-02-20,100.508,100.515,100.516,100.507,482857,4853305600.0,0.01,0.01,0.008,4.33
2019-02-21,100.518,100.521,100.523,100.514,524077,5267976960.0,0.01,0.01,0.006,4.70
2019-02-22,100.531,100.524,100.536,100.517,563581,5665722624.0,0.02,0.00,0.003,5.06
2019-02-25,100.043,100.51,100.524,100.043,944020,9486322688.0,0.48,-0.01,-0.014,8.47
2019-02-26,100.49,100.522,100.531,100.427,683262,6866007552.0,0.10,0.01,0.012,6.13
2019-02-27,100.53,100.568,100.572,100.521,547892,5508792064.0,0.05,0.05,0.046,4.92
2019-02-28,100.566,100.622,100.645,100.566,439144,4417673472.0,0.08,0.05,0.054,3.94
2019-03-01,100.62,100.671,100.688,100.2,401897,4044826544.0,0.48,0.05,0.049,3.61
2019-03-04,100.63,100.617,100.648,100.587,703122,7074604032.0,0.06,-0.05,-0.054,6.31
2019-03-05,100.61,100.607,100.616,100.598,682695,6868348160.0,0.02,-0.01,-0.010,6.13
2019-03-06,100.61,100.62,100.63,100.604,607673,6114293504.0,0.03,0.01,0.013,5.45
2019-03-07,100.617,100.639,100.642,100.617,528524,5318357504.0,0.02,0.02,0.019,4.74
2019-03-08,100.64,100.649,100.66,100.358,680281,6845901312.0,0.30,0.01,0.010,6.11
2019-03-11,100.629,100.655,100.658,100.625,576731,5804483072.0,0.03,0.01,0.006,5.18
2019-03-12,100.655,100.657,100.661,100.651,597610,6015256320.0,0.01,0.00,0.002,5.36
2019-03-13,100.663,100.699,100.704,100.662,506322,5097520384.0,0.04,0.04,0.042,4.55
2019-03-14,100.688,100.699,100.728,100.688,430852,4339104768.0,0.04,0.00,0.000,3.87
2019-03-15,100.699,100.703,100.718,100.688,489728,4931643904.0,0.03,0.00,0.004,4.40
2019-03-18,100.701,100.701,100.706,100.698,550798,5546643968.0,0.01,0.00,-0.002,4.94
2019-03-19,100.7,100.708,100.709,100.692,475631,4789760256.0,0.02,0.01,0.007,4.27
2019-03-20,100.712,100.717,100.72,100.711,479805,4832420096.0,0.01,0.01,0.009,4.31
2019-03-21,100.721,100.733,100.734,100.717,568172,5722821376.0,0.02,0.02,0.016,5.10
2019-03-22,100.735,100.754,100.758,100.735,388975,3918812432.0,0.02,0.02,0.021,3.49
2019-03-25,100.755,100.781,100.786,100.754,402565,4056341968.0,0.03,0.03,0.027,3.61
2019-03-26,100.78,100.79,100.802,100.772,555838,5601802240.0,0.03,0.01,0.009,4.99
2019-03-27,100.785,100.785,100.804,100.783,468309,4720196352.0,0.02,0.00,-0.005,4.20
2019-03-28,100.791,100.765,100.793,100.755,774186,7801485568.0,0.04,-0.02,-0.020,6.95
2019-03-29,100.795,100.782,100.8,100.765,701117,7066232832.0,0.03,0.02,0.017,6.29
2019-04-01,100.79,100.791,100.798,100.779,749950,7558629888.0,0.02,0.01,0.009,6.73
2019-04-02,100.791,100.819,100.824,100.79,549158,5535877888.0,0.03,0.03,0.028,4.93
2019-04-03,100.828,100.849,100.854,100.822,550506,5551189248.0,0.03,0.03,0.030,4.94
2019-04-04,100.847,100.907,100.919,100.844,597725,6029841920.0,0.07,0.06,0.058,5.37
2019-04-08,100.88,100.922,100.924,100.861,607698,6131365376.0,0.06,0.01,0.015,5.46
2019-04-09,100.915,100.911,100.918,100.89,567536,5726696192.0,0.03,-0.01,-0.011,5.09
2019-04-10,100.899,100.882,100.9,100.796,543364,5482066688.0,0.10,-0.03,-0.029,4.88
2019-04-11,100.892,100.888,100.892,100.881,580131,5852836352.0,0.01,0.01,0.006,5.21
2019-04-12,100.901,100.901,100.911,100.896,544200,5491194880.0,0.01,0.01,0.013,4.89
2019-04-15,100.898,100.914,100.916,100.861,646350,6522056192.0,0.05,0.01,0.013,5.80
2019-04-16,100.92,100.897,100.923,100.894,689931,6961983744.0,0.03,-0.02,-0.017,6.19
2019-04-17,100.908,100.915,100.918,100.9,586654,5919862272.0,0.02,0.02,0.018,5.27
2019-04-18,100.92,100.925,100.93,100.919,507529,5122234624.0,0.01,0.01,0.010,4.56
2019-04-19,100.941,100.938,100.945,100.935,623338,6291953408.0,0.01,0.01,0.013,5.60
2019-04-22,100.946,100.96,100.962,100.942,549418,5546423552.0,0.02,0.02,0.022,4.93
2019-04-23,100.96,100.969,100.971,100.96,520322,5253574912.0,0.01,0.01,0.009,4.67
2019-04-24,100.975,100.973,100.977,100.97,485907,4906404608.0,0.01,0.00,0.004,4.36
2019-04-25,100.978,100.971,100.982,100.969,475725,4803782144.0,0.01,0.00,-0.002,4.27
2019-04-26,100.989,100.986,100.993,100.98,515108,5201848320.0,0.01,0.01,0.015,4.62
2019-04-29,100.99,100.979,100.998,100.973,770560,7781783040.0,0.02,-0.01,-0.007,6.92
2019-04-30,101.031,101.033,101.038,101.01,632903,6394039296.0,0.03,0.05,0.054,5.68
2019-05-06,101.039,101.06,101.063,101.035,732041,7397240064.0,0.03,0.03,0.027,6.57
2019-05-07,101.06,101.073,101.076,101.059,596300,6026705664.0,0.02,0.01,0.013,5.35
2019-05-08,101.076,101.078,101.083,101.071,682193,6895391488.0,0.01,0.00,0.005,6.12
2019-05-09,101.085,101.088,101.089,101.082,523797,5294772992.0,0.01,0.01,0.010,4.70
2019-05-10,101.092,101.093,101.097,101.081,714973,7227666176.0,0.02,0.00,0.005,6.42
2019-05-13,101.1,101.108,101.11,101.1,594249,6008228352.0,0.01,0.01,0.015,5.33
2019-05-14,101.107,101.115,101.116,101.107,521957,5277617920.0,0.01,0.01,0.007,4.69
2019-05-15,101.118,101.12,101.123,101.115,490899,4963956480.0,0.01,0.00,0.005,4.41
2019-05-16,101.122,101.12,101.125,101.119,431748,4365903104.0,0.01,0.00,0.000,3.88
2019-05-17,101.135,101.15,101.174,101.133,546658,5529119232.0,0.04,0.03,0.030,4.91
2019-05-20,101.154,101.148,101.157,101.143,622768,6299125760.0,0.01,0.00,-0.002,5.59
2019-05-21,101.154,101.161,101.163,101.151,512463,5183919360.0,0.01,0.01,0.013,4.60
2019-05-22,101.167,101.163,101.172,101.161,558238,5647516672.0,0.01,0.00,0.002,5.01
2019-05-23,101.171,101.166,101.172,101.165,572835,5795268352.0,0.01,0.00,0.003,5.14
2019-05-24,101.182,101.183,101.185,101.176,519055,5251894016.0,0.01,0.02,0.017,4.66
2019-05-27,101.192,101.192,101.192,101.186,580417,5873201920.0,0.01,0.01,0.009,5.21
2019-05-28,101.194,101.204,101.205,101.192,609201,6164951296.0,0.01,0.01,0.012,5.47
2019-05-29,101.206,101.204,101.207,101.2,592432,5995642112.0,0.01,0.00,0.000,5.32
2019-05-30,101.208,101.22,101.221,101.207,588447,5955878912.0,0.01,0.02,0.016,5.28
2019-05-31,101.231,101.237,101.238,101.23,386681,3914538544.0,0.01,0.02,0.017,3.47
2019-06-03,101.238,101.244,101.25,101.237,521302,5277909248.0,0.01,0.01,0.007,4.68
2019-06-04,101.252,101.256,101.261,101.252,487030,4931450112.0,0.01,0.01,0.012,4.37
2019-06-05,101.263,101.259,101.268,101.255,626125,6340285184.0,0.01,0.00,0.003,5.62
2019-06-06,101.281,101.28,101.283,101.275,591696,5992632576.0,0.01,0.02,0.021,5.31
2019-06-10,101.285,101.291,101.292,101.284,466751,4727612672.0,0.01,0.01,0.011,4.19
2019-06-11,101.295,101.291,101.298,101.285,792534,8027690752.0,0.01,0.00,0.000,7.11
2019-06-12,101.293,101.303,101.304,101.292,586490,5940927488.0,0.01,0.01,0.012,5.26
2019-06-13,101.308,101.311,101.313,101.306,453751,4596897536.0,0.01,0.01,0.008,4.07
2019-06-14,101.325,101.333,101.338,101.322,560559,5680025600.0,0.02,0.02,0.022,5.03
2019-06-17,101.335,101.339,101.341,101.332,668053,6769855488.0,0.01,0.01,0.006,6.00
2019-06-18,101.344,101.345,101.346,101.341,511772,5186478080.0,0.00,0.01,0.006,4.59
2019-06-19,101.3,101.333,101.337,101.24,1003951,10172638208.0,0.10,-0.01,-0.012,9.01
2019-06-20,101.346,101.334,101.352,101.292,1059971,10740802816.0,0.06,0.00,0.001,9.52
2019-06-21,101.334,101.361,101.363,101.305,1062530,10767906816.0,0.06,0.03,0.027,9.54
2019-06-24,101.365,101.373,101.376,101.363,586115,5941445888.0,0.01,0.01,0.012,5.26
2019-06-25,101.384,101.389,101.39,101.379,666380,6756050432.0,0.01,0.02,0.016,5.98
2019-06-26,101.392,101.395,101.397,101.39,479448,4861278464.0,0.01,0.01,0.006,4.30
2019-06-27,101.397,101.391,101.399,101.384,667386,6766639872.0,0.01,0.00,-0.004,5.99
2019-06-28,101.405,101.413,101.418,101.405,651369,6605591296.0,0.01,0.02,0.022,5.85
2019-07-01,101.408,101.408,101.415,101.4,867176,8793991936.0,0.01,0.00,-0.005,7.78
2019-07-02,101.415,101.435,101.436,101.41,664326,6737879808.0,0.03,0.03,0.027,5.96
2019-07-03,101.443,101.454,101.462,101.443,615355,6242818560.0,0.02,0.02,0.019,5.52
2019-07-04,101.458,101.466,101.468,101.453,557544,5656843520.0,0.01,0.01,0.012,5.00
2019-07-05,101.471,101.485,101.486,101.47,540544,5485409024.0,0.02,0.02,0.019,4.85
2019-07-08,101.487,101.492,101.494,101.483,658268,6680611328.0,0.01,0.01,0.007,5.91
2019-07-09,101.495,101.489,101.496,101.485,587623,5963961600.0,0.01,0.00,-0.003,5.27
2019-07-10,101.494,101.495,101.496,101.491,455746,4625572096.0,0.00,0.01,0.006,4.09
2019-07-11,101.499,101.499,101.503,101.497,626954,6363608576.0,0.01,0.00,0.004,5.63
2019-07-12,101.512,101.511,101.515,101.509,562452,5709532672.0,0.01,0.01,0.012,5.05
2019-07-15,101.517,101.514,101.519,101.506,566780,5753671168.0,0.01,0.00,0.003,5.09
2019-07-16,101.522,101.525,101.527,101.521,646958,6568159232.0,0.01,0.01,0.011,5.81
2019-07-17,101.532,101.535,101.54,101.531,613711,6231240192.0,0.01,0.01,0.010,5.51
2019-07-18,101.542,101.545,101.546,101.541,565293,5740166656.0,0.00,0.01,0.010,5.07
2019-07-19,101.556,101.557,101.564,101.555,527449,5356671744.0,0.01,0.01,0.012,4.73
2019-07-22,101.56,101.558,101.563,101.556,711221,7223129344.0,0.01,0.00,0.001,6.38
2019-07-23,101.568,101.573,101.574,101.566,667432,6779090688.0,0.01,0.01,0.015,5.99
2019-07-24,101.577,101.577,101.578,101.571,622282,6320780288.0,0.01,0.00,0.004,5.59
2019-07-25,101.583,101.581,101.584,101.579,537325,5458229248.0,0.00,0.00,0.004,4.82
2019-07-26,101.595,101.6,101.604,101.592,647288,6576175104.0,0.01,0.02,0.019,5.81
2019-07-29,101.606,101.604,101.607,101.599,806229,8191529728.0,0.01,0.00,0.004,7.24
2019-07-30,101.611,101.607,101.612,101.602,745440,7574212864.0,0.01,0.00,0.003,6.69
2019-07-31,101.611,101.62,101.623,101.61,649445,6599440128.0,0.01,0.01,0.013,5.83
2019-08-01,101.626,101.631,101.632,101.619,707553,7190519808.0,0.01,0.01,0.011,6.35
2019-08-02,101.636,101.645,101.647,101.635,681860,6930535424.0,0.01,0.01,0.014,6.12
2019-08-05,101.648,101.653,101.656,101.647,671570,6826548224.0,0.01,0.01,0.008,6.03
2019-08-06,101.654,101.661,101.664,101.65,900660,9155589376.0,0.01,0.01,0.008,8.09
2019-08-07,101.661,101.671,101.673,101.66,662521,6735624448.0,0.01,0.01,0.010,5.95
2019-08-08,101.673,101.675,101.681,101.672,748008,7605497856.0,0.01,0.00,0.004,6.71
2019-08-09,101.689,101.695,101.698,101.686,661190,6723831296.0,0.01,0.02,0.020,5.94
2019-08-12,101.697,101.704,101.707,101.694,883512,8985285120.0,0.01,0.01,0.009,7.93
2019-08-13,101.707,101.71,101.715,101.707,630567,6413552384.0,0.01,0.01,0.006,5.66
2019-08-14,101.71,101.713,101.718,101.706,713081,7252766976.0,0.01,0.00,0.003,6.40
2019-08-15,101.719,101.714,101.721,101.712,693877,7057945856.0,0.01,0.00,0.001,6.23
2019-08-16,101.727,101.729,101.732,101.727,660416,6718295296.0,0.00,0.01,0.015,5.93
2019-08-19,101.731,101.724,101.739,101.723,800466,8143189248.0,0.02,0.00,-0.005,7.19
2019-08-20,101.723,101.736,101.74,101.723,758195,7713361920.0,0.02,0.01,0.012,6.81
2019-08-21,101.746,101.752,101.754,101.746,462848,4709528320.0,0.01,0.02,0.016,4.15
2019-08-22,101.758,101.764,101.766,101.757,675170,6870528768.0,0.01,0.01,0.012,6.06
2019-08-23,101.776,101.773,101.779,101.772,668538,6804122368.0,0.01,0.01,0.009,6.00
2019-08-26,101.772,101.782,101.784,101.77,707739,7203304448.0,0.01,0.01,0.009,6.35
2019-08-27,101.789,101.783,101.79,101.78,667336,6792464896.0,0.01,0.00,0.001,5.99
2019-08-28,101.794,101.792,101.796,101.789,642771,6542959104.0,0.01,0.01,0.009,5.77
2019-08-29,101.798,101.809,101.81,101.798,681076,6933508096.0,0.01,0.02,0.017,6.11
2019-08-30,101.817,101.826,101.832,101.816,580986,5915729152.0,0.02,0.02,0.017,5.22
2019-09-02,101.831,101.833,101.835,101.827,621844,6332373248.0,0.01,0.01,0.007,5.58
2019-09-03,101.839,101.841,101.843,101.837,452076,4603957504.0,0.01,0.01,0.008,4.06
2019-09-04,101.842,101.84,101.847,101.839,678425,6909339392.0,0.01,0.00,-0.001,6.09
2019-09-05,101.832,101.842,101.844,101.826,835850,8511775744.0,0.02,0.00,0.002,7.50
2019-09-06,101.854,101.864,101.868,101.851,724630,7380846080.0,0.02,0.02,0.022,6.50
2019-09-09,101.865,101.864,101.871,101.861,701976,7150827520.0,0.01,0.00,0.000,6.30
2019-09-10,101.872,101.874,101.875,101.869,590933,6019942656.0,0.01,0.01,0.010,5.30
2019-09-11,101.881,101.89,101.892,101.878,636083,6480604928.0,0.01,0.02,0.016,5.71
2019-09-12,101.906,101.92,101.923,101.905,509567,5193167872.0,0.02,0.03,0.030,4.57
2019-09-16,101.919,101.928,101.93,101.917,573123,5841333504.0,0.01,0.01,0.008,5.14
2019-09-17,101.933,101.952,101.953,101.931,598706,6103264000.0,0.02,0.02,0.024,5.37
2019-09-18,101.959,101.952,101.963,101.946,679471,6927522560.0,0.02,0.00,0.000,6.10
2019-09-19,101.952,101.943,101.954,101.94,565621,5766301440.0,0.01,-0.01,-0.009,5.08
2019-09-20,101.957,101.957,101.961,101.954,663171,6761503232.0,0.01,0.01,0.014,5.95
2019-09-23,101.962,101.959,101.965,101.956,621667,6338583040.0,0.01,0.00,0.002,5.58
2019-09-24,101.965,101.966,101.968,101.959,751643,7664038912.0,0.01,0.01,0.007,6.75
2019-09-25,101.973,101.983,101.986,101.971,628349,6407757056.0,0.01,0.02,0.017,5.64
2019-09-26,101.986,101.987,101.991,101.983,651869,6648190976.0,0.01,0.00,0.004,5.85
2019-09-27,102.0,102.014,102.016,101.994,604480,6165815296.0,0.02,0.03,0.027,5.43
2019-09-30,102.061,102.094,102.102,102.057,642393,6557188608.0,0.04,0.08,0.080,5.77
2019-10-08,102.073,102.094,102.096,102.072,627499,6405682944.0,0.02,0.00,0.000,5.63
2019-10-09,102.091,102.071,102.094,102.05,554900,5664813312.0,0.04,-0.02,-0.023,4.98
2019-10-10,102.08,102.078,102.085,102.076,599803,6122843136.0,0.01,0.01,0.007,5.38
2019-10-11,102.096,102.095,102.098,102.09,650954,6645895936.0,0.01,0.02,0.017,5.84
2019-10-14,102.094,102.098,102.099,102.09,744373,7599662592.0,0.01,0.00,0.003,6.68
2019-10-15,102.108,102.123,102.125,102.106,701483,7163153408.0,0.02,0.02,0.025,6.30
2019-10-16,102.124,102.131,102.134,102.123,550344,5620548096.0,0.01,0.01,0.008,4.94
2019-10-17,102.14,102.129,102.14,102.128,543400,5549844480.0,0.01,0.00,-0.002,4.88
2019-10-18,102.143,102.172,102.173,102.142,740907,7568388096.0,0.03,0.04,0.043,6.65
2019-10-21,102.163,102.166,102.172,102.159,854854,8733703680.0,0.01,-0.01,-0.006,7.67
2019-10-22,102.166,102.166,102.171,102.162,589750,6025226496.0,0.01,0.00,0.000,5.29
2019-10-23,102.17,102.161,102.17,102.159,600686,6136990720.0,0.01,0.00,-0.005,5.39
2019-10-24,102.167,102.169,102.175,102.166,613566,6268864512.0,0.01,0.01,0.008,5.51
2019-10-25,102.187,102.176,102.189,102.175,554634,5667545856.0,0.01,0.01,0.007,4.98
2019-10-28,102.116,102.181,102.187,102.116,683232,6981224448.0,0.07,0.00,0.005,6.13
2019-10-29,102.19,102.197,102.199,102.184,692930,7081225216.0,0.01,0.02,0.016,6.22
2019-10-30,102.204,102.21,102.213,102.202,526047,5376663808.0,0.01,0.01,0.013,4.72
2019-10-31,102.215,102.221,102.224,102.215,672084,6869918976.0,0.01,0.01,0.011,6.03
2019-11-01,102.236,102.229,102.239,102.226,557015,5694553344.0,0.01,0.01,0.008,5.00
2019-11-04,102.238,102.235,102.239,102.23,619607,6334530048.0,0.01,0.01,0.006,5.56
2019-11-05,102.244,102.233,102.244,102.225,785583,8031438080.0,0.02,0.00,-0.002,7.05
2019-11-06,102.241,102.25,102.251,102.237,710837,7267958272.0,0.01,0.02,0.017,6.38
2019-11-07,102.258,102.258,102.259,102.253,681386,6967555584.0,0.01,0.01,0.008,6.12
2019-11-08,102.268,102.285,102.287,102.265,757654,7749062912.0,0.02,0.03,0.027,6.80
2019-11-11,102.29,102.305,102.313,102.289,693030,7089627648.0,0.02,0.02,0.020,6.22
2019-11-12,102.309,102.308,102.312,102.298,635147,6497897472.0,0.01,0.00,0.003,5.70
2019-11-13,102.31,102.305,102.31,102.299,601731,6155995904.0,0.01,0.00,-0.003,5.40
2019-11-14,102.31,102.308,102.312,102.303,609061,6231092224.0,0.01,0.00,0.003,5.47
2019-11-15,102.323,102.316,102.327,102.315,602902,6168973824.0,0.01,0.01,0.008,5.41
2019-11-18,102.325,102.328,102.33,102.32,647307,6623585280.0,0.01,0.01,0.012,5.81
2019-11-19,102.333,102.337,102.339,102.331,650125,6652973312.0,0.01,0.01,0.009,5.84
2019-11-20,102.341,102.348,102.352,102.339,601756,6158656512.0,0.01,0.01,0.011,5.40
2019-11-21,102.35,102.347,102.354,102.346,656619,6720612096.0,0.01,0.00,-0.001,5.89
2019-11-22,102.363,102.365,102.366,102.355,781675,8001266176.0,0.01,0.02,0.018,7.02
2019-11-25,102.369,102.37,102.373,102.364,772535,7908378880.0,0.01,0.00,0.005,6.93
2019-11-26,102.378,102.375,102.379,102.371,638317,6534692608.0,0.01,0.00,0.005,5.73
2019-11-27,102.382,102.41,102.415,102.38,823212,8429141504.0,0.03,0.03,0.035,7.39
2019-11-28,102.405,102.396,102.412,102.393,730829,7483716096.0,0.02,-0.01,-0.014,6.56
2019-11-29,102.414,102.419,102.422,102.408,678426,6947932160.0,0.01,0.02,0.023,6.09
2019-12-02,102.421,102.423,102.428,102.412,554223,5676485888.0,0.02,0.00,0.004,4.98
2019-12-03,102.429,102.428,102.435,102.427,666797,6830053632.0,0.01,0.00,0.005,5.99
2019-12-04,102.434,102.435,102.435,102.426,706900,7240824064.0,0.01,0.01,0.007,6.35
2019-12-05,102.44,102.433,102.44,102.431,830681,8509140224.0,0.01,0.00,-0.002,7.46
2019-12-06,102.441,102.446,102.449,102.441,703741,7209472768.0,0.01,0.01,0.013,6.32
2019-12-09,102.458,102.464,102.466,102.453,781746,8009759488.0,0.01,0.02,0.018,7.02
2019-12-10,102.467,102.465,102.471,102.458,664664,6810496512.0,0.01,0.00,0.001,5.97
2019-12-11,102.471,102.468,102.472,102.458,774929,7940252416.0,0.01,0.00,0.003,6.96
2019-12-12,102.474,102.479,102.481,102.467,704950,7223883008.0,0.01,0.01,0.011,6.33
2019-12-13,102.48,102.481,102.486,102.475,754403,7731159296.0,0.01,0.00,0.002,6.77
2019-12-16,102.484,102.5,102.504,102.483,909051,9317059840.0,0.02,0.02,0.019,8.16
2019-12-17,102.5,102.498,102.505,102.481,829663,8503762944.0,0.02,0.00,-0.002,7.45
2019-12-18,102.501,102.506,102.511,102.497,747683,7664008704.0,0.01,0.01,0.008,6.71
2019-12-19,102.51,102.522,102.528,102.508,623661,6393565184.0,0.02,0.02,0.016,5.60
2019-12-20,102.533,102.541,102.542,102.53,632813,6488692736.0,0.01,0.02,0.019,5.68
2019-12-23,102.543,102.559,102.564,102.536,831617,8528522496.0,0.03,0.02,0.018,7.47
2019-12-24,102.561,102.578,102.58,102.56,680751,6982162944.0,0.02,0.02,0.019,6.11
2019-12-25,102.578,102.584,102.586,102.573,1057653,10849038592.0,0.01,0.01,0.006,9.49
2019-12-26,102.584,102.575,102.584,102.571,743236,7623846656.0,0.01,-0.01,-0.009,6.67
2019-12-27,102.585,102.583,102.587,102.576,863614,8859228928.0,0.01,0.01,0.008,7.75
2019-12-30,102.586,102.564,102.589,102.556,934911,9589483776.0,0.03,-0.02,-0.019,8.39
2019-12-31,100.052,100.101,100.104,100.052,584269,5847287552.0,0.05,-2.40,-2.463,5.24
2020-01-02,100.106,100.113,100.116,100.098,707245,7080166912.0,0.02,0.01,0.012,6.35
2020-01-03,100.122,100.148,101.0,100.119,542982,5436875008.0,0.88,0.03,0.035,4.87
2020-01-06,100.147,100.152,100.156,100.139,655013,6559795968.0,0.02,0.00,0.004,5.88
2020-01-07,100.155,100.164,100.168,100.152,504406,5052154624.0,0.02,0.01,0.012,4.53
2020-01-08,100.167,100.176,100.177,100.165,467585,4683781888.0,0.01,0.01,0.012,4.20
2020-01-09,100.173,100.181,100.183,100.17,532310,5332450816.0,0.01,0.00,0.005,4.78
2020-01-10,100.187,100.201,100.203,100.187,419768,4205894080.0,0.02,0.02,0.020,3.77
2020-01-13,100.206,100.209,100.215,100.167,482930,4839360512.0,0.05,0.01,0.008,4.34
2020-01-14,100.211,100.224,100.225,100.204,441981,4429227008.0,0.02,0.01,0.015,3.97
2020-01-15,100.228,100.232,100.234,100.225,377867,3787382800.0,0.01,0.01,0.008,3.39
2020-01-16,100.23,100.234,100.238,100.229,442389,4434219776.0,0.01,0.00,0.002,3.97
2020-01-17,100.241,100.271,100.278,100.241,451517,4526742784.0,0.04,0.04,0.037,4.05
2020-01-20,100.262,100.26,100.276,100.257,562546,5640411136.0,0.02,-0.01,-0.011,5.05
2020-01-21,100.266,100.272,100.303,100.261,645088,6468471040.0,0.04,0.01,0.012,5.79
2020-01-22,100.271,100.302,100.329,100.269,749830,7519872512.0,0.06,0.03,0.030,6.73
2020-01-23,100.333,100.391,100.405,100.333,601375,6036473088.0,0.07,0.09,0.089,5.40
2020-02-03,100.311,100.353,100.359,100.265,849607,8522990848.0,0.09,-0.04,-0.038,7.63
2020-02-04,100.33,100.362,100.366,100.32,1085786,10895457792.0,0.05,0.01,0.009,9.75
2020-02-05,100.362,100.393,100.404,100.362,749026,7518940160.0,0.04,0.03,0.031,6.72
2020-02-06,100.395,100.402,100.409,100.39,820621,8238916096.0,0.02,0.01,0.009,7.37
2020-02-07,100.406,100.425,100.428,100.406,587795,5902339840.0,0.02,0.02,0.023,5.28
2020-02-10,100.427,100.42,100.432,100.408,619146,6217311488.0,0.02,0.00,-0.005,5.56
2020-02-11,100.414,100.41,100.419,100.401,601357,6038554112.0,0.02,-0.01,-0.010,5.40
2020-02-12,100.419,100.416,100.421,100.412,632359,6350021888.0,0.01,0.01,0.006,5.68
2020-02-13,100.422,100.424,100.426,100.417,629347,6320071936.0,0.01,0.01,0.008,5.65
2020-02-14,100.433,100.442,100.443,100.433,611606,6142815744.0,0.01,0.02,0.018,5.49
2020-02-17,100.446,100.434,100.449,100.417,775766,7791928832.0,0.03,-0.01,-0.008,6.96
2020-02-18,100.436,100.453,100.455,100.436,715116,7183083776.0,0.02,0.02,0.019,6.42
2020-02-19,100.461,100.468,100.47,100.456,650329,6533289728.0,0.01,0.01,0.015,5.84
2020-02-20,100.47,100.464,100.475,100.438,801475,8052371968.0,0.04,0.00,-0.004,7.19
2020-02-21,100.477,100.474,100.482,100.463,870683,8748005888.0,0.02,0.01,0.010,7.82
2020-02-24,100.481,100.493,100.495,100.481,770530,7742851072.0,0.01,0.02,0.019,6.92
2020-02-25,100.491,100.497,100.499,100.489,741384,7450441984.0,0.01,0.00,0.004,6.66
2020-02-26,100.5,100.521,100.522,100.499,737480,7412416000.0,0.02,0.02,0.024,6.62
2020-02-27,100.519,100.527,100.544,100.516,672581,6760942848.0,0.03,0.01,0.006,6.04
2020-02-28,100.526,100.58,100.599,100.525,701704,7055396608.0,0.07,0.05,0.053,6.30
2020-03-02,100.561,100.565,100.58,100.545,784134,7885159168.0,0.03,-0.01,-0.015,7.04
2020-03-03,100.549,100.569,100.574,100.549,821472,8260726272.0,0.02,0.00,0.004,7.37
2020-03-04,100.57,100.571,100.576,100.565,845981,8508118784.0,0.01,0.00,0.002,7.59
2020-03-05,100.567,100.571,100.574,100.557,1180149,11868247808.0,0.02,0.00,0.000,10.59
2020-03-06,100.58,100.594,100.598,100.579,801612,8063415040.0,0.02,0.02,0.023,7.20
2020-03-09,100.596,100.606,100.619,100.595,934644,9403097344.0,0.02,0.01,0.012,8.39
2020-03-10,100.6,100.586,100.603,100.576,1109906,11164416512.0,0.03,-0.02,-0.020,9.96
2020-03-11,100.59,100.611,100.615,100.589,952654,9584144128.0,0.03,0.02,0.025,8.55
2020-03-12,100.611,100.621,100.633,100.61,802499,8075023616.0,0.02,0.01,0.010,7.20
2020-03-13,100.617,100.625,100.627,100.605,893224,8987317504.0,0.02,0.00,0.004,8.02
2020-03-16,100.625,100.643,100.65,100.625,929617,9355348992.0,0.02,0.02,0.018,8.34
2020-03-17,100.636,100.651,100.655,100.63,946673,9527210496.0,0.02,0.01,0.008,8.50
2020-03-18,100.646,100.656,100.658,100.645,914513,9204844544.0,0.01,0.00,0.005,8.21
2020-03-19,100.656,100.66,100.663,100.651,1051217,10581276160.0,0.01,0.00,0.004,9.44
2020-03-20,100.66,100.679,100.684,100.659,850278,8560009472.0,0.02,0.02,0.019,7.63
2020-03-23,100.678,100.692,100.694,100.676,923202,9295483648.0,0.02,0.01,0.013,8.29
2020-03-24,100.679,100.681,100.69,100.678,878788,8847925504.0,0.01,-0.01,-0.011,7.89
2020-03-25,100.68,100.682,100.686,100.672,925290,9315831296.0,0.01,0.00,0.001,8.31
2020-03-26,100.689,100.684,100.693,100.68,913479,9197576192.0,0.01,0.00,0.002,8.20
2020-03-27,100.69,100.7,100.703,100.69,945918,9525198592.0,0.01,0.02,0.016,8.49
2020-03-30,100.703,100.698,100.708,100.692,948612,9552648192.0,0.02,0.00,-0.002,8.52
2020-03-31,100.702,100.708,100.709,100.695,755666,7609680384.0,0.01,0.01,0.010,6.78
2020-04-01,100.715,100.718,100.719,100.714,875426,8817005824.0,0.00,0.01,0.010,7.86
2020-04-02,100.72,100.719,100.726,100.716,850805,8569463296.0,0.01,0.00,0.001,7.64
2020-04-03,100.731,100.745,100.746,100.731,858329,8646650368.0,0.01,0.03,0.026,7.71
2020-04-07,100.74,100.746,100.748,100.739,976753,9840084480.0,0.01,0.00,0.001,8.77
2020-04-08,100.752,100.754,100.756,100.748,735023,7405510912.0,0.01,0.01,0.008,6.60
2020-04-09,100.755,100.761,100.764,100.754,739151,7447495680.0,0.01,0.01,0.007,6.64
2020-04-10,100.772,100.781,100.783,100.771,826440,8328506880.0,0.01,0.02,0.020,7.42
2020-04-13,100.781,100.786,100.787,100.779,739992,7457954048.0,0.01,0.00,0.005,6.64
2020-04-14,100.787,100.788,100.792,100.786,693629,6991008512.0,0.01,0.00,0.002,6.23
2020-04-15,100.792,100.787,100.793,100.785,707361,7129534976.0,0.01,0.00,-0.001,6.35
2020-04-16,100.791,100.791,100.793,100.787,761708,7677228032.0,0.01,0.00,0.004,6.84
2020-04-17,100.792,100.791,100.794,100.781,903845,9109897472.0,0.01,0.00,0.000,8.11
2020-04-20,100.797,100.801,100.802,100.797,690933,6964584448.0,0.00,0.01,0.010,6.20
2020-04-21,100.806,100.813,100.815,100.804,728520,7344137216.0,0.01,0.01,0.012,6.54
2020-04-22,100.815,100.819,100.821,100.814,653349,6586785792.0,0.01,0.01,0.006,5.86
2020-04-23,100.819,100.821,100.825,100.819,709525,7153568000.0,0.01,0.00,0.002,6.37
2020-04-24,100.829,100.834,100.837,100.829,664091,6696305408.0,0.01,0.01,0.013,5.96
2020-04-27,100.837,100.838,100.839,100.834,627603,6328495104.0,0.00,0.00,0.004,5.63
2020-04-28,100.84,100.842,100.842,100.837,679334,6850351360.0,0.00,0.00,0.004,6.10
2020-04-29,100.843,100.829,100.845,100.81,900608,9081468160.0,0.03,-0.01,-0.013,8.08
2020-04-30,100.855,100.845,100.867,100.823,1014940,10234362624.0,0.04,0.02,0.016,9.11
2020-05-06,100.831,100.852,100.858,100.814,1056252,10652263936.0,0.04,0.01,0.007,9.48
2020-05-07,100.852,100.864,100.869,100.852,863320,8707646464.0,0.02,0.01,0.012,7.75
2020-05-08,100.88,100.879,100.888,100.875,882179,8899342848.0,0.01,0.01,0.015,7.92
2020-05-11,100.883,100.888,100.892,100.881,791048,7980581888.0,0.01,0.01,0.009,7.10
2020-05-12,100.893,100.901,100.902,100.892,638734,6444624640.0,0.01,0.01,0.013,5.73
2020-05-13,100.903,100.907,100.909,100.902,581301,5865664768.0,0.01,0.01,0.006,5.22
2020-05-14,100.908,100.909,100.911,100.907,569508,5746861568.0,0.00,0.00,0.002,5.11
2020-05-15,100.914,100.919,100.92,100.911,802216,8095533568.0,0.01,0.01,0.010,7.20
2020-05-18,100.924,100.92,100.925,100.917,857726,8656173568.0,0.01,0.00,0.001,7.70
2020-05-19,100.92,100.923,100.926,100.905,833408,8410793472.0,0.02,0.00,0.003,7.48
2020-05-20,100.927,100.928,100.93,100.924,624172,6299607040.0,0.01,0.00,0.005,5.60
2020-05-21,100.932,100.932,100.933,100.93,667720,6739417856.0,0.00,0.00,0.004,5.99
2020-05-22,100.941,100.943,100.95,100.94,798991,8065418496.0,0.01,0.01,0.011,7.17
2020-05-25,100.946,100.949,100.952,100.946,686376,6928882688.0,0.01,0.01,0.006,6.16
2020-05-26,100.954,100.949,100.955,100.948,715828,7226351104.0,0.01,0.00,0.000,6.43
2020-05-27,100.954,100.953,100.957,100.951,724710,7316226560.0,0.01,0.00,0.004,6.51
2020-05-28,100.954,100.951,100.957,100.948,646637,6527944960.0,0.01,0.00,-0.002,5.80
2020-05-29,100.96,100.968,100.97,100.959,674901,6814194432.0,0.01,0.02,0.017,6.06
2020-06-01,100.971,100.966,100.972,100.96,1069827,10801563648.0,0.01,0.00,-0.002,9.60
2020-06-02,100.966,100.973,100.974,100.964,833471,8415532544.0,0.01,0.01,0.007,7.48
2020-06-03,100.973,100.981,100.982,100.973,842906,8511442688.0,0.01,0.01,0.008,7.57
2020-06-04,100.981,100.986,100.99,100.98,621567,6276902144.0,0.01,0.00,0.005,5.58
2020-06-05,100.995,101.005,101.007,100.995,634484,6408449792.0,0.01,0.02,0.019,5.70
2020-06-08,101.0,101.009,101.01,101.0,712419,7195858688.0,0.01,0.00,0.004,6.40
2020-06-09,101.01,101.011,101.013,101.008,649731,6562998784.0,0.00,0.00,0.002,5.83
2020-06-10,101.012,101.006,101.015,101.005,780460,7883459072.0,0.01,0.00,-0.005,7.01
2020-06-11,101.011,101.015,101.02,101.006,901724,9108524800.0,0.01,0.01,0.009,8.09
2020-06-12,101.022,101.029,101.03,101.013,1020266,10306795520.0,0.02,0.01,0.014,9.16
2020-06-15,101.026,101.039,101.041,101.025,805301,8136188672.0,0.02,0.01,0.010,7.23
2020-06-16,101.035,101.033,101.037,101.032,743737,7514312448.0,0.00,-0.01,-0.006,6.68
2020-06-17,101.035,101.035,101.038,101.033,815309,8237517824.0,0.00,0.00,0.002,7.32
2020-06-18,101.039,101.044,101.048,101.038,800730,8090674432.0,0.01,0.01,0.009,7.19
2020-06-19,101.054,101.027,101.06,101.0,1169135,11813565952.0,0.06,-0.02,-0.017,10.50
2020-06-22,101.027,101.041,101.049,101.027,1167725,11798326272.0,0.02,0.01,0.014,10.48
2020-06-23,101.044,101.044,101.05,101.029,938458,9482051584.0,0.02,0.00,0.003,8.42
2020-06-24,101.064,101.081,101.089,101.057,1010246,10210510336.0,0.03,0.04,0.037,9.07
2020-06-29,101.081,101.067,101.081,101.058,1106094,11178745856.0,0.02,-0.01,-0.014,9.93
2020-06-30,101.066,101.072,101.078,101.047,1146065,11582001152.0,0.03,0.00,0.005,10.29
2020-07-01,101.076,101.091,101.093,101.073,1032816,10439728640.0,0.02,0.02,0.019,9.27
2020-07-02,101.085,101.085,101.09,101.058,1078843,10904818944.0,0.03,-0.01,-0.006,9.68
2020-07-03,101.082,101.103,101.12,101.051,1141578,11538626816.0,0.07,0.02,0.018,10.25
2020-07-06,101.07,101.078,101.091,101.052,1404120,14192180992.0,0.04,-0.02,-0.025,12.60
2020-07-07,101.053,101.127,101.129,101.05,1211465,12246660864.0,0.08,0.05,0.049,10.88
2020-07-08,101.12,101.151,101.159,101.1,1008408,10198410496.0,0.06,0.02,0.024,9.05
2020-07-09,101.14,101.157,101.16,101.13,840098,8497175552.0,0.03,0.01,0.006,7.54
2020-07-10,101.148,101.208,101.21,101.148,726687,7351564800.0,0.06,0.05,0.051,6.52
2020-07-13,101.158,101.194,101.2,101.151,854064,8640452608.0,0.05,-0.01,-0.014,7.67
2020-07-14,101.167,101.241,101.25,101.167,921419,9323977984.0,0.08,0.05,0.047,8.27
2020-07-15,101.24,101.282,101.288,101.196,764292,7738151424.0,0.09,0.04,0.041,6.86
2020-07-16,101.22,101.259,101.3,101.217,1029697,10425303552.0,0.08,-0.02,-0.023,9.24
2020-07-17,101.24,101.236,101.25,101.203,1262088,12775739136.0,0.05,-0.02,-0.023,11.33
2020-07-20,101.225,101.199,101.225,101.191,1130725,11443937280.0,0.03,-0.04,-0.037,10.15
2020-07-21,101.192,101.21,101.213,101.191,1056824,10695260928.0,0.02,0.01,0.011,9.49
2020-07-22,101.207,101.196,101.21,101.191,1150356,11641788928.0,0.02,-0.01,-0.014,10.33
2020-07-23,101.204,101.213,101.215,101.192,1038408,10509306880.0,0.02,0.02,0.017,9.32
2020-07-24,101.22,101.229,101.244,101.215,998572,10108436224.0,0.03,0.02,0.016,8.96
2020-07-27,101.221,101.231,101.239,101.216,961512,9733302272.0,0.02,0.00,0.002,8.63
2020-07-28,101.231,101.23,101.236,101.225,917984,9292861440.0,0.01,0.00,-0.001,8.24
2020-07-29,101.235,101.214,101.235,101.209,1293702,13095027968.0,0.03,-0.02,-0.016,11.61
2020-07-30,101.209,101.233,101.238,101.209,977383,9893656064.0,0.03,0.02,0.019,8.77
2020-07-31,101.246,101.241,101.248,101.22,1207264,12221937152.0,0.03,0.01,0.008,10.84
2020-08-03,101.24,101.243,101.247,101.238,1109462,11232381440.0,0.01,0.00,0.002,9.96
2020-08-04,101.246,101.266,101.298,101.244,936172,9479104768.0,0.05,0.02,0.023,8.40
2020-08-05,101.27,101.264,101.271,101.259,828821,8392966144.0,0.01,0.00,-0.002,7.44
2020-08-06,101.269,101.283,101.287,101.264,897830,9092344576.0,0.02,0.02,0.019,8.06
2020-08-07,101.295,101.285,101.499,101.28,925631,9375605504.0,0.22,0.00,0.002,8.31
2020-08-10,101.287,101.291,101.292,101.28,831954,8426426624.0,0.01,0.01,0.006,7.47
2020-08-11,101.29,101.297,101.309,101.286,900468,9121285888.0,0.02,0.01,0.006,8.08
2020-08-12,101.299,101.296,101.308,101.294,785629,7958571008.0,0.01,0.00,-0.001,7.05
2020-08-13,101.301,101.308,101.312,101.298,671729,6804858880.0,0.01,0.01,0.012,6.03
2020-08-14,101.312,101.301,101.317,101.296,818862,8295760384.0,0.02,-0.01,-0.007,7.35
2020-08-17,101.3,101.305,101.308,101.297,1172136,11874045440.0,0.01,0.00,0.004,10.52
2020-08-18,101.31,101.315,101.317,101.304,798098,8085431296.0,0.01,0.01,0.010,7.16
2020-08-19,101.32,101.324,101.33,101.316,820945,8317951488.0,0.01,0.01,0.009,7.37
2020-08-20,101.315,101.343,101.347,101.315,830773,8418193408.0,0.03,0.02,0.019,7.46
2020-08-21,101.344,101.352,101.357,101.342,786339,7969311232.0,0.01,0.01,0.009,7.06
2020-08-24,101.353,101.351,101.356,101.346,811708,8226627584.0,0.01,0.00,-0.001,7.29
2020-08-25,101.352,101.359,101.363,101.35,808288,8192256768.0,0.01,0.01,0.008,7.26
2020-08-26,101.362,101.373,101.376,101.358,852768,8643978752.0,0.02,0.01,0.014,7.66
2020-08-27,101.376,101.369,101.389,101.366,1014397,10283562496.0,0.02,0.00,-0.004,9.11
2020-08-28,101.375,101.36,101.379,101.348,1080286,10950690048.0,0.03,-0.01,-0.009,9.70
2020-08-31,101.369,101.375,101.383,101.348,1202164,12186043136.0,0.03,0.01,0.015,10.79
2020-09-01,101.383,101.389,101.39,101.378,794542,8055431936.0,0.01,0.01,0.014,7.13
2020-09-02,101.39,101.407,101.413,101.388,868130,8802611968.0,0.02,0.02,0.018,7.79
2020-09-03,101.409,101.4,101.416,101.395,857758,8698341376.0,0.02,-0.01,-0.007,7.70
2020-09-04,101.412,101.406,101.414,101.4,1029179,10436720128.0,0.01,0.01,0.006,9.24
2020-09-07,101.411,101.428,101.429,101.411,832181,8439926016.0,0.02,0.02,0.022,7.47
2020-09-08,101.424,101.424,101.43,101.42,987356,10014233344.0,0.01,0.00,-0.004,8.86
2020-09-09,101.433,101.429,101.44,101.425,822993,8347708672.0,0.01,0.00,0.005,7.39
2020-09-10,101.435,101.442,101.443,101.43,885042,8977620224.0,0.01,0.01,0.013,7.94
2020-09-11,101.45,101.456,101.457,101.44,898383,9114009600.0,0.02,0.01,0.014,8.06
2020-09-14,101.453,101.467,101.471,101.452,711515,7218988288.0,0.02,0.01,0.011,6.39
2020-09-15,101.471,101.469,101.478,101.467,859061,8717035008.0,0.01,0.00,0.002,7.71
2020-09-16,101.47,101.471,101.473,101.468,667791,6776121344.0,0.00,0.00,0.002,5.99
2020-09-17,101.473,101.474,101.476,101.458,853213,8657652736.0,0.02,0.00,0.003,7.66
2020-09-18,101.48,101.477,101.483,101.468,1070175,10859928832.0,0.01,0.00,0.003,9.61
2020-09-21,101.48,101.49,101.492,101.477,926799,9405574400.0,0.01,0.01,0.013,8.32
2020-09-22,101.496,101.516,101.518,101.485,1067032,10829959936.0,0.03,0.03,0.026,9.58
2020-09-23,101.505,101.524,101.54,101.504,912247,9261066752.0,0.04,0.01,0.008,8.19
2020-09-24,101.524,101.52,101.531,101.513,1048874,10648206848.0,0.02,0.00,-0.004,9.42
2020-09-25,101.528,101.534,101.543,101.517,1264120,12834375168.0,0.03,0.01,0.014,11.35
2020-09-28,101.535,101.543,101.545,101.529,1291822,13116885504.0,0.02,0.01,0.009,11.60
2020-09-29,101.543,101.559,101.571,101.537,1137731,11553486080.0,0.03,0.02,0.016,10.21
2020-09-30,101.59,101.621,101.638,101.581,1200997,12203116288.0,0.06,0.06,0.062,10.78
2020-10-09,101.608,101.624,101.632,101.59,1267736,12880746752.0,0.04,0.00,0.003,11.38
2020-10-12,101.618,101.616,101.623,101.613,1342051,13637494528.0,0.01,-0.01,-0.008,12.05
2020-10-13,101.618,101.615,101.623,101.611,999767,10159645952.0,0.01,0.00,-0.001,8.97
2020-10-14,101.625,101.635,101.637,101.622,1076428,10939568640.0,0.01,0.02,0.020,9.66
2020-10-15,101.635,101.636,101.639,101.632,868085,8822867712.0,0.01,0.00,0.001,7.79
2020-10-16,101.65,101.662,101.668,101.644,1011446,10281929728.0,0.02,0.03,0.026,9.08
2020-10-19,101.668,101.672,101.679,101.662,1012613,10295125760.0,0.02,0.01,0.010,9.09
2020-10-20,101.68,101.677,101.685,101.669,1009344,10262679040.0,0.02,0.00,0.005,9.06
2020-10-21,101.679,101.68,101.689,101.674,1050098,10677180160.0,0.01,0.00,0.003,9.43
2020-10-22,101.69,101.681,101.69,101.678,985277,10018579456.0,0.01,0.00,0.001,8.84
2020-10-23,101.691,101.682,101.696,101.677,1052444,10702388736.0,0.02,0.00,0.001,9.45
2020-10-26,101.696,101.689,101.698,101.686,1083885,11022252032.0,0.01,0.01,0.007,9.73
2020-10-27,101.695,101.695,101.699,101.69,1000821,10177822208.0,0.01,0.01,0.006,8.98
2020-10-28,101.708,101.701,101.708,101.695,1034652,10522275328.0,0.01,0.01,0.006,9.29
2020-10-29,101.701,101.711,101.713,101.693,1332104,13547439104.0,0.02,0.01,0.010,11.96
2020-10-30,101.723,101.734,101.744,101.719,1154040,11739820032.0,0.02,0.02,0.023,10.36
2020-11-02,101.742,101.763,101.766,101.739,989276,10065760000.0,0.03,0.03,0.029,8.88
2020-11-03,101.762,101.752,101.762,101.745,1172913,11934423808.0,0.02,-0.01,-0.011,10.53
2020-11-04,101.755,101.781,101.788,101.752,1192802,12138470400.0,0.04,0.03,0.029,10.71
2020-11-05,101.768,101.774,101.778,101.754,1311346,13345573120.0,0.02,-0.01,-0.007,11.77
2020-11-06,101.795,101.8,101.804,101.78,1100945,11206474240.0,0.02,0.03,0.026,9.88
2020-11-09,101.791,101.789,101.795,101.779,1636312,16655611136.0,0.02,-0.01,-0.011,14.69
2020-11-10,101.785,101.814,101.823,101.783,1567833,15960443904.0,0.04,0.02,0.025,14.07
2020-11-11,101.81,101.835,101.836,101.808,1163934,11851780352.0,0.03,0.02,0.021,10.45
2020-11-12,101.84,101.851,101.853,101.823,1053168,10725487360.0,0.03,0.02,0.016,9.45
2020-11-13,101.85,101.841,101.859,101.839,1233995,12568343296.0,0.02,-0.01,-0.010,11.08
2020-11-16,101.841,101.825,101.845,101.815,1141829,11628189440.0,0.03,-0.02,-0.016,10.25
2020-11-17,101.837,101.84,101.846,101.832,1312862,13370328320.0,0.01,0.01,0.015,11.79
2020-11-18,101.841,101.841,101.847,101.836,1235418,12581633024.0,0.01,0.00,0.001,11.09
2020-11-19,101.847,101.838,101.852,101.835,1187718,12096327936.0,0.02,0.00,-0.003,10.66
2020-11-20,101.855,101.85,101.858,101.847,1211756,12342172416.0,0.01,0.01,0.012,10.88
2020-11-23,101.858,101.859,101.863,101.85,1400005,14260206848.0,0.01,0.01,0.009,12.57
2020-11-24,101.866,101.868,101.869,101.861,1265939,12895446016.0,0.01,0.01,0.009,11.36
2020-11-25,101.871,101.883,101.89,101.869,1476275,15039949824.0,0.02,0.01,0.015,13.25
2020-11-26,101.887,101.884,101.889,101.878,1301021,13255396352.0,0.01,0.00,0.001,11.68
2020-11-27,101.895,101.896,101.906,101.881,1326000,13511994368.0,0.02,0.01,0.012,11.90
2020-11-30,101.906,101.913,101.914,101.86,1674431,17062406144.0,0.05,0.02,0.017,15.03
2020-12-01,101.915,101.912,101.918,101.911,1518203,15472663808.0,0.01,0.00,-0.001,13.63
2020-12-02,101.913,101.92,101.924,101.913,1381487,14079830784.0,0.01,0.01,0.008,12.40
2020-12-03,101.926,101.933,101.935,101.92,1578313,16087361536.0,0.01,0.01,0.013,14.17
2020-12-04,101.946,101.96,101.977,101.941,1284079,13091700736.0,0.04,0.03,0.027,11.53
2020-12-07,101.96,101.966,101.971,101.957,1388669,14159290112.0,0.01,0.01,0.006,12.47
2020-12-08,101.966,101.969,101.977,101.965,1279393,13045905408.0,0.01,0.00,0.003,11.48
2020-12-09,101.976,101.97,101.976,101.966,1386940,14142790656.0,0.01,0.00,0.001,12.45
2020-12-10,101.978,101.973,101.979,101.971,1210713,12346327808.0,0.01,0.00,0.003,10.87
2020-12-11,101.991,101.994,101.997,101.981,1311641,13377399552.0,0.02,0.02,0.021,11.77
2020-12-14,102.001,102.003,102.007,101.999,1177341,12009270016.0,0.01,0.01,0.009,10.57
2020-12-15,102.006,102.014,102.017,102.004,1383690,14114978304.0,0.01,0.01,0.011,12.42
2020-12-16,102.017,102.018,102.02,102.015,1314398,13409185024.0,0.00,0.00,0.004,11.80
2020-12-17,102.022,101.99,102.023,101.981,1700885,17349412608.0,0.04,-0.03,-0.028,15.27
2020-12-18,102.0,102.016,102.021,101.977,1454809,14839602944.0,0.04,0.03,0.026,13.06
2020-12-21,102.032,102.023,102.034,102.006,1400046,14283211776.0,0.03,0.01,0.007,12.57
2020-12-22,102.023,102.05,102.058,102.013,1545628,15771690752.0,0.04,0.03,0.027,13.87
2020-12-23,102.052,102.059,102.063,102.045,1520495,15517537280.0,0.02,0.01,0.009,13.65
2020-12-24,102.061,102.077,102.083,102.054,1425186,14546280192.0,0.03,0.02,0.018,12.79
2020-12-25,102.09,102.081,102.09,102.072,1127330,11507881472.0,0.02,0.00,0.004,10.12
2020-12-28,102.087,102.09,102.098,102.073,1528428,15602951424.0,0.02,0.01,0.009,13.72
2020-12-29,102.087,102.104,102.108,102.084,1387362,14163961600.0,0.02,0.01,0.014,12.45
2020-12-30,102.109,102.098,102.113,102.083,1397073,14263568128.0,0.03,-0.01,-0.006,12.54
2020-12-31,100.119,100.135,100.138,100.103,1244049,12455094784.0,0.03,-1.92,-1.963,11.17
2021-01-04,100.136,100.144,100.145,100.127,1130227,11317587712.0,0.02,0.01,0.009,10.15
2021-01-05,100.149,100.16,100.165,100.141,1158491,11602632960.0,0.02,0.02,0.016,10.40
2021-01-06,100.16,100.201,100.202,100.156,941343,9429893376.0,0.05,0.04,0.041,8.45
2021-01-07,100.198,100.223,100.224,100.191,824072,8258134272.0,0.03,0.02,0.022,7.40
2021-01-08,100.21,100.217,100.219,100.176,1226735,12291471872.0,0.04,-0.01,-0.006,11.01
2021-01-11,100.211,100.211,100.222,100.194,987182,9892033792.0,0.03,-0.01,-0.006,8.86
2021-01-12,100.208,100.228,100.248,100.199,970497,9725446400.0,0.05,0.02,0.017,8.71
2021-01-13,100.215,100.21,100.229,100.207,1151123,11536034048.0,0.02,-0.02,-0.018,10.33
2021-01-14,100.21,100.209,100.215,100.207,1221455,12240380672.0,0.01,0.00,-0.001,10.96
2021-01-15,100.211,100.228,100.23,100.21,1268022,12708083456.0,0.02,0.02,0.019,11.38
2021-01-18,100.229,100.239,100.24,100.226,1423615,14269449216.0,0.01,0.01,0.011,12.78
2021-01-19,100.239,100.236,100.242,100.234,1115794,11184507136.0,0.01,0.00,-0.003,10.02
2021-01-20,100.244,100.245,100.251,100.241,1052860,10554475008.0,0.01,0.01,0.009,9.45
2021-01-21,100.25,100.246,100.25,100.238,1443304,14468315648.0,0.01,0.00,0.001,12.96
2021-01-22,100.26,100.269,100.272,100.259,863500,8658054144.0,0.01,0.02,0.023,7.75
2021-01-25,100.274,100.273,100.276,100.268,1156394,11595387392.0,0.01,0.00,0.004,10.38
2021-01-26,100.278,100.276,100.28,100.265,1129520,11326269952.0,0.01,0.00,0.003,10.14
2021-01-27,100.281,100.279,100.284,100.272,1021112,10239513600.0,0.01,0.00,0.003,9.17
2021-01-28,100.275,100.275,100.284,100.271,1321368,13250298880.0,0.01,0.00,-0.004,11.86
2021-01-29,100.293,100.305,100.307,100.271,1334360,13381545728.0,0.04,0.03,0.030,11.98
2021-02-01,100.31,100.314,100.316,100.303,1042306,10455330560.0,0.01,0.01,0.009,9.36
2021-02-02,100.319,100.327,100.331,100.315,1094791,10983213568.0,0.02,0.01,0.013,9.83
2021-02-03,100.333,100.349,100.356,100.329,911134,9142396928.0,0.03,0.02,0.022,8.18
2021-02-04,100.346,100.352,100.355,100.345,1067077,10708219392.0,0.01,0.00,0.003,9.58
2021-02-05,100.36,100.38,100.384,100.354,1328396,13332433920.0,0.03,0.03,0.028,11.92
2021-02-08,100.379,100.377,100.391,100.373,1176596,11810723072.0,0.02,0.00,-0.003,10.56
2021-02-09,100.38,100.399,100.405,100.373,1182170,11867674368.0,0.03,0.02,0.022,10.61
2021-02-10,100.411,100.449,100.47,100.41,1125128,11301942272.0,0.06,0.05,0.050,10.10
2021-02-18,100.433,100.445,100.448,100.427,1783288,17910462720.0,0.02,0.00,-0.004,16.01
2021-02-19,100.448,100.461,100.473,100.446,1325354,13314436352.0,0.03,0.02,0.016,11.90
2021-02-22,100.46,100.464,100.468,100.46,1246249,12520402688.0,0.01,0.00,0.003,11.19
2021-02-23,100.469,100.488,100.492,100.466,1270371,12763806464.0,0.03,0.02,0.024,11.40
2021-02-24,100.487,100.488,100.502,100.478,1227223,12332329728.0,0.02,0.00,0.000,11.02
2021-02-25,100.491,100.497,100.5,100.485,1187744,11935673088.0,0.01,0.01,0.009,10.66
2021-02-26,100.503,100.506,100.519,100.497,1234221,12404868864.0,0.02,0.01,0.009,11.08
2021-03-01,100.507,100.518,100.524,100.504,1135787,11415738368.0,0.02,0.01,0.012,10.20
2021-03-02,100.517,100.533,100.537,100.515,1264075,12707152384.0,0.02,0.01,0.015,11.35
2021-03-03,100.533,100.547,100.548,100.532,1270523,12773824768.0,0.02,0.01,0.014,11.41
2021-03-04,100.551,100.521,100.552,100.513,1376757,13842263552.0,0.04,-0.03,-0.026,12.36
2021-03-05,100.541,100.544,100.548,100.537,1386595,13941188096.0,0.01,0.02,0.023,12.45
2021-03-08,100.545,100.55,100.556,100.545,1327539,13348460288.0,0.01,0.01,0.006,11.92
2021-03-09,100.551,100.551,100.554,100.521,1832506,18424934912.0,0.03,0.00,0.001,16.45
2021-03-10,100.554,100.561,100.564,100.534,1700483,17098632960.0,0.03,0.01,0.010,15.26
2021-03-11,100.561,100.568,100.569,100.557,1460573,14688335616.0,0.01,0.01,0.007,13.11
2021-03-12,100.574,100.587,100.59,100.574,1076416,10826829312.0,0.02,0.02,0.019,9.66
2021-03-15,100.587,100.618,100.621,100.585,1104807,11113596416.0,0.04,0.03,0.031,9.92
2021-03-16,100.608,100.606,100.62,100.6,1080779,10873454848.0,0.02,-0.01,-0.012,9.70
2021-03-17,100.608,100.6,100.609,100.594,1200180,12073661952.0,0.01,-0.01,-0.006,10.77
2021-03-18,100.603,100.599,100.607,100.59,1281524,12892234240.0,0.02,0.00,-0.001,11.50
2021-03-19,100.612,100.616,100.625,100.61,1196494,12038757632.0,0.01,0.02,0.017,10.74
2021-03-22,100.623,100.627,100.632,100.621,1401408,14101954560.0,0.01,0.01,0.011,12.58
2021-03-23,100.633,100.635,100.637,100.631,1264385,12724091136.0,0.01,0.01,0.008,11.35
2021-03-24,100.638,100.641,100.645,100.636,1266417,12745277440.0,0.01,0.01,0.006,11.37
2021-03-25,100.644,100.643,100.646,100.636,1279975,12881925888.0,0.01,0.00,0.002,11.49
2021-03-26,100.654,100.651,100.658,100.52,1297339,13057805312.0,0.14,0.01,0.008,11.65
2021-03-29,100.661,100.658,100.663,100.649,1627235,16379214336.0,0.01,0.01,0.007,14.61
2021-03-30,100.661,100.658,100.665,100.653,1661533,16725440512.0,0.01,0.00,0.000,14.92
2021-03-31,100.664,100.682,100.684,100.662,1265468,12739803904.0,0.02,0.02,0.024,11.36
2021-04-01,100.682,100.69,100.693,100.681,1171433,11794944768.0,0.01,0.01,0.008,10.52
2021-04-02,100.706,100.708,100.711,100.7,1339086,13485389824.0,0.01,0.02,0.018,12.02
2021-04-06,100.714,100.716,100.718,100.708,1504508,15152548096.0,0.01,0.01,0.008,13.51
2021-04-07,100.719,100.725,100.727,100.719,1600086,16116599296.0,0.01,0.01,0.009,14.36
2021-04-08,100.73,100.725,100.73,100.723,1326205,13358542336.0,0.01,0.00,0.000,11.91
2021-04-09,100.738,100.745,100.748,100.737,1173277,11819883264.0,0.01,0.02,0.020,10.53
2021-04-12,100.751,100.757,100.767,100.749,1685069,16977613568.0,0.02,0.01,0.012,15.13
2021-04-13,100.76,100.762,100.763,100.759,1291016,13008338688.0,0.00,0.00,0.005,11.59
2021-04-14,100.764,100.767,100.769,100.762,1303475,13134401024.0,0.01,0.00,0.005,11.70
2021-04-15,100.768,100.779,100.782,100.768,1284082,12939805696.0,0.01,0.01,0.012,11.53
2021-04-16,100.785,100.783,100.787,100.782,1028063,10361319680.0,0.00,0.00,0.004,9.23
2021-04-19,100.789,100.782,100.791,100.779,1383553,13943949312.0,0.01,0.00,-0.001,12.42
2021-04-20,100.782,100.796,100.798,100.781,2331823,23501621504.0,0.02,0.01,0.014,20.93
2021-04-21,100.798,100.8,100.804,100.797,1115834,11247644416.0,0.01,0.00,0.004,10.02
2021-04-22,100.802,100.807,100.808,100.802,1076330,10849824256.0,0.01,0.01,0.007,9.66
2021-04-23,100.819,100.821,100.825,100.817,888225,8955200000.0,0.01,0.01,0.014,7.97
2021-04-26,100.818,100.822,100.824,100.815,1226182,12362309888.0,0.01,0.00,0.001,11.01
2021-04-27,100.825,100.828,100.832,100.823,1231732,12419079936.0,0.01,0.01,0.006,11.06
2021-04-28,100.831,100.832,100.838,100.829,1195303,12052515072.0,0.01,0.00,0.004,10.73
2021-04-29,100.835,100.857,100.858,100.833,1368899,13804139520.0,0.02,0.02,0.025,12.29
2021-04-30,100.87,100.879,100.884,100.87,1406041,14183741696.0,0.01,0.02,0.022,12.62
2021-05-06,100.881,100.876,100.882,100.873,1547459,15610317312.0,0.01,0.00,-0.003,13.89
2021-05-07,100.89,100.896,100.898,100.887,1074601,10842134272.0,0.01,0.02,0.020,9.65
2021-05-10,100.9,100.906,100.907,100.9,1461129,14743500800.0,0.01,0.01,0.010,13.12
2021-05-11,100.911,100.917,100.919,100.911,1745132,17610838272.0,0.01,0.01,0.011,15.67
2021-05-12,100.915,100.921,100.922,100.914,1367064,13796083968.0,0.01,0.00,0.004,12.27
2021-05-13,100.925,100.923,100.927,100.922,1246725,12582609920.0,0.00,0.00,0.002,11.19
2021-05-14,100.936,100.909,100.938,100.905,1456256,14698325248.0,0.03,-0.01,-0.014,13.07
2021-05-17,100.934,100.93,100.935,100.91,1520446,15345217536.0,0.02,0.02,0.021,13.65
2021-05-18,100.934,100.948,100.949,100.928,1817825,18349171200.0,0.02,0.02,0.018,16.32
2021-05-19,100.955,100.956,100.958,100.951,1892566,19106446592.0,0.01,0.01,0.008,16.99
2021-05-20,100.962,100.954,100.963,100.95,1005374,10149859328.0,0.01,0.00,-0.002,9.03
2021-05-21,100.96,100.972,100.974,100.956,1340912,13538244352.0,0.02,0.02,0.018,12.04
2021-05-24,100.974,100.984,100.985,100.97,1117746,11286659584.0,0.01,0.01,0.012,10.03
2021-05-25,100.985,100.965,100.986,100.948,1425594,14394216448.0,0.04,-0.02,-0.019,12.80
2021-05-26,100.96,100.989,100.991,100.959,1101941,11127190272.0,0.03,0.02,0.024,9.89
2021-05-27,100.991,100.986,100.993,100.981,1068661,10792199168.0,0.01,0.00,-0.003,9.59
2021-05-28,101.0,101.006,101.01,100.993,1055402,10659433472.0,0.02,0.02,0.020,9.47
2021-05-31,101.007,101.006,101.012,101.003,886606,8955368704.0,0.01,0.00,0.000,7.96
2021-06-01,101.011,101.017,101.023,101.008,1238725,12512990464.0,0.01,0.01,0.011,11.12
2021-06-02,101.02,101.027,101.03,101.015,1602609,16190176512.0,0.01,0.01,0.010,14.39
2021-06-03,101.027,101.032,101.039,101.025,1249044,12618900992.0,0.01,0.00,0.005,11.21
2021-06-04,101.04,101.053,101.057,101.04,1240994,12539673600.0,0.02,0.02,0.021,11.14
2021-06-07,101.053,101.061,101.063,101.051,1279201,12927149056.0,0.01,0.01,0.008,11.48
2021-06-08,101.063,101.072,101.077,101.061,1205473,12183193856.0,0.02,0.01,0.011,10.82
2021-06-09,101.069,101.065,101.07,101.062,1169589,11820489216.0,0.01,-0.01,-0.007,10.50
2021-06-10,101.065,101.067,101.069,101.056,1501087,15170897920.0,0.01,0.00,0.002,13.47
2021-06-11,101.08,101.085,101.089,101.076,1522692,15391591936.0,0.01,0.02,0.018,13.67
2021-06-15,101.087,101.1,101.102,101.087,1416709,14321865216.0,0.01,0.01,0.015,12.72
2021-06-16,101.101,101.115,101.117,101.097,1483944,15003079680.0,0.02,0.01,0.015,13.32
2021-06-17,101.107,101.132,101.142,101.107,1409103,14248455168.0,0.03,0.02,0.017,12.65
2021-06-18,101.127,101.134,101.148,101.126,1149954,11629862912.0,0.02,0.00,0.002,10.32
2021-06-21,101.133,101.132,101.136,101.131,1264310,12786362880.0,0.00,0.00,-0.002,11.35
2021-06-22,101.135,101.134,101.139,101.132,1090238,11026141440.0,0.01,0.00,0.002,9.79
2021-06-23,101.136,101.14,101.143,101.135,1127469,11403077632.0,0.01,0.01,0.006,10.12
2021-06-24,101.143,101.151,101.153,101.142,1210069,12239555328.0,0.01,0.01,0.011,10.86
2021-06-25,101.16,101.162,101.167,101.154,1313953,13292205824.0,0.01,0.01,0.011,11.80
2021-06-28,101.163,101.156,101.171,101.15,1464568,14816256512.0,0.02,-0.01,-0.006,13.15
2021-06-29,101.161,101.178,101.179,101.159,1953493,19762811392.0,0.02,0.02,0.022,17.54
2021-06-30,101.184,101.192,101.195,101.174,2122683,21477978368.0,0.02,0.01,0.014,19.05
2021-07-01,101.194,101.224,101.23,101.191,998846,10108379136.0,0.04,0.03,0.032,8.97
2021-07-02,101.226,101.222,101.229,101.216,1008171,10205145600.0,0.01,0.00,-0.002,9.05
2021-07-05,101.223,101.23,101.232,101.219,1010035,10224104704.0,0.01,0.01,0.008,9.07
2021-07-06,101.23,101.234,101.235,101.226,1072044,10852248576.0,0.01,0.00,0.004,9.62
2021-07-07,101.231,101.236,101.24,101.23,1039422,10522474240.0,0.01,0.00,0.002,9.33
2021-07-08,101.237,101.245,101.25,101.236,1040712,10536368896.0,0.01,0.01,0.009,9.34
2021-07-09,101.253,101.258,101.261,101.25,1054846,10680924160.0,0.01,0.01,0.013,9.47
2021-07-12,101.259,101.261,101.266,101.256,1160951,11755840768.0,0.01,0.00,0.003,10.42
2021-07-13,101.264,101.27,101.271,101.264,1106515,11205353216.0,0.01,0.01,0.009,9.93
2021-07-14,101.273,101.296,101.3,101.27,1131366,11458253056.0,0.03,0.03,0.026,10.16
2021-07-15,101.284,101.276,101.284,101.27,1444076,14625348864.0,0.01,-0.02,-0.020,12.96
2021-07-16,101.285,101.298,101.304,101.285,1265196,12815691776.0,0.02,0.02,0.022,11.36
2021-07-19,101.296,101.303,101.306,101.296,1118809,11333741056.0,0.01,0.00,0.005,10.04
2021-07-20,101.305,101.304,101.308,101.301,1266208,12827364096.0,0.01,0.00,0.001,11.37
2021-07-21,101.306,101.31,101.312,101.305,1070685,10846958336.0,0.01,0.01,0.006,9.61
2021-07-22,101.318,101.311,101.32,101.305,1421533,14402351616.0,0.01,0.00,0.001,12.76
2021-07-23,101.329,101.32,101.33,101.315,1377660,13958838016.0,0.01,0.01,0.009,12.37
2021-07-26,101.326,101.334,101.338,101.323,1643099,16649193728.0,0.01,0.01,0.014,14.75
2021-07-27,101.339,101.342,101.345,101.336,1481800,15016405504.0,0.01,0.01,0.008,13.30
2021-07-28,101.339,101.348,101.35,101.293,1753994,17773020416.0,0.06,0.01,0.006,15.75
2021-07-29,101.333,101.349,101.356,101.332,1395092,14138257152.0,0.02,0.00,0.001,12.52
2021-07-30,101.361,101.385,101.395,101.358,1704573,17278565376.0,0.04,0.04,0.036,15.30
2021-08-02,101.38,101.374,101.382,101.371,1499219,15198669056.0,0.01,-0.01,-0.011,13.46
2021-08-03,101.377,101.395,101.405,101.377,1141730,11575504640.0,0.03,0.02,0.021,10.25
2021-08-04,101.393,101.389,101.402,101.387,1329046,13475503104.0,0.01,-0.01,-0.006,11.93
2021-08-05,101.395,101.404,101.406,101.393,1311507,13298510592.0,0.01,0.01,0.015,11.77
2021-08-06,101.41,101.434,101.439,101.408,1204443,12215329024.0,0.03,0.03,0.030,10.81
2021-08-09,101.426,101.431,101.433,101.421,1032400,10471141376.0,0.01,0.00,-0.003,9.27
2021-08-10,101.43,101.428,101.431,101.425,1162944,11795598336.0,0.01,0.00,-0.003,10.44
2021-08-11,101.431,101.437,101.44,101.43,1143019,11594182144.0,0.01,0.01,0.009,10.26
2021-08-12,101.44,101.462,101.464,101.438,1068865,10843353344.0,0.03,0.02,0.025,9.59
2021-08-13,101.456,101.463,101.469,101.454,1047353,10626516992.0,0.01,0.00,0.001,9.40
2021-08-16,101.459,101.459,101.467,101.455,1047891,10631927040.0,0.01,0.00,-0.004,9.41
2021-08-17,101.463,101.464,101.468,101.462,1388063,14084079872.0,0.01,0.00,0.005,12.46
2021-08-18,101.464,101.467,101.47,101.462,1451294,14725881856.0,0.01,0.00,0.003,13.03
2021-08-19,101.473,101.47,101.474,101.466,1600092,16236406272.0,0.01,0.00,0.003,14.36
2021-08-20,101.483,101.49,101.501,101.482,1380741,14013116160.0,0.02,0.02,0.020,12.39
2021-08-23,101.49,101.482,101.491,101.479,1260950,12796877056.0,0.01,-0.01,-0.008,11.32
2021-08-24,101.486,101.484,101.49,101.473,1694263,17193780736.0,0.02,0.00,0.002,15.21
2021-08-25,101.487,101.5,101.501,101.484,1427747,14490686720.0,0.02,0.02,0.016,12.82
2021-08-26,101.503,101.506,101.509,101.495,1306889,13265303040.0,0.01,0.01,0.006,11.73
2021-08-27,101.518,101.513,101.523,101.505,999823,10150072576.0,0.02,0.01,0.007,8.98
2021-08-30,101.521,101.52,101.522,101.514,1366272,13870047488.0,0.01,0.01,0.007,12.26
2021-08-31,101.523,101.535,101.536,101.521,1246021,12650792960.0,0.01,0.01,0.015,11.19
2021-09-01,101.542,101.549,101.552,101.538,1269102,12887079424.0,0.01,0.01,0.014,11.39
2021-09-02,101.545,101.556,101.56,101.545,898094,9120319232.0,0.01,0.01,0.007,8.06
2021-09-03,101.557,101.584,101.59,101.556,1347439,13685510144.0,0.03,0.03,0.028,12.10
2021-09-06,101.581,101.576,101.581,101.572,1272629,12926870528.0,0.01,-0.01,-0.008,11.42
2021-09-07,101.578,101.584,101.589,101.578,1457337,14804055552.0,0.01,0.01,0.008,13.08
2021-09-08,101.586,101.587,101.589,101.584,1333389,13545398272.0,0.00,0.00,0.003,11.97
2021-09-09,101.589,101.594,101.598,101.587,1775780,18040502784.0,0.01,0.01,0.007,15.94
2021-09-10,101.6,101.607,101.611,101.599,1334144,13555760128.0,0.01,0.01,0.013,11.98
2021-09-13,101.61,101.607,101.613,101.602,1716793,17444430592.0,0.01,0.00,0.000,15.41
2021-09-14,101.611,101.623,101.625,101.611,1690973,17183414528.0,0.01,0.02,0.016,15.18
2021-09-15,101.634,101.625,101.634,101.623,1492783,15170730496.0,0.01,0.00,0.002,13.40
2021-09-16,101.63,101.633,101.637,101.628,1587625,16135412224.0,0.01,0.01,0.008,14.25
2021-09-17,101.654,101.66,101.669,101.639,2150564,21860422400.0,0.03,0.03,0.027,19.31
2021-09-22,101.66,101.655,101.663,101.654,1505223,15301752832.0,0.01,0.00,-0.005,13.51
2021-09-23,101.658,101.661,101.664,101.656,1595401,16218928128.0,0.01,0.01,0.006,14.32
2021-09-24,101.67,101.678,101.681,101.67,2009554,20432193536.0,0.01,0.02,0.017,18.04
2021-09-27,101.684,101.682,101.687,101.675,1596386,16232546560.0,0.01,0.00,0.004,14.33
2021-09-28,101.68,101.702,101.703,101.672,1491049,15162098688.0,0.03,0.02,0.020,13.38
2021-09-29,101.7,101.721,101.745,101.68,1655105,16832377600.0,0.06,0.02,0.019,14.86
2021-09-30,101.742,101.791,101.799,101.742,1603145,16314258432.0,0.06,0.07,0.070,14.39
2021-10-08,101.77,101.773,101.78,101.769,1419046,14442214912.0,0.01,-0.02,-0.018,12.74
2021-10-11,101.774,101.779,101.782,101.77,1558950,15866191360.0,0.01,0.01,0.006,13.99
2021-10-12,101.781,101.791,101.797,101.779,1254949,12773527040.0,0.02,0.01,0.012,11.27
2021-10-13,101.794,101.804,101.808,101.791,1237449,12596845568.0,0.02,0.01,0.013,11.11
2021-10-14,101.802,101.828,101.83,101.8,1262343,12851824384.0,0.03,0.02,0.024,11.33
2021-10-15,101.826,101.834,101.835,101.822,1209393,12314785536.0,0.01,0.01,0.006,10.86
2021-10-18,101.83,101.817,101.832,101.806,1399023,14245456128.0,0.03,-0.02,-0.017,12.56
2021-10-19,101.819,101.812,101.822,101.805,1150145,11710423808.0,0.02,0.00,-0.005,10.32
2021-10-20,101.818,101.826,101.829,101.816,1403335,14288974848.0,0.01,0.01,0.014,12.60
2021-10-21,101.829,101.828,101.834,101.827,1219554,12418853120.0,0.01,0.00,0.002,10.95
2021-10-22,101.842,101.845,101.852,101.839,1363695,13888646400.0,0.01,0.02,0.017,12.24
2021-10-25,101.847,101.855,101.857,101.847,1687032,17182834944.0,0.01,0.01,0.010,15.14
2021-10-26,101.857,101.862,101.863,101.856,1487329,15149895424.0,0.01,0.01,0.007,13.35
2021-10-27,101.862,101.876,101.881,101.861,1155119,11766734848.0,0.02,0.01,0.014,10.37
2021-10-28,101.872,101.858,101.877,101.6,1128052,11491439360.0,0.27,-0.02,-0.018,10.13
2021-10-29,101.876,101.878,101.883,101.875,1349989,13753501952.0,0.01,0.02,0.020,12.12
2021-11-01,101.881,101.882,101.886,101.88,1294863,13192528896.0,0.01,0.00,0.004,11.62
2021-11-02,101.891,101.89,101.893,101.885,1481007,15089869824.0,0.01,0.01,0.008,13.29
2021-11-03,101.894,101.896,101.898,101.892,1166993,11891096576.0,0.01,0.01,0.006,10.48
2021-11-04,101.901,101.903,101.907,101.9,1920323,19568709120.0,0.01,0.01,0.007,17.24
2021-11-05,101.917,101.911,101.918,101.9,1318226,13434164224.0,0.02,0.01,0.008,11.83
2021-11-08,101.926,101.919,101.928,101.915,1614426,16454093568.0,0.01,0.01,0.008,14.49
2021-11-09,101.925,101.929,101.931,101.921,1392491,14193122560.0,0.01,0.01,0.010,12.50
2021-11-10,101.935,101.944,101.948,101.933,1377123,14038399232.0,0.01,0.01,0.015,12.36
2021-11-11,101.948,101.937,101.949,101.933,1089586,11107710976.0,0.02,-0.01,-0.007,9.78
2021-11-12,101.953,101.944,101.953,101.933,1512826,15423167744.0,0.02,0.01,0.007,13.58
2021-11-15,101.956,101.958,101.961,101.953,1075213,10962621952.0,0.01,0.01,0.014,9.65
2021-11-16,101.967,101.97,101.973,101.965,1184322,12076359936.0,0.01,0.01,0.012,10.63
2021-11-17,101.974,101.977,101.979,101.973,1197114,12207604992.0,0.01,0.01,0.007,10.75
2021-11-18,101.978,101.99,102.012,101.977,1284456,13099150848.0,0.03,0.01,0.013,11.53
2021-11-19,101.998,101.994,102.0,101.989,1319012,13453216768.0,0.01,0.00,0.004,11.84
2021-11-22,101.998,101.999,102.0,101.996,1305594,13316789504.0,0.00,0.00,0.005,11.72
2021-11-23,102.003,102.005,102.007,102.002,1042089,10629771520.0,0.00,0.01,0.006,9.35
2021-11-24,102.007,102.01,102.011,102.007,1170607,11941204992.0,0.00,0.00,0.005,10.51
2021-11-25,102.016,102.018,102.019,102.015,938411,9573414144.0,0.00,0.01,0.008,8.42
2021-11-26,102.029,102.033,102.037,102.025,1251761,12771540992.0,0.01,0.01,0.015,11.24
2021-11-29,102.036,102.022,102.037,102.018,1476651,15066111744.0,0.02,-0.01,-0.011,13.26
2021-11-30,102.025,102.036,102.04,102.018,1756459,17920971520.0,0.02,0.01,0.014,15.77
2021-12-01,102.042,102.054,102.056,102.04,1707358,17423562496.0,0.02,0.02,0.018,15.33
2021-12-02,102.051,102.057,102.06,102.049,1369820,13979900928.0,0.01,0.00,0.003,12.30
2021-12-03,102.073,102.069,102.073,102.066,1208486,12335024128.0,0.01,0.01,0.012,10.85
2021-12-06,102.078,102.082,102.084,102.077,1564247,15967871744.0,0.01,0.01,0.013,14.04
2021-12-07,102.087,102.098,102.099,102.085,1673670,17086613760.0,0.01,0.02,0.016,15.02
2021-12-08,102.098,102.089,102.1,102.085,2000190,20421397504.0,0.01,-0.01,-0.009,17.96
2021-12-09,102.097,102.087,102.098,102.085,2279681,23273537792.0,0.01,0.00,-0.002,20.46
2021-12-10,102.099,102.107,102.112,102.099,1810011,18480789248.0,0.01,0.02,0.020,16.25
2021-12-13,102.115,102.116,102.119,102.114,1710246,17464365568.0,0.00,0.01,0.009,15.35
2021-12-14,102.125,102.129,102.131,102.123,1660276,16955933184.0,0.01,0.01,0.013,14.90
2021-12-15,102.137,102.133,102.138,102.131,1582247,16159995904.0,0.01,0.00,0.004,14.20
2021-12-16,102.139,102.137,102.139,102.133,1616502,16510276864.0,0.01,0.00,0.004,14.51
2021-12-17,102.15,102.159,102.163,102.149,1588457,16226637312.0,0.01,0.02,0.022,14.26
2021-12-20,102.16,102.164,102.166,102.159,1336473,13653543680.0,0.01,0.00,0.005,12.00
2021-12-21,102.166,102.157,102.167,102.148,1622376,16574753280.0,0.02,-0.01,-0.007,14.56
2021-12-22,102.16,102.173,102.175,102.157,1795928,18347907072.0,0.02,0.02,0.016,16.12
2021-12-23,102.175,102.177,102.18,102.172,1226424,12531171840.0,0.01,0.00,0.004,11.01
2021-12-24,102.186,102.195,102.2,102.184,1228669,12555543296.0,0.02,0.02,0.018,11.03
2021-12-27,102.199,102.197,102.2,102.195,1299615,13281839360.0,0.00,0.00,0.002,11.67
2021-12-28,102.199,102.207,102.209,102.198,1479094,15116733184.0,0.01,0.01,0.010,13.28
2021-12-29,102.21,102.211,102.219,102.206,1529549,15633463040.0,0.01,0.00,0.004,13.73
2021-12-30,102.214,102.216,102.22,102.201,1327178,13564989696.0,0.02,0.00,0.005,11.91
2021-12-31,100.1,100.123,100.129,100.069,1425190,14266068480.0,0.06,-2.05,-2.093,12.79
2022-01-04,100.114,100.116,100.12,100.103,1373302,13748012544.0,0.02,-0.01,-0.007,12.33
2022-01-05,100.113,100.111,100.117,100.104,1152897,11542070272.0,0.01,0.00,-0.005,10.35
2022-01-06,100.117,100.126,100.128,100.115,1398764,14004454144.0,0.01,0.01,0.015,12.56
2022-01-07,100.132,100.146,100.15,100.132,904483,9057635840.0,0.02,0.02,0.020,8.12
2022-01-10,100.146,100.153,100.155,100.146,857822,8591152384.0,0.01,0.01,0.007,7.70
2022-01-11,100.154,100.166,100.18,100.153,1162696,11645495552.0,0.03,0.01,0.013,10.44
2022-01-12,100.167,100.17,100.171,100.165,888204,8896961024.0,0.01,0.00,0.004,7.97
2022-01-13,100.172,100.176,100.183,100.17,1176031,11781232896.0,0.01,0.01,0.006,10.56
2022-01-14,100.182,100.192,100.195,100.182,1063020,10650345984.0,0.01,0.02,0.016,9.54
2022-01-17,100.195,100.203,100.207,100.193,934375,9362131712.0,0.01,0.01,0.011,8.39
2022-01-18,100.208,100.21,100.212,100.206,890479,8923438336.0,0.01,0.01,0.007,7.99
2022-01-19,100.207,100.201,100.21,100.2,1112021,11143197184.0,0.01,-0.01,-0.009,9.98
2022-01-20,100.208,100.196,100.211,100.193,1233980,12365134848.0,0.02,0.00,-0.005,11.08
2022-01-21,100.211,100.223,100.241,100.211,1302932,13057783040.0,0.03,0.03,0.027,11.70
2022-01-24,100.232,100.224,100.232,100.21,1298425,13013436416.0,0.02,0.00,0.001,11.66
2022-01-25,100.227,100.237,100.245,100.225,1401633,14049101824.0,0.02,0.01,0.013,12.58
2022-01-26,100.239,100.247,100.253,100.236,1528077,15317971200.0,0.02,0.01,0.010,13.72
2022-01-27,100.248,100.267,100.295,100.247,1910459,19154047488.0,0.05,0.02,0.020,17.15
2022-01-28,100.31,100.33,100.349,100.308,2098960,21057261824.0,0.04,0.06,0.063,18.84
2022-02-07,100.319,100.355,100.359,100.313,924532,9276258560.0,0.05,0.02,0.025,8.30
2022-02-08,100.35,100.357,100.362,100.346,1022624,10262686720.0,0.02,0.00,0.002,9.18
2022-02-09,100.355,100.335,100.357,100.333,1219896,12240786176.0,0.02,-0.02,-0.022,10.95
2022-02-10,100.332,100.327,100.335,100.323,1453816,14586109440.0,0.01,-0.01,-0.008,13.05
2022-02-11,100.331,100.343,100.349,100.331,1180671,11847148032.0,0.02,0.02,0.016,10.60
2022-02-14,100.35,100.345,100.351,100.341,993238,9966950656.0,0.01,0.00,0.002,8.92
2022-02-15,100.352,100.358,100.358,100.352,1131966,11359866624.0,0.01,0.01,0.013,10.16
2022-02-16,100.359,100.362,100.363,100.358,913514,9168047360.0,0.00,0.00,0.004,8.20
2022-02-17,100.364,100.366,100.371,100.357,1236690,12411771904.0,0.01,0.00,0.004,11.10
2022-02-18,100.379,100.379,100.386,100.377,1221121,12257901312.0,0.01,0.01,0.013,10.96
2022-02-21,100.379,100.38,100.386,100.377,1345623,13507819776.0,0.01,0.00,0.001,12.08
2022-02-22,100.387,100.384,100.389,100.383,1007875,10117730304.0,0.01,0.00,0.004,9.05
2022-02-23,100.39,100.384,100.392,100.383,1068374,10725119488.0,0.01,0.00,0.000,9.59
2022-02-24,100.393,100.392,100.397,100.39,1314683,13198646272.0,0.01,0.01,0.008,11.80
2022-02-25,100.404,100.402,100.407,100.358,1667130,16737399552.0,0.05,0.01,0.010,14.97
2022-02-28,100.404,100.408,100.413,100.403,1094763,10992504320.0,0.01,0.01,0.006,9.83
2022-03-01,100.422,100.42,100.424,100.415,1083148,10876920064.0,0.01,0.01,0.012,9.72
2022-03-02,100.428,100.429,100.431,100.425,858937,8626084864.0,0.01,0.01,0.009,7.71
2022-03-03,100.433,100.443,100.445,100.429,1045346,10498977280.0,0.02,0.01,0.014,9.38
2022-03-04,100.451,100.454,100.463,100.448,1020110,10247707904.0,0.01,0.01,0.011,9.16
2022-03-07,100.459,100.462,100.464,100.456,1049008,10538449408.0,0.01,0.01,0.008,9.42
2022-03-08,100.465,100.468,100.471,100.465,1079842,10848917248.0,0.01,0.01,0.006,9.69
2022-03-09,100.472,100.478,100.501,100.471,1150836,11562885632.0,0.03,0.01,0.010,10.33
2022-03-10,100.468,100.478,100.485,100.464,1480044,14870807552.0,0.02,0.00,0.000,13.29
2022-03-11,100.49,100.493,100.496,100.487,1190418,11962924288.0,0.01,0.01,0.015,10.69
2022-03-14,100.5,100.509,100.518,100.497,1101283,11068218880.0,0.02,0.02,0.016,9.89
2022-03-15,100.508,100.505,100.512,100.501,1352990,13598535936.0,0.01,0.00,-0.004,12.15
2022-03-16,100.504,100.495,100.511,100.478,1575835,15837070336.0,0.03,-0.01,-0.010,14.15
2022-03-17,100.5,100.505,100.516,100.482,1818387,18274795776.0,0.03,0.01,0.010,16.32
2022-03-18,100.516,100.512,100.529,100.506,1358987,13660452864.0,0.02,0.01,0.007,12.20
2022-03-21,100.528,100.543,100.551,100.527,1138793,11448950272.0,0.02,0.03,0.031,10.22
2022-03-22,100.543,100.535,100.567,100.533,1545524,15539204608.0,0.03,-0.01,-0.008,13.87
2022-03-23,100.542,100.541,100.545,100.538,1247171,12539259648.0,0.01,0.01,0.006,11.20
2022-03-24,100.547,100.561,100.565,100.547,1076266,10822056704.0,0.02,0.02,0.020,9.66
2022-03-25,100.566,100.567,100.573,100.564,1066900,10729544192.0,0.01,0.01,0.006,9.58
2022-03-28,100.571,100.562,100.574,100.558,1164467,11710640128.0,0.02,0.00,-0.005,10.45
2022-03-29,100.568,100.579,100.58,100.564,930047,9353542656.0,0.02,0.02,0.017,8.35
2022-03-30,100.577,100.563,100.579,100.558,1193736,12005138432.0,0.02,-0.02,-0.016,10.72
2022-03-31,100.569,100.61,100.618,100.565,983693,9894442496.0,0.05,0.05,0.047,8.83
2022-04-01,100.621,100.613,100.63,100.61,1393076,14017316096.0,0.02,0.00,0.003,12.51
2022-04-06,100.619,100.628,100.633,100.619,1066255,10729099520.0,0.01,0.01,0.015,9.57
2022-04-07,100.629,100.64,100.644,100.629,1090020,10969136896.0,0.01,0.01,0.012,9.78
2022-04-08,100.645,100.654,100.658,100.642,910764,9166869760.0,0.02,0.01,0.014,8.18
2022-04-11,100.656,100.661,100.663,100.655,982711,9891766528.0,0.01,0.01,0.007,8.82
2022-04-12,100.662,100.656,100.664,100.654,1297287,13058376192.0,0.01,0.00,-0.005,11.65
2022-04-13,100.662,100.661,100.669,100.658,1351767,13607169280.0,0.01,0.00,0.005,12.13
2022-04-14,100.667,100.668,100.672,100.663,1304455,13131683072.0,0.01,0.01,0.007,11.71
2022-04-15,100.681,100.686,100.694,100.681,1291800,13006593536.0,0.01,0.02,0.018,11.60
2022-04-18,100.692,100.685,100.695,100.682,1237606,12461313280.0,0.01,0.00,-0.001,11.11
2022-04-19,100.69,100.696,100.697,100.689,1237340,12459121408.0,0.01,0.01,0.011,11.11
2022-04-20,100.699,100.695,100.7,100.693,1083105,10906540032.0,0.01,0.00,-0.001,9.72
2022-04-21,100.701,100.699,100.702,100.695,1024774,10319383552.0,0.01,0.00,0.004,9.20
2022-04-22,100.7,100.705,100.714,100.7,1422495,14325510144.0,0.01,0.01,0.006,12.77
2022-04-25,100.71,100.709,100.714,100.704,1609697,16211375872.0,0.01,0.00,0.004,14.45
2022-04-26,100.715,100.719,100.723,100.711,1374740,13846001664.0,0.01,0.01,0.010,12.34
2022-04-27,100.724,100.726,100.731,100.718,1515417,15264126208.0,0.01,0.01,0.007,13.60
2022-04-28,100.734,100.75,100.758,100.732,1414676,14251521792.0,0.03,0.02,0.024,12.70
2022-04-29,100.771,100.779,100.787,100.437,1466220,14775767040.0,0.35,0.03,0.029,13.16
2022-05-05,100.77,100.769,100.777,100.767,1209861,12192058368.0,0.01,-0.01,-0.010,10.86
2022-05-06,100.786,100.794,100.797,100.78,1043402,10516125952.0,0.02,0.02,0.025,9.37
2022-05-09,100.797,100.801,100.803,100.797,1022800,10309823488.0,0.01,0.01,0.007,9.18
2022-05-10,100.803,100.808,100.812,100.801,1399127,14103973632.0,0.01,0.01,0.007,12.56
2022-05-11,100.811,100.806,100.813,100.803,1386653,13978316800.0,0.01,0.00,-0.002,12.45
2022-05-12,100.812,100.813,100.817,100.809,1001561,10097097216.0,0.01,0.01,0.007,8.99
2022-05-13,100.825,100.836,100.837,100.819,1244642,12549595136.0,0.02,0.02,0.023,11.17
2022-05-16,100.833,100.842,100.844,100.833,954286,9622814464.0,0.01,0.01,0.006,8.57
2022-05-17,100.845,100.839,100.846,100.837,930256,9380739840.0,0.01,0.00,-0.003,8.35
2022-05-18,100.844,100.845,100.846,100.842,867611,8749297664.0,0.00,0.01,0.006,7.79
2022-05-19,100.845,100.851,100.851,100.845,1144870,11545828864.0,0.01,0.01,0.006,10.28
2022-05-20,100.861,100.852,100.863,100.848,1037192,10460690688.0,0.01,0.00,0.001,9.31
2022-05-23,100.855,100.86,100.862,100.855,1021351,10301223680.0,0.01,0.01,0.008,9.17
2022-05-24,100.865,100.873,100.877,100.861,1170819,11809894656.0,0.02,0.01,0.013,10.51
2022-05-25,100.875,100.875,100.878,100.87,888114,8958853632.0,0.01,0.00,0.002,7.97
2022-05-26,100.878,100.883,100.887,100.875,884129,8919076096.0,0.01,0.01,0.008,7.94
2022-05-27,100.889,100.893,100.895,100.88,1279185,12905439232.0,0.01,0.01,0.010,11.48
2022-05-30,100.894,100.887,100.896,100.885,1228043,12389932032.0,0.01,-0.01,-0.006,11.02
2022-05-31,100.893,100.891,100.895,100.885,1297722,13092943616.0,0.01,0.00,0.004,11.65
2022-06-01,100.895,100.9,100.903,100.891,1421033,14337774848.0,0.01,0.01,0.009,12.76
2022-06-02,100.915,100.896,100.916,100.894,1505503,15192044544.0,0.02,0.00,-0.004,13.51
2022-06-06,100.916,100.914,100.917,100.897,1980064,19980496384.0,0.02,0.02,0.018,17.77
2022-06-07,100.914,100.926,100.927,100.91,1176172,11869931520.0,0.02,0.01,0.012,10.56
2022-06-08,100.938,100.93,100.938,100.926,1550734,15651490816.0,0.01,0.00,0.004,13.92
2022-06-09,100.936,100.937,100.941,100.932,1107072,11174437376.0,0.01,0.01,0.007,9.94
2022-06-10,100.947,100.924,100.949,100.917,1641999,16574253312.0,0.03,-0.01,-0.013,14.74
2022-06-13,100.942,100.958,100.96,100.94,1678151,16940916224.0,0.02,0.03,0.034,15.06
2022-06-14,100.96,100.97,100.971,100.958,1241426,12533816832.0,0.01,0.01,0.012,11.14
2022-06-15,100.965,100.967,100.969,100.957,1519622,15342639616.0,0.01,0.00,-0.003,13.64
2022-06-16,100.964,100.97,100.972,100.954,1557175,15721865216.0,0.02,0.00,0.003,13.98
2022-06-17,100.971,100.981,100.982,100.971,1723462,17402618880.0,0.01,0.01,0.011,15.47
2022-06-20,100.982,100.99,100.991,100.981,1525411,15404501760.0,0.01,0.01,0.009,13.69
2022-06-21,100.994,100.994,100.996,100.99,1671104,16876947200.0,0.01,0.00,0.004,15.00
2022-06-22,100.999,101.009,101.01,100.996,1630249,16465867264.0,0.01,0.01,0.015,14.63
2022-06-23,101.005,100.995,101.008,100.851,1760807,17784458752.0,0.16,-0.01,-0.014,15.81
2022-06-24,101.001,101.006,101.01,101.001,1570653,15864431872.0,0.01,0.01,0.011,14.10
2022-06-27,101.014,101.016,101.018,101.001,1850384,18691094528.0,0.02,0.01,0.010,16.61
2022-06-28,101.011,101.028,101.029,101.011,1601349,16177150976.0,0.02,0.01,0.012,14.37
2022-06-29,101.026,101.038,101.04,101.022,1825909,18446826496.0,0.02,0.01,0.010,16.39
2022-06-30,101.028,101.04,101.045,100.993,1847729,18665500928.0,0.05,0.00,0.002,16.59
2022-07-01,101.049,101.061,101.063,101.047,1304845,13186302976.0,0.02,0.02,0.021,11.71
2022-07-04,101.059,101.068,101.069,101.058,1244279,12575172096.0,0.01,0.01,0.007,11.17
2022-07-05,101.069,101.092,101.094,101.069,1021132,10321148160.0,0.02,0.02,0.024,9.17
2022-07-06,101.089,101.1,101.102,101.075,1077353,10890409472.0,0.03,0.01,0.008,9.67
2022-07-07,101.092,101.094,101.096,101.085,978863,9895333888.0,0.01,-0.01,-0.006,8.79
2022-07-08,101.094,101.102,101.103,101.093,967731,9783634432.0,0.01,0.01,0.008,8.69
2022-07-11,101.103,101.109,101.111,101.101,1113570,11258813696.0,0.01,0.01,0.007,10.00
2022-07-12,101.11,101.114,101.118,101.109,999035,10101494117.0,0.01,0.00,0.005,8.97
2022-07-13,101.115,101.112,101.116,101.11,919662,9298916125.0,0.01,0.00,-0.002,8.26
2022-07-14,101.116,101.111,101.118,101.107,1202687,12160989471.0,0.01,0.00,-0.001,10.80
2022-07-15,101.121,101.13,101.133,101.1,1709566,17288333699.0,0.03,0.02,0.019,15.35
2022-07-18,101.132,101.135,101.136,101.129,1511526,15286563101.0,0.01,0.00,0.005,13.57
2022-07-19,101.136,101.14,101.143,101.136,1049837,10617965090.0,0.01,0.00,0.005,9.42
2022-07-20,101.142,101.139,101.143,101.138,1182968,11964577328.0,0.00,0.00,-0.001,10.62
2022-07-21,101.145,101.146,101.147,101.141,1141694,11547594908.0,0.01,0.01,0.007,10.25
2022-07-22,101.157,101.162,101.165,101.156,1271901,12866382947.0,0.01,0.02,0.016,11.42
2022-07-25,101.17,101.174,101.178,101.165,927498,9383516044.0,0.01,0.01,0.012,8.33
2022-07-26,101.175,101.17,101.175,101.166,1384351,14005522417.0,0.01,0.00,-0.004,12.43
2022-07-27,101.172,101.173,101.175,101.169,1206738,12208755285.0,0.01,0.00,0.003,10.83
2022-07-28,101.175,101.178,101.179,101.17,1463688,14808658166.0,0.01,0.00,0.005,13.14
2022-07-29,101.185,101.192,101.194,101.183,1130929,11443792555.0,0.01,0.01,0.014,10.15
2022-08-01,101.196,101.197,101.199,101.194,1221128,12357378367.0,0.00,0.00,0.005,10.96
2022-08-02,101.2,101.197,101.201,101.194,1717540,17380987059.0,0.01,0.00,0.000,15.42
2022-08-03,101.201,101.208,101.21,101.193,1501897,15199322433.0,0.02,0.01,0.011,13.48
2022-08-04,101.209,101.218,101.218,101.207,1158051,11721056731.0,0.01,0.01,0.010,10.40
2022-08-05,101.221,101.222,101.225,101.22,1105103,11186127709.0,0.00,0.00,0.004,9.92
2022-08-08,101.224,101.227,101.228,101.224,1098227,11116939925.0,0.00,0.00,0.005,9.86
2022-08-09,101.231,101.233,101.234,101.228,1154095,11682994608.0,0.01,0.01,0.006,10.36
2022-08-10,101.236,101.237,101.238,101.235,876086,8869213789.0,0.00,0.00,0.004,7.86
2022-08-11,101.238,101.233,101.24,101.229,1471844,14900069017.0,0.01,0.00,-0.004,13.21
2022-08-12,101.245,101.248,101.25,101.242,1525284,15442718828.0,0.01,0.01,0.015,13.69
2022-08-15,101.254,101.255,101.257,101.251,1072693,10861398367.0,0.01,0.01,0.007,9.63
2022-08-16,101.257,101.258,101.258,101.253,1532508,15517481828.0,0.00,0.00,0.003,13.76
2022-08-17,101.26,101.258,101.261,101.256,1102283,11161500123.0,0.00,0.00,0.000,9.89
2022-08-18,101.26,101.266,101.268,101.254,1276013,12921038228.0,0.01,0.01,0.008,11.45
2022-08-19,101.275,101.281,101.282,101.272,1245066,12609580650.0,0.01,0.01,0.015,11.18
2022-08-22,101.282,101.279,101.282,101.277,1382762,14004574666.0,0.00,0.00,-0.002,12.41
2022-08-23,101.279,101.287,101.29,101.278,1116829,11311596046.0,0.01,0.01,0.008,10.03
2022-08-24,101.288,101.298,101.421,101.287,1265211,12815817076.0,0.13,0.01,0.011,11.36
2022-08-25,101.298,101.291,101.302,101.289,1617465,16383914311.0,0.01,-0.01,-0.007,14.52
2022-08-26,101.297,101.299,101.301,101.295,1445473,14642470439.0,0.01,0.01,0.008,12.98
2022-08-29,101.301,101.301,101.302,101.295,1489367,15087181341.0,0.01,0.00,0.002,13.37
2022-08-30,101.304,101.311,101.314,101.301,1258598,12750644810.0,0.01,0.01,0.010,11.30
2022-08-31,101.309,101.318,101.324,101.309,1114751,11294184258.0,0.01,0.01,0.007,10.01
2022-09-01,101.318,101.322,101.322,101.317,1529515,15497145413.0,0.00,0.00,0.004,13.73
2022-09-02,101.325,101.329,101.335,101.325,1335184,13529264952.0,0.01,0.01,0.007,11.99
2022-09-05,101.334,101.335,101.337,101.333,1219111,12353851033.0,0.00,0.01,0.006,10.94
2022-09-06,101.338,101.337,101.341,101.336,1140310,11555727453.0,0.00,0.00,0.002,10.24
2022-09-07,101.342,101.338,101.343,101.337,1581896,16030843652.0,0.01,0.00,0.001,14.20
2022-09-08,101.341,101.343,101.345,101.339,954892,9676993270.0,0.01,0.00,0.005,8.57
2022-09-09,101.358,101.348,101.359,101.342,1497201,15174358028.0,0.02,0.00,0.005,13.44
2022-09-13,101.354,101.357,101.358,101.351,1566872,15881036389.0,0.01,0.01,0.009,14.07
2022-09-14,101.357,101.364,101.365,101.357,975094,9883623261.0,0.01,0.01,0.007,8.75
2022-09-15,101.364,101.379,101.38,101.363,1069653,10843202541.0,0.02,0.01,0.015,9.60
2022-09-16,101.381,101.396,101.398,101.381,917058,9297832899.0,0.02,0.02,0.017,8.23
2022-09-19,101.395,101.397,101.405,101.384,892744,9051727311.0,0.02,0.00,0.001,8.01
2022-09-20,101.392,101.398,101.409,101.386,818756,8301681084.0,0.02,0.00,0.001,7.35
2022-09-21,101.398,101.403,101.407,101.398,577468,5855696882.0,0.01,0.00,0.005,5.18
2022-09-22,101.404,101.403,101.406,101.398,1096603,11119749616.0,0.01,0.00,0.000,9.84
2022-09-23,101.408,101.418,101.422,101.406,1104492,11200897756.0,0.02,0.01,0.015,9.91
2022-09-26,101.41,101.415,101.418,101.404,1013427,10277324555.0,0.01,0.00,-0.003,9.10
2022-09-27,101.413,101.404,101.415,101.398,1509306,15305422534.0,0.02,-0.01,-0.011,13.55
2022-09-28,101.41,101.418,101.427,101.407,2041067,20699901027.0,0.02,0.01,0.014,18.32
2022-09-29,101.417,101.405,101.422,101.393,1892208,19190118276.0,0.03,-0.01,-0.013,16.99
2022-09-30,101.501,101.485,101.504,101.46,1764058,17901093598.0,0.04,0.08,0.080,15.84
2022-10-10,101.472,101.481,101.484,101.471,1279889,12988082903.0,0.01,0.00,-0.004,11.49
2022-10-11,101.482,101.491,101.496,101.48,1084494,11005828646.0,0.02,0.01,0.010,9.74
2022-10-12,101.491,101.493,101.5,101.489,1218065,12362599871.0,0.01,0.00,0.002,10.93
2022-10-13,101.492,101.499,101.499,101.49,1096248,11126213493.0,0.01,0.01,0.006,9.84
2022-10-14,101.5,101.5,101.505,101.497,1045491,10611746700.0,0.01,0.00,0.001,9.39
2022-10-17,101.504,101.504,101.507,101.5,1105854,11224940033.0,0.01,0.00,0.004,9.93
2022-10-18,101.506,101.511,101.511,101.505,1132090,11491557661.0,0.01,0.01,0.007,10.16
2022-10-19,101.512,101.514,101.518,101.512,1007928,10231801469.0,0.01,0.00,0.003,9.05
2022-10-20,101.515,101.519,101.521,101.514,1103002,11197435092.0,0.01,0.00,0.005,9.90
2022-10-21,101.526,101.528,101.531,101.525,878147,8915709324.0,0.01,0.01,0.009,7.88
2022-10-24,101.531,101.534,101.537,101.528,1135453,11528417363.0,0.01,0.01,0.006,10.19
2022-10-25,101.532,101.525,101.536,101.516,1330638,13510042269.0,0.02,-0.01,-0.009,11.94
2022-10-26,101.53,101.528,101.533,101.511,2049632,20809151265.0,0.02,0.00,0.003,18.40
2022-10-27,101.531,101.536,101.538,101.521,1417856,14395441079.0,0.02,0.01,0.008,12.73
2022-10-28,101.546,101.557,101.558,101.543,1392306,14138501069.0,0.01,0.02,0.021,12.50
2022-10-31,101.557,101.558,101.561,101.552,1335336,13561169528.0,0.01,0.00,0.001,11.99
2022-11-01,101.559,101.552,101.56,101.55,1560122,15843820931.0,0.01,-0.01,-0.006,14.00
2022-11-02,101.553,101.567,101.57,101.552,1461773,14845993473.0,0.02,0.01,0.015,13.12
2022-11-03,101.568,101.572,101.577,101.567,1278626,12987040374.0,0.01,0.00,0.005,11.48
2022-11-04,101.58,101.578,101.585,101.575,1500205,15239015481.0,0.01,0.01,0.006,13.47
2022-11-07,101.578,101.577,101.579,101.574,1236601,12561014425.0,0.00,0.00,-0.001,11.10
2022-11-08,101.582,101.585,101.588,101.578,1267890,12879586094.0,0.01,0.01,0.008,11.38
2022-11-09,101.585,101.591,101.594,101.584,1432832,14555998166.0,0.01,0.01,0.006,12.86
2022-11-10,101.592,101.605,101.607,101.592,1187247,12062036090.0,0.01,0.01,0.014,10.66
2022-11-11,101.59,101.601,101.603,101.581,1843056,18724496702.0,0.02,0.00,-0.004,16.54
2022-11-14,101.597,101.593,101.601,101.59,1813307,18422716414.0,0.01,-0.01,-0.008,16.28
2022-11-15,101.595,101.592,101.605,101.583,1285023,13055024943.0,0.02,0.00,-0.001,11.54
2022-11-16,101.585,101.614,101.617,101.585,1319788,13409180093.0,0.03,0.02,0.022,11.85
2022-11-17,101.612,101.612,101.615,101.607,1500410,15245854257.0,0.01,0.00,-0.002,13.47
2022-11-18,101.618,101.622,101.625,101.613,1525017,15496854623.0,0.01,0.01,0.010,13.69
2022-11-21,101.626,101.629,101.631,101.625,1116099,11342675000.0,0.01,0.01,0.007,10.02
2022-11-22,101.629,101.637,101.641,101.627,1086551,11043022408.0,0.01,0.01,0.008,9.75
2022-11-23,101.635,101.632,101.639,101.631,1230199,12503160039.0,0.01,0.00,-0.005,11.04
2022-11-24,101.636,101.642,101.645,101.628,1248242,12686671161.0,0.02,0.01,0.010,11.21
2022-11-25,101.642,101.65,101.66,101.642,1175508,11949077623.0,0.02,0.01,0.008,10.55
2022-11-28,101.65,101.649,101.658,101.644,1142120,11609974192.0,0.01,0.00,-0.001,10.25
2022-11-29,101.649,101.647,101.653,101.629,1289988,13112019662.0,0.02,0.00,-0.002,11.58
2022-11-30,101.648,101.665,101.672,101.648,1380391,14032778354.0,0.02,0.02,0.018,12.39
2022-12-01,101.651,101.654,101.659,101.65,1560650,15864747902.0,0.01,-0.01,-0.011,14.01
2022-12-02,101.666,101.666,101.673,101.663,1557006,15829649712.0,0.01,0.01,0.012,13.98
2022-12-05,101.67,101.672,101.675,101.668,1408985,14325318412.0,0.01,0.01,0.006,12.65
2022-12-06,101.676,101.681,101.682,101.673,1858849,18900245317.0,0.01,0.01,0.009,16.69
2022-12-07,101.681,101.686,101.687,101.675,1349412,13720802792.0,0.01,0.00,0.005,12.11
2022-12-08,101.685,101.687,101.693,101.684,1209990,12304195571.0,0.01,0.00,0.001,10.86
2022-12-09,101.693,101.696,101.701,101.692,1374039,13973390828.0,0.01,0.01,0.009,12.33
2022-12-12,101.699,101.699,101.703,101.696,1098427,11170982606.0,0.01,0.00,0.003,9.86
2022-12-13,101.702,101.701,101.705,101.699,1139078,11584715704.0,0.01,0.00,0.002,10.23
2022-12-14,101.704,101.706,101.709,101.702,1052990,10709477772.0,0.01,0.00,0.005,9.45
2022-12-15,101.711,101.731,101.739,101.708,1154643,11744298896.0,0.03,0.02,0.025,10.36
2022-12-16,101.728,101.744,101.755,101.727,1117075,11365008037.0,0.03,0.01,0.013,10.03
2022-12-19,101.742,101.746,101.751,101.736,1021395,10391774444.0,0.01,0.00,0.002,9.17
2022-12-20,101.746,101.749,101.75,101.741,1081023,10998820494.0,0.01,0.00,0.003,9.70
2022-12-21,101.747,101.743,101.751,101.74,1110704,11300800765.0,0.01,-0.01,-0.006,9.97
2022-12-22,101.745,101.744,101.748,101.741,940152,9565504587.0,0.01,0.00,0.001,8.44
2022-12-23,101.752,101.755,101.764,101.736,1894237,19274290339.0,0.03,0.01,0.011,17.00
2022-12-26,101.76,101.75,101.762,101.742,1349096,13727103957.0,0.02,0.00,-0.005,12.11
2022-12-27,101.751,101.763,101.766,101.731,1895257,19283785251.0,0.03,0.01,0.013,17.01
2022-12-28,101.761,101.767,101.77,101.758,1544789,15720409616.0,0.01,0.00,0.004,13.87
2022-12-29,101.76,101.729,101.77,101.72,1814001,18458627780.0,0.05,-0.04,-0.038,16.28
2022-12-30,100.07,100.152,100.157,100.07,1833478,18352556901.0,0.09,-1.55,-1.577,16.46
2023-01-03,100.135,100.112,100.135,100.106,1500339,15021607867.0,0.03,-0.04,-0.040,13.47
2023-01-04,100.112,100.115,100.13,100.102,1221420,12228080528.0,0.03,0.00,0.003,10.96
2023-01-05,100.107,100.109,100.111,100.1,1466901,14684643158.0,0.01,-0.01,-0.006,13.17
2023-01-06,100.114,100.128,100.129,100.113,1332414,13340432917.0,0.02,0.02,0.019,11.96
2023-01-09,100.126,100.132,100.134,100.124,1157094,11585743560.0,0.01,0.00,0.004,10.39
2023-01-10,100.142,100.148,100.149,100.137,1103836,11053945486.0,0.01,0.02,0.016,9.91
2023-01-11,100.14,100.142,100.153,100.14,1627855,16302462891.0,0.01,-0.01,-0.006,14.61
2023-01-12,100.146,100.139,100.148,100.135,1084772,10863453405.0,0.01,0.00,-0.003,9.74
2023-01-13,100.153,100.153,100.16,100.151,1378362,13805159906.0,0.01,0.01,0.014,12.37
2023-01-16,100.157,100.144,100.16,100.14,1853395,18562061449.0,0.02,-0.01,-0.009,16.64
2023-01-17,100.152,100.16,100.162,100.145,1337671,13397308045.0,0.02,0.02,0.016,12.01
2023-01-18,100.164,100.184,100.186,100.162,1006631,10083345815.0,0.02,0.02,0.024,9.04
2023-01-19,100.182,100.188,100.193,100.175,1428255,14308561722.0,0.02,0.00,0.004,12.82
2023-01-20,100.23,100.235,100.267,100.227,1730100,17344040835.0,0.04,0.05,0.047,15.53
2023-01-30,100.225,100.228,100.231,100.211,2529422,25350732888.0,0.02,-0.01,-0.007,22.71
2023-01-31,100.232,100.229,100.234,100.226,1440159,14434611633.0,0.01,0.00,0.001,12.93
2023-02-01,100.234,100.242,100.244,100.233,1454732,14581972698.0,0.01,0.01,0.013,13.06
2023-02-02,100.245,100.276,100.278,100.244,1453059,14567597794.0,0.03,0.03,0.034,13.04
2023-02-03,100.26,100.32,100.327,100.259,1307248,13110564921.0,0.07,0.04,0.044,11.73
2023-02-06,100.32,100.318,100.32,100.291,1264762,12685616980.0,0.03,0.00,-0.002,11.35
2023-02-07,100.3,100.271,100.307,100.266,1446805,14508638605.0,0.04,-0.05,-0.047,12.99
2023-02-08,100.272,100.276,100.278,100.271,1137552,11406837779.0,0.01,0.00,0.005,10.21
2023-02-09,100.277,100.271,100.28,100.261,1493545,14976016510.0,0.02,0.00,-0.005,13.41
2023-02-10,100.285,100.294,100.296,100.284,1407026,14111053390.0,0.01,0.02,0.023,12.63
2023-02-13,100.297,100.293,100.298,100.288,1336139,13400519767.0,0.01,0.00,-0.001,11.99
2023-02-14,100.296,100.299,100.3,100.291,1159100,11625276150.0,0.01,0.01,0.006,10.40
2023-02-15,100.301,100.306,100.31,100.299,1028331,10314723836.0,0.01,0.01,0.007,9.23
2023-02-16,100.308,100.305,100.311,100.298,2331179,23382348456.0,0.01,0.00,-0.001,20.93
2023-02-17,100.32,100.326,100.327,100.314,1530671,15355791689.0,0.01,0.02,0.021,13.74
2023-02-20,100.326,100.324,100.334,100.322,1341349,13457482851.0,0.01,0.00,-0.002,12.04
2023-02-21,100.329,100.328,100.331,100.325,1125363,11290616712.0,0.01,0.00,0.004,10.10
2023-02-22,100.331,100.333,100.336,100.33,1173142,11770570408.0,0.01,0.00,0.005,10.53
2023-02-23,100.339,100.342,100.345,100.335,1192695,11967291782.0,0.01,0.01,0.009,10.71
2023-02-24,100.351,100.357,100.36,100.35,1158860,11629879355.0,0.01,0.01,0.015,10.40
2023-02-27,100.359,100.354,100.359,100.353,1363155,13680152018.0,0.01,0.00,-0.003,12.24
2023-02-28,100.356,100.355,100.358,100.344,1620309,16260553432.0,0.01,0.00,0.001,14.55
2023-03-01,100.368,100.367,100.372,100.364,1591674,15975032780.0,0.01,0.01,0.012,14.29
2023-03-02,100.37,100.376,100.377,100.368,1113642,11177867685.0,0.01,0.01,0.009,10.00
2023-03-03,100.387,100.391,100.392,100.385,1403876,14093171317.0,0.01,0.01,0.015,12.60
2023-03-06,100.392,100.401,100.403,100.39,1017434,10214504559.0,0.01,0.01,0.010,9.13
2023-03-07,100.403,100.415,100.422,100.399,1034048,10382356989.0,0.02,0.01,0.014,9.28
2023-03-08,100.409,100.411,100.415,100.406,1044025,10483021279.0,0.01,0.00,-0.004,9.37
2023-03-09,100.416,100.426,100.428,100.412,940837,9447561928.0,0.02,0.01,0.015,8.45
2023-03-10,100.426,100.438,100.45,100.424,1405044,14110987161.0,0.03,0.01,0.012,12.61
2023-03-13,100.44,100.426,100.443,100.424,1373745,13796811479.0,0.02,-0.01,-0.012,12.33
2023-03-14,100.43,100.429,100.435,100.425,1070942,10755419011.0,0.01,0.00,0.003,9.61
2023-03-15,100.432,100.435,100.436,100.423,1369436,13753208027.0,0.01,0.01,0.006,12.29
2023-03-16,100.437,100.436,100.44,100.434,1243602,12490248601.0,0.01,0.00,0.001,11.16
2023-03-17,100.448,100.445,100.452,100.441,2186932,21966923872.0,0.01,0.01,0.009,19.63
2023-03-20,100.453,100.454,100.461,100.45,1583370,15905763704.0,0.01,0.01,0.009,14.21
2023-03-21,100.461,100.458,100.462,100.458,1468829,14755794260.0,0.00,0.00,0.004,13.19
2023-03-22,100.465,100.471,100.473,100.463,1107038,11122129765.0,0.01,0.01,0.013,9.94
2023-03-23,100.472,100.484,100.485,100.471,1539626,15469880302.0,0.01,0.01,0.013,13.82
2023-03-24,100.486,100.494,100.5,100.486,1293130,12995083398.0,0.01,0.01,0.010,11.61
2023-03-27,100.491,100.493,100.499,100.489,1204294,12102295865.0,0.01,0.00,-0.001,10.81
2023-03-28,100.493,100.496,100.497,100.491,1305642,13120965836.0,0.01,0.00,0.003,11.72
2023-03-29,100.498,100.493,100.501,100.493,1797468,18063783617.0,0.01,0.00,-0.003,16.14
2023-03-30,100.493,100.491,100.501,100.479,1414989,14219190094.0,0.02,0.00,-0.002,12.70
2023-03-31,100.512,100.488,100.516,100.484,1777831,17867045727.0,0.03,0.00,-0.003,15.96
2023-04-03,100.529,100.527,100.531,100.524,1893403,19034112278.0,0.01,0.04,0.039,17.00
2023-04-04,100.542,100.55,100.551,100.541,1486470,14946009803.0,0.01,0.02,0.023,13.34
2023-04-06,100.557,100.569,100.571,100.553,1624631,16336849979.0,0.02,0.02,0.019,14.58
2023-04-07,100.575,100.582,100.585,100.569,1395735,14037868738.0,0.02,0.01,0.013,12.53
2023-04-10,100.578,100.575,100.582,100.573,1699527,17093374004.0,0.01,-0.01,-0.007,15.26
2023-04-11,100.579,100.579,100.581,100.577,1739129,17491864293.0,0.00,0.00,0.004,15.61
2023-04-12,100.584,100.589,100.591,100.582,1128989,11356016514.0,0.01,0.01,0.010,10.13
2023-04-13,100.589,100.596,100.598,100.589,1337262,13451993425.0,0.01,0.01,0.007,12.00
2023-04-14,100.602,100.606,100.611,100.6,1450509,14592629101.0,0.01,0.01,0.010,13.02
2023-04-17,100.612,100.614,100.618,100.611,1061992,10684965467.0,0.01,0.01,0.008,9.53
2023-04-18,100.617,100.635,100.638,100.617,1362194,13706504068.0,0.02,0.02,0.021,12.23
2023-04-19,100.627,100.636,100.638,100.626,1047169,10537614098.0,0.01,0.00,0.001,9.40
2023-04-20,100.632,100.633,100.636,100.631,1383693,13924624627.0,0.00,0.00,-0.003,12.42
2023-04-21,100.641,100.646,100.647,100.638,1697143,17080306282.0,0.01,0.01,0.013,15.23
2023-04-24,100.65,100.645,100.651,100.643,1246522,12545832327.0,0.01,0.00,-0.001,11.19
2023-04-25,100.649,100.648,100.65,100.644,1425560,14347795482.0,0.01,0.00,0.003,12.80
2023-04-26,100.65,100.651,100.653,100.645,1547722,15577512411.0,0.01,0.00,0.003,13.89
2023-04-27,100.649,100.671,100.677,100.644,1848650,18607750650.0,0.03,0.02,0.020,16.59
2023-04-28,100.69,100.692,100.699,100.686,1902734,19159031186.0,0.01,0.02,0.021,17.08
2023-05-04,100.693,100.717,100.72,100.693,1352718,13622143752.0,0.03,0.02,0.025,12.14
2023-05-05,100.713,100.742,100.748,100.713,1052830,10604976699.0,0.03,0.02,0.025,9.45
2023-05-08,100.741,100.735,100.742,100.724,1058558,10663098609.0,0.02,-0.01,-0.007,9.50
2023-05-09,100.73,100.736,100.738,100.729,995000,10023050637.0,0.01,0.00,0.001,8.93
2023-05-10,100.736,100.754,100.763,100.735,1198800,12076919000.0,0.03,0.02,0.018,10.76
2023-05-11,100.752,100.784,100.786,100.751,884964,8917386583.0,0.03,0.03,0.030,7.94
2023-05-12,100.775,100.801,100.806,100.775,813119,8195385853.0,0.03,0.02,0.017,7.30
2023-05-15,100.793,100.787,100.802,100.774,1159832,11689800160.0,0.03,-0.01,-0.014,10.41
2023-05-16,100.788,100.78,100.789,100.777,1022688,10307200006.0,0.01,-0.01,-0.007,9.18
2023-05-17,100.778,100.779,100.783,100.769,1348454,13589177339.0,0.01,0.00,-0.001,12.10
2023-05-18,100.776,100.775,100.778,100.772,1222953,12324285831.0,0.01,0.00,-0.004,10.98
2023-05-19,100.785,100.784,100.788,100.782,1255989,12658475842.0,0.01,0.01,0.009,11.27
2023-05-22,100.787,100.789,100.795,100.786,1303270,13135582964.0,0.01,0.00,0.005,11.70
2023-05-23,100.795,100.79,100.796,100.787,1113499,11223006410.0,0.01,0.00,0.001,10.00
2023-05-24,100.798,100.793,100.8,100.792,1549922,15622570514.0,0.01,0.00,0.003,13.91
2023-05-25,100.797,100.798,100.802,100.792,1434146,14455789438.0,0.01,0.00,0.005,12.87
2023-05-26,100.811,100.815,100.818,100.807,1167286,11767640279.0,0.01,0.02,0.017,10.48
2023-05-29,100.818,100.82,100.822,100.818,1019267,10276296516.0,0.00,0.00,0.005,9.15
2023-05-30,100.826,100.82,100.828,100.818,1384782,13962109713.0,0.01,0.00,0.000,12.43
2023-05-31,100.826,100.83,100.831,100.825,1356875,13681148866.0,0.01,0.01,0.010,12.18
2023-06-01,100.835,100.836,100.838,100.833,1368419,13798469982.0,0.00,0.01,0.006,12.28
2023-06-02,100.85,100.851,100.854,100.848,1272830,12836604522.0,0.01,0.01,0.015,11.43
2023-06-05,100.857,100.857,100.86,100.855,1196757,12070244385.0,0.00,0.01,0.006,10.74
2023-06-06,100.864,100.866,100.867,100.863,779532,7862709341.0,0.00,0.01,0.009,7.00
2023-06-07,100.869,100.873,100.876,100.869,1127952,11377841622.0,0.01,0.01,0.007,10.13
2023-06-08,100.876,100.878,100.879,100.873,1221957,12326674516.0,0.01,0.00,0.005,10.97
2023-06-09,100.887,100.872,100.888,100.863,1294816,13062040341.0,0.02,-0.01,-0.006,11.62
2023-06-12,100.881,100.89,100.891,100.881,1305288,13168699448.0,0.01,0.02,0.018,11.72
2023-06-13,100.896,100.892,100.897,100.89,1064862,10743698551.0,0.01,0.00,0.002,9.56
2023-06-14,100.895,100.897,100.898,100.894,1245155,12563114936.0,0.00,0.00,0.005,11.18
2023-06-15,100.901,100.892,100.902,100.886,1913477,19305764443.0,0.02,0.00,-0.005,17.18
2023-06-16,100.907,100.904,100.909,100.897,2112208,21313072776.0,0.01,0.01,0.012,18.96
2023-06-19,100.914,100.918,100.919,100.912,1602820,16175001858.0,0.01,0.01,0.014,14.39
2023-06-20,100.918,100.921,100.923,100.913,1814928,18316014737.0,0.01,0.00,0.003,16.29
2023-06-21,100.941,100.943,100.948,100.939,1883686,19014596962.0,0.01,0.02,0.022,16.91
2023-06-26,100.947,100.947,100.949,100.943,1933173,19514682133.0,0.01,0.00,0.004,17.35
2023-06-27,100.95,100.955,100.957,100.947,1419883,14333779831.0,0.01,0.01,0.008,12.75
2023-06-28,100.953,100.95,100.957,100.944,1462919,14768503573.0,0.01,0.00,-0.005,13.13
2023-06-29,100.951,100.94,100.951,100.93,1541733,15561981293.0,0.02,-0.01,-0.010,13.84
2023-06-30,100.974,100.979,100.982,100.966,1669537,16857789438.0,0.02,0.04,0.039,14.99
2023-07-03,100.989,100.995,101.0,100.986,1571994,15876173021.0,0.01,0.02,0.016,14.11
2023-07-04,101.002,101.004,101.004,100.999,823080,8313232162.0,0.00,0.01,0.009,7.39
2023-07-05,101.006,101.012,101.016,101.004,1039956,10504548455.0,0.01,0.01,0.008,9.34
2023-07-06,101.015,101.037,101.056,101.014,1090066,11012188876.0,0.04,0.02,0.025,9.79
2023-07-07,101.041,101.046,101.058,101.034,1171225,11833979038.0,0.02,0.01,0.009,10.51
2023-07-10,101.043,101.036,101.044,101.03,999606,10099621092.0,0.01,-0.01,-0.010,8.97
2023-07-11,101.038,101.037,101.039,101.035,972260,9823342279.0,0.00,0.00,0.001,8.73
2023-07-12,101.038,101.039,101.041,101.037,1010939,10214421983.0,0.00,0.00,0.002,9.07
2023-07-13,101.042,101.043,101.044,101.038,1611067,16278289733.0,0.01,0.00,0.004,14.46
2023-07-14,101.054,101.057,101.06,101.053,1006215,10168380457.0,0.01,0.01,0.014,9.03
2023-07-17,101.054,101.066,101.068,101.05,1640485,16579078075.0,0.02,0.01,0.009,14.73
2023-07-18,101.067,101.083,101.087,101.067,1439242,14546902747.0,0.02,0.02,0.017,12.92
2023-07-19,101.08,101.072,101.085,101.07,1363635,13783504895.0,0.01,-0.01,-0.011,12.24
2023-07-20,101.076,101.081,101.082,101.073,1340990,13554254777.0,0.01,0.01,0.009,12.04
2023-07-21,101.087,101.089,101.092,101.086,1098793,11107518642.0,0.01,0.01,0.008,9.86
2023-07-24,101.091,101.094,101.095,101.09,995084,10059555361.0,0.00,0.00,0.005,8.93
2023-07-25,101.094,101.094,101.096,101.086,1730760,17496539223.0,0.01,0.00,0.000,15.54
2023-07-26,101.099,101.099,101.104,101.095,1597210,16147826053.0,0.01,0.00,0.005,14.34
2023-07-27,101.106,101.11,101.117,101.103,1330422,13451642303.0,0.01,0.01,0.011,11.94
2023-07-28,101.119,101.1,101.12,101.095,1846564,18670450816.0,0.02,-0.01,-0.010,16.58
2023-07-31,101.099,101.109,101.111,101.093,2257048,22819550466.0,0.02,0.01,0.009,20.26
2023-08-01,101.123,101.129,101.131,101.121,1602279,16203320450.0,0.01,0.02,0.020,14.38
2023-08-02,101.135,101.14,101.142,101.132,1153957,11670823731.0,0.01,0.01,0.011,10.36
2023-08-03,101.142,101.16,101.165,101.142,1058743,10708858735.0,0.02,0.02,0.020,9.50
2023-08-04,101.151,101.174,101.6,101.151,1263843,12785013433.0,0.44,0.01,0.014,11.35
2023-08-07,101.169,101.167,101.172,101.164,988150,9996851377.0,0.01,-0.01,-0.007,8.87
2023-08-08,101.166,101.172,101.174,101.166,813006,8225020280.0,0.01,0.00,0.005,7.30
2023-08-09,101.171,101.172,101.175,101.167,931933,9428427307.0,0.01,0.00,0.000,8.37
2023-08-10,101.176,101.178,101.179,101.173,1097718,11106286334.0,0.01,0.01,0.006,9.85
2023-08-11,101.187,101.193,101.201,101.186,1122924,11362912432.0,0.01,0.01,0.015,10.08
2023-08-14,101.194,101.203,101.205,101.194,1220857,12354860234.0,0.01,0.01,0.010,10.96
2023-08-15,101.203,101.215,101.218,101.202,1019426,10317678958.0,0.02,0.01,0.012,9.15
2023-08-16,101.216,101.228,101.228,101.216,894096,9050281765.0,0.01,0.01,0.013,8.03
2023-08-17,101.22,101.204,101.225,101.201,1217572,12323554557.0,0.02,-0.02,-0.024,10.93
2023-08-18,101.216,101.221,101.225,101.216,1278006,12936013845.0,0.01,0.02,0.017,11.47
2023-08-21,101.226,101.234,101.239,101.225,1256138,12715750638.0,0.01,0.01,0.013,11.28
2023-08-22,101.238,101.224,101.258,101.191,1439637,14574161651.0,0.07,-0.01,-0.010,12.92
2023-08-23,101.234,101.231,101.237,101.221,1358302,13750105252.0,0.02,0.01,0.007,12.19
2023-08-24,101.236,101.237,101.238,101.231,1430425,14480885131.0,0.01,0.01,0.006,12.84
2023-08-25,101.248,101.242,101.254,101.24,1628850,16491864326.0,0.01,0.00,0.005,14.62
2023-08-28,101.18,101.244,101.245,101.18,3070761,31084179928.0,0.06,0.00,0.002,27.57
2023-08-29,101.25,101.245,101.254,101.237,2387641,24173672628.0,0.02,0.00,0.001,21.43
2023-08-30,101.246,101.254,101.257,101.241,1697519,17187025747.0,0.02,0.01,0.009,15.24
2023-08-31,101.257,101.264,101.267,101.257,1218734,12341134429.0,0.01,0.01,0.010,10.94
2023-09-01,101.275,101.306,101.311,101.273,1260963,12772022556.0,0.04,0.04,0.042,11.32
2023-09-04,101.296,101.299,101.305,101.291,1060378,10741676902.0,0.01,-0.01,-0.007,9.52
2023-09-05,101.295,101.291,101.3,101.281,1023625,10368851804.0,0.02,-0.01,-0.008,9.19
2023-09-06,101.301,101.293,101.304,101.289,1514298,15339141359.0,0.01,0.00,0.002,13.59
2023-09-07,101.299,101.301,101.303,101.295,1275562,12921255459.0,0.01,0.01,0.008,11.45
2023-09-08,101.307,101.309,101.315,101.306,1445906,14648491725.0,0.01,0.01,0.008,12.98
2023-09-11,101.318,101.312,101.32,101.311,1302470,13195883711.0,0.01,0.00,0.003,11.69
2023-09-12,101.319,101.314,101.32,101.313,987149,10001491057.0,0.01,0.00,0.002,8.86
2023-09-13,101.321,101.322,101.337,101.318,1147708,11629128364.0,0.02,0.01,0.008,10.30
2023-09-14,101.34,101.32,101.342,101.31,1385638,14039981721.0,0.03,0.00,-0.002,12.44
2023-09-15,101.333,101.331,101.34,101.329,1333503,13512963812.0,0.01,0.01,0.011,11.97
2023-09-18,101.34,101.335,101.34,101.333,1180104,11958839910.0,0.01,0.00,0.004,10.59
2023-09-19,101.34,101.338,101.341,101.337,1142452,11577521903.0,0.00,0.00,0.003,10.26
2023-09-20,101.343,101.342,101.344,101.341,776283,7866993157.0,0.00,0.00,0.004,6.97
2023-09-21,101.345,101.341,101.347,101.338,995685,10090493088.0,0.01,0.00,-0.001,8.94
2023-09-22,101.356,101.346,101.357,101.342,1724005,17472624681.0,0.01,0.00,0.005,15.48
2023-09-25,101.357,101.367,101.368,101.355,1435395,14549598878.0,0.01,0.02,0.021,12.89
2023-09-26,101.368,101.368,101.371,101.364,1322239,13403156658.0,0.01,0.00,0.001,11.87
2023-09-27,101.363,101.377,101.4,101.316,2008685,20359321021.0,0.08,0.01,0.009,18.03
2023-09-28,101.43,101.446,101.454,101.429,1720904,17457673707.0,0.02,0.07,0.069,15.45
2023-10-09,101.449,101.467,101.474,101.447,1339238,13586951734.0,0.03,0.02,0.021,12.02
2023-10-10,101.459,101.486,101.49,101.459,1049081,10645013677.0,0.03,0.02,0.019,9.42
2023-10-11,101.479,101.472,101.494,101.464,1190372,12079208228.0,0.03,-0.01,-0.014,10.69
2023-10-12,101.463,101.473,101.475,101.462,1023427,10384396216.0,0.01,0.00,0.001,9.19
2023-10-13,101.484,101.491,101.501,101.482,1090033,11062558509.0,0.02,0.02,0.018,9.78
2023-10-16,101.491,101.491,101.496,101.489,745876,7570073734.0,0.01,0.00,0.000,6.70
2023-10-17,101.497,101.497,101.501,101.494,1495842,15182411909.0,0.01,0.01,0.006,13.43
2023-10-18,101.499,101.518,101.529,101.499,1206659,12248811036.0,0.03,0.02,0.021,10.83
2023-10-19,101.515,101.529,101.54,101.512,1058179,10742189032.0,0.03,0.01,0.011,9.50
2023-10-20,101.52,101.526,101.528,101.515,1337343,13576949013.0,0.01,0.00,-0.003,12.01
2023-10-23,101.519,101.529,101.533,101.518,985456,10004793205.0,0.01,0.00,0.003,8.85
2023-10-24,101.525,101.529,101.532,101.522,980995,9959734258.0,0.01,0.00,0.000,8.81
2023-10-25,101.524,101.517,101.527,101.515,1578450,16024363359.0,0.01,-0.01,-0.012,14.17
2023-10-26,101.523,101.516,101.525,101.514,1141314,11586713441.0,0.01,0.00,-0.001,10.25
2023-10-27,101.535,101.53,101.536,101.522,1460983,14833345741.0,0.01,0.01,0.014,13.11
2023-10-30,101.539,101.538,101.54,101.535,1352368,13731511028.0,0.00,0.01,0.008,12.14
2023-10-31,101.542,101.547,101.55,101.54,1136584,11541578306.0,0.01,0.01,0.009,10.20
2023-11-01,101.552,101.572,101.574,101.551,1275333,12952077981.0,0.02,0.02,0.025,11.45
2023-11-02,101.57,101.583,101.587,101.568,766806,7788736662.0,0.02,0.01,0.011,6.88
2023-11-03,101.581,101.574,101.586,101.57,1547807,15722099605.0,0.02,-0.01,-0.009,13.89
2023-11-06,101.578,101.57,101.578,101.564,1913177,19431936398.0,0.01,0.00,-0.004,17.17
2023-11-07,101.571,101.586,101.589,101.567,1236749,12562807714.0,0.02,0.02,0.016,11.10
2023-11-08,101.593,101.588,101.596,101.587,1100333,11178293050.0,0.01,0.00,0.002,9.88
2023-11-09,101.595,101.593,101.596,101.59,827403,8405793353.0,0.01,0.00,0.005,7.43
2023-11-10,101.604,101.607,101.61,101.603,999117,10151625885.0,0.01,0.01,0.014,8.97
2023-11-13,101.608,101.611,101.611,101.608,844014,8576013576.0,0.00,0.00,0.004,7.58
2023-11-14,101.618,101.614,101.619,101.612,1017517,10339444219.0,0.01,0.00,0.003,9.13
2023-11-15,101.612,101.614,101.615,101.61,1119389,11374477042.0,0.00,0.00,0.000,10.05
2023-11-16,101.619,101.634,101.638,101.616,855685,8695995679.0,0.02,0.02,0.020,7.68
2023-11-17,101.642,101.642,101.651,101.639,878170,8926265767.0,0.01,0.01,0.008,7.88
2023-11-20,101.645,101.659,101.668,101.645,1158731,11778420086.0,0.02,0.02,0.017,10.40
2023-11-21,101.652,101.658,101.663,101.649,1101782,11199899372.0,0.01,0.00,-0.001,9.89
2023-11-22,101.66,101.663,101.666,101.659,795964,8091858115.0,0.01,0.00,0.005,7.15
2023-11-23,101.661,101.668,101.675,101.658,856616,8708728109.0,0.02,0.00,0.005,7.69
2023-11-24,101.674,101.692,101.698,101.674,764168,7770550737.0,0.02,0.02,0.024,6.86
2023-11-27,101.683,101.684,101.685,101.671,867275,8818446718.0,0.01,-0.01,-0.008,7.79
2023-11-28,101.69,101.683,101.695,101.674,875638,8904382141.0,0.02,0.00,-0.001,7.86
2023-11-29,101.686,101.683,101.688,101.676,1227996,12486348319.0,0.01,0.00,0.000,11.02
2023-11-30,101.686,101.691,101.693,101.683,1073789,10919035753.0,0.01,0.01,0.008,9.64
2023-12-01,101.705,101.721,101.728,101.702,1192076,12125096355.0,0.03,0.03,0.030,10.70
2023-12-04,101.727,101.724,101.728,101.721,1277044,12990469618.0,0.01,0.00,0.003,11.46
2023-12-05,101.728,101.727,101.735,101.725,1376544,14003519958.0,0.01,0.00,0.003,12.36
2023-12-06,101.728,101.728,101.731,101.722,1438147,14629736402.0,0.01,0.00,0.001,12.91
2023-12-07,101.737,101.738,101.741,101.73,1476923,15025380488.0,0.01,0.01,0.010,13.26
2023-12-08,101.749,101.723,101.75,101.716,1858908,18912359227.0,0.03,-0.01,-0.015,16.69
2023-12-11,101.743,101.745,101.749,101.735,1874784,19074570630.0,0.01,0.02,0.022,16.83
2023-12-12,101.747,101.763,101.767,101.744,1404333,14289644445.0,0.02,0.02,0.018,12.61
2023-12-13,101.76,101.776,101.777,101.759,1375511,13997771987.0,0.02,0.01,0.013,12.35
2023-12-14,101.775,101.777,101.778,101.769,1903799,19375654312.0,0.01,0.00,0.001,17.09
2023-12-15,101.779,101.784,101.793,101.773,2357515,23994926587.0,0.02,0.01,0.007,21.16
2023-12-18,101.787,101.785,101.789,101.782,1930707,19651621715.0,0.01,0.00,0.001,17.33
2023-12-19,101.788,101.788,101.795,101.785,1597181,16257481541.0,0.01,0.00,0.003,14.34
2023-12-20,101.798,101.796,101.81,101.794,2272431,23133697483.0,0.02,0.01,0.008,20.40
2023-12-21,101.803,101.792,101.806,101.777,2039831,20764663493.0,0.03,0.00,-0.004,18.31
2023-12-22,101.813,101.811,101.824,101.808,1847133,18806469741.0,0.02,0.02,0.019,16.58
2023-12-25,101.823,101.823,101.824,101.818,1643275,16731936296.0,0.01,0.01,0.012,14.75
2023-12-26,101.823,101.822,101.824,101.813,1709354,17404273513.0,0.01,0.00,-0.001,15.34
2023-12-27,101.82,101.825,101.829,101.814,1598016,16271330439.0,0.01,0.00,0.003,14.35
2023-12-28,101.82,101.809,101.829,101.799,1788686,18210692788.0,0.03,-0.02,-0.016,16.06
2023-12-29,100.081,100.083,100.088,100.079,1410680,14118564778.0,0.01,-1.70,-1.726,12.66
2024-01-02,100.094,100.111,100.113,100.094,1114354,11154660403.0,0.02,0.03,0.028,10.00
2024-01-03,100.114,100.113,100.119,100.107,1133438,11347331651.0,0.01,0.00,0.002,10.17
2024-01-04,100.113,100.12,100.121,100.113,748002,7488800830.0,0.01,0.01,0.007,6.71
2024-01-05,100.136,100.138,100.144,100.134,1088850,10903498293.0,0.01,0.02,0.018,9.77
2024-01-08,100.137,100.138,100.14,100.134,912218,9134624783.0,0.01,0.00,0.000,8.19
2024-01-09,100.138,100.142,100.148,100.135,865742,8669524788.0,0.01,0.00,0.004,7.77
2024-01-10,100.149,100.15,100.152,100.146,1007863,10093641726.0,0.01,0.01,0.008,9.05
2024-01-11,100.151,100.148,100.155,100.143,1555939,15582534138.0,0.01,0.00,-0.002,13.97
2024-01-12,100.165,100.17,100.175,100.164,1054638,10564198629.0,0.01,0.02,0.022,9.47
2024-01-15,100.176,100.179,100.181,100.173,869360,8708829940.0,0.01,0.01,0.009,7.80
2024-01-16,100.181,100.178,100.181,100.176,895412,8970092688.0,0.00,0.00,-0.001,8.04
2024-01-17,100.179,100.182,100.183,100.177,907186,9088231477.0,0.01,0.00,0.004,8.14
2024-01-18,100.181,100.191,100.199,100.175,1168408,11705075274.0,0.02,0.01,0.009,10.49
2024-01-19,100.199,100.208,100.215,100.198,1229195,12317343423.0,0.02,0.02,0.017,11.03
2024-01-22,100.209,100.224,100.228,100.209,842316,8441192657.0,0.02,0.02,0.016,7.56
2024-01-23,100.217,100.216,100.222,100.206,1817786,18216642065.0,0.02,-0.01,-0.008,16.32
2024-01-24,100.216,100.216,100.22,100.209,1426085,14291502034.0,0.01,0.00,0.000,12.80
2024-01-25,100.218,100.205,100.22,100.198,1238601,12412197573.0,0.02,-0.01,-0.011,11.12
2024-01-26,100.225,100.233,100.236,100.222,1750706,17547325274.0,0.01,0.03,0.028,15.72
2024-01-29,100.239,100.241,100.243,100.236,1138090,11408182383.0,0.01,0.01,0.008,10.22
2024-01-30,100.246,100.254,100.257,100.245,1061805,10644378512.0,0.01,0.01,0.013,9.53
2024-01-31,100.254,100.26,100.262,100.251,1040148,10428111293.0,0.01,0.01,0.006,9.34
2024-02-01,100.262,100.268,100.269,100.256,1093340,10962067839.0,0.01,0.01,0.008,9.81
2024-02-02,100.275,100.28,100.282,100.273,964425,9671091951.0,0.01,0.01,0.012,8.66
2024-02-05,100.284,100.287,100.289,100.28,1307160,13108704099.0,0.01,0.01,0.007,11.73
2024-02-06,100.29,100.279,100.29,100.265,1518467,15227743424.0,0.02,-0.01,-0.008,13.63
2024-02-07,100.281,100.297,100.301,100.271,2512693,25197326642.0,0.03,0.02,0.018,22.56
2024-02-08,100.336,100.393,100.396,100.299,2590681,25994985528.0,0.10,0.10,0.096,23.26
2024-02-19,100.348,100.346,100.355,100.339,2480000,24885602100.0,0.02,-0.05,-0.047,22.26
2024-02-20,100.35,100.353,100.354,100.35,1323872,13285326240.0,0.00,0.01,0.007,11.88
2024-02-21,100.359,100.35,100.36,100.348,1706642,17126610289.0,0.01,0.00,-0.003,15.32
2024-02-22,100.358,100.353,100.358,100.353,1303423,13080531025.0,0.00,0.00,0.003,11.70
2024-02-23,100.37,100.369,100.372,100.363,1483790,14892673189.0,0.01,0.02,0.016,13.32
2024-02-26,100.375,100.376,100.377,100.373,1125442,11296676649.0,0.00,0.01,0.007,10.10
2024-02-27,100.382,100.378,100.384,100.374,1191226,11957646011.0,0.01,0.00,0.002,10.69
2024-02-28,100.381,100.377,100.382,100.373,1428637,14340313065.0,0.01,0.00,-0.001,12.82
2024-02-29,100.371,100.374,100.381,100.366,1409925,14152007744.0,0.01,0.00,-0.003,12.66
2024-03-01,100.401,100.402,100.414,100.401,1514607,15207647543.0,0.01,0.03,0.028,13.60
2024-03-04,100.415,100.413,100.416,100.412,879347,8829953081.0,0.00,0.01,0.011,7.89
2024-03-05,100.421,100.422,100.425,100.42,867885,8715467755.0,0.00,0.01,0.009,7.79
2024-03-06,100.43,100.429,100.432,100.424,1139425,11443049203.0,0.01,0.01,0.007,10.23
2024-03-07,100.431,100.432,100.433,100.43,834655,8382546178.0,0.00,0.00,0.003,7.49
2024-03-08,100.445,100.442,100.447,100.44,894474,8984456190.0,0.01,0.01,0.010,8.03
2024-03-11,100.448,100.444,100.449,100.444,996633,10010756631.0,0.00,0.00,0.002,8.95
2024-03-12,100.451,100.449,100.452,100.448,1175107,11803842048.0,0.00,0.00,0.005,10.55
2024-03-13,100.449,100.454,100.455,100.445,1176269,11815643609.0,0.01,0.00,0.005,10.56
2024-03-14,100.452,100.463,100.465,100.44,860335,8642368657.0,0.02,0.01,0.009,7.72
2024-03-15,100.478,100.478,100.482,100.476,857091,8611971181.0,0.01,0.01,0.015,7.69
2024-03-18,100.483,100.483,100.485,100.481,950254,9548403533.0,0.00,0.00,0.005,8.53
2024-03-19,100.486,100.486,100.493,100.484,994249,9991029554.0,0.01,0.00,0.003,8.93
2024-03-20,100.49,100.492,100.495,100.489,732112,7357102089.0,0.01,0.01,0.006,6.57
2024-03-21,100.495,100.498,100.502,100.494,897658,9021143409.0,0.01,0.01,0.006,8.06
2024-03-22,100.515,100.514,100.518,100.512,872946,8774390843.0,0.01,0.02,0.016,7.84
2024-03-25,100.517,100.532,100.534,100.517,1018448,10237681889.0,0.02,0.02,0.018,9.14
2024-03-26,100.526,100.529,100.535,100.525,1556521,15647535461.0,0.01,0.00,-0.003,13.97
2024-03-27,100.531,100.52,100.533,100.517,1086158,10918923387.0,0.02,-0.01,-0.009,9.75
2024-03-28,100.519,100.513,100.522,100.493,1169953,11759423928.0,0.03,-0.01,-0.007,10.50
2024-03-29,100.546,100.568,100.575,100.54,1112327,11184725664.0,0.03,0.05,0.055,9.99
2024-04-01,100.562,100.559,100.567,100.557,1112189,11184312224.0,0.01,-0.01,-0.009,9.98
2024-04-02,100.566,100.59,100.593,100.562,971750,9773467430.0,0.03,0.03,0.031,8.72
2024-04-03,100.599,100.62,100.629,100.599,891978,8974439468.0,0.03,0.03,0.030,8.01
2024-04-08,100.616,100.633,100.64,100.611,836620,8418136484.0,0.03,0.01,0.013,7.51
2024-04-09,100.617,100.622,100.629,100.616,1017603,10239376016.0,0.01,-0.01,-0.011,9.13
2024-04-10,100.615,100.622,100.623,100.615,871838,8772197318.0,0.01,0.00,0.000,7.83
2024-04-11,100.62,100.602,100.622,100.598,1139160,11461415155.0,0.02,-0.02,-0.020,10.23
2024-04-12,100.617,100.618,100.62,100.616,865677,8710240397.0,0.00,0.02,0.016,7.77
2024-04-15,100.622,100.618,100.623,100.617,1047764,10542581175.0,0.01,0.00,0.000,9.41
2024-04-16,100.624,100.626,100.627,100.623,1020687,10270616676.0,0.00,0.01,0.008,9.16
2024-04-17,100.628,100.624,100.63,100.623,1584723,15946481153.0,0.01,0.00,-0.002,14.23
2024-04-18,100.63,100.632,100.634,100.629,1606638,16167816033.0,0.00,0.01,0.008,14.42
2024-04-19,100.649,100.644,100.65,100.643,878523,8842160735.0,0.01,0.01,0.012,7.89
2024-04-22,100.65,100.648,100.651,100.647,1370925,13798130251.0,0.00,0.00,0.004,12.31
2024-04-23,100.654,100.654,100.655,100.653,936278,9423993241.0,0.00,0.01,0.006,8.40
2024-04-24,100.659,100.654,100.66,100.652,1397162,14063294224.0,0.01,0.00,0.000,12.54
2024-04-25,100.659,100.662,100.663,100.657,1389036,13981980480.0,0.01,0.01,0.008,12.47
2024-04-26,100.675,100.662,100.677,100.657,2173513,21880513540.0,0.02,0.00,0.000,19.51
2024-04-29,100.668,100.672,100.673,100.661,2262310,22774036627.0,0.01,0.01,0.010,20.31
2024-04-30,100.698,100.705,100.712,100.696,1511504,15221406006.0,0.02,0.03,0.033,13.57
2024-05-06,100.703,100.706,100.709,100.7,1493962,15044829359.0,0.01,0.00,0.001,13.41
2024-05-07,100.713,100.715,100.716,100.712,865697,8718760591.0,0.00,0.01,0.009,7.77
2024-05-08,100.719,100.721,100.724,100.718,884353,8907273315.0,0.01,0.01,0.006,7.94
2024-05-09,100.724,100.718,100.725,100.716,934260,9409855398.0,0.01,0.00,-0.003,8.39
2024-05-10,100.731,100.739,100.745,100.73,1100264,11083719098.0,0.01,0.02,0.021,9.88
2024-05-13,100.739,100.738,100.742,100.737,840260,8464720423.0,0.00,0.00,-0.001,7.54
2024-05-14,100.743,100.743,100.745,100.74,786285,7921257087.0,0.00,0.00,0.005,7.06
2024-05-15,100.748,100.747,100.749,100.746,584923,5892967641.0,0.00,0.00,0.004,5.25
2024-05-16,100.751,100.749,100.752,100.748,1147026,11556275982.0,0.00,0.00,0.002,10.30
2024-05-17,100.764,100.758,100.765,100.755,1172334,11812589845.0,0.01,0.01,0.009,10.52
2024-05-20,100.761,100.767,100.769,100.76,1482684,14939840162.0,0.01,0.01,0.009,13.31
2024-05-21,100.767,100.77,100.773,100.765,1117514,11261168301.0,0.01,0.00,0.003,10.03
2024-05-22,100.776,100.776,100.777,100.772,925231,9323964137.0,0.00,0.01,0.006,8.31
2024-05-23,100.78,100.796,100.797,100.778,873971,8808407723.0,0.02,0.02,0.020,7.85
2024-05-24,100.797,100.818,100.822,100.797,936685,9442409791.0,0.02,0.02,0.022,8.41
2024-05-27,100.805,100.81,100.816,100.805,1113304,11223462413.0,0.01,-0.01,-0.008,9.99
2024-05-28,100.808,100.807,100.81,100.805,1164363,11737613988.0,0.00,0.00,-0.003,10.45
2024-05-29,100.81,100.8,100.811,100.798,980816,9887292365.0,0.01,-0.01,-0.007,8.80
2024-05-30,100.808,100.816,100.818,100.805,1103163,11121080995.0,0.01,0.02,0.016,9.90
2024-05-31,100.824,100.818,100.827,100.813,1337715,13486741258.0,0.01,0.00,0.002,12.01
2024-06-03,100.825,100.831,100.832,100.823,1259921,12703363064.0,0.01,0.01,0.013,11.31
2024-06-04,100.835,100.83,100.842,100.829,906678,9142608469.0,0.01,0.00,-0.001,8.14
2024-06-05,100.838,100.838,100.843,100.837,812524,8193462609.0,0.01,0.01,0.008,7.29
2024-06-06,100.844,100.846,100.849,100.841,955692,9637597548.0,0.01,0.01,0.008,8.58
2024-06-07,100.86,100.861,100.866,100.857,1198261,12085687403.0,0.01,0.01,0.015,10.76
2024-06-11,100.863,100.861,100.864,100.859,852515,8598702409.0,0.00,0.00,0.000,7.65
2024-06-12,100.865,100.863,100.869,100.861,1409347,14215396404.0,0.01,0.00,0.002,12.65
2024-06-13,100.866,100.865,100.868,100.863,917944,9258899919.0,0.00,0.00,0.002,8.24
2024-06-14,100.878,100.87,100.879,100.869,1085096,10945867035.0,0.01,0.00,0.005,9.74
2024-06-17,100.881,100.882,100.884,100.88,1197423,12079831981.0,0.00,0.01,0.012,10.75
2024-06-18,100.887,100.886,100.888,100.885,1353179,13651722192.0,0.00,0.00,0.004,12.15
2024-06-19,100.891,100.891,100.895,100.889,1258369,12695954211.0,0.01,0.00,0.005,11.30
2024-06-20,100.897,100.896,100.898,100.892,965886,9745412774.0,0.01,0.00,0.005,8.67
2024-06-21,100.908,100.906,100.909,100.904,846906,8545780222.0,0.00,0.01,0.010,7.60
2024-06-24,100.909,100.913,100.914,100.908,1266597,12781253843.0,0.01,0.01,0.007,11.37
2024-06-25,100.916,100.913,100.917,100.912,1078692,10885510787.0,0.00,0.00,0.000,9.68
2024-06-26,100.916,100.916,100.917,100.914,1009472,10187133637.0,0.00,0.00,0.003,9.06
2024-06-27,100.919,100.925,100.927,100.915,1146196,11567415267.0,0.01,0.01,0.009,10.29
2024-06-28,100.934,100.933,100.938,100.93,1299602,13117296299.0,0.01,0.01,0.008,11.67
2024-07-01,100.939,100.947,100.948,100.937,910610,9191943485.0,0.01,0.01,0.014,8.17
2024-07-02,100.95,100.959,100.96,100.949,633437,6394713233.0,0.01,0.01,0.012,5.69
2024-07-03,100.967,100.954,100.969,100.954,647613,6538259614.0,0.01,0.00,-0.005,5.81
2024-07-04,100.959,100.963,100.965,100.955,582060,5876383327.0,0.01,0.01,0.009,5.23
2024-07-05,100.966,100.969,100.97,100.965,958953,9682324952.0,0.00,0.01,0.006,8.61
2024-07-08,100.971,100.972,100.973,100.97,676720,6832920387.0,0.00,0.00,0.003,6.07
2024-07-09,100.973,100.967,100.974,100.966,1114096,11248991454.0,0.01,0.00,-0.005,10.00
2024-07-10,100.973,100.973,100.973,100.97,750933,7582296682.0,0.00,0.01,0.006,6.74
2024-07-11,100.974,100.974,100.976,100.971,1258929,12711827755.0,0.00,0.00,0.001,11.30
2024-07-12,100.985,100.986,100.988,100.984,857948,8664066116.0,0.00,0.01,0.012,7.70
2024-07-15,100.993,100.996,100.996,100.991,940669,9500113435.0,0.00,0.01,0.010,8.44
2024-07-16,100.998,100.995,101.002,100.994,733971,7412968541.0,0.01,0.00,-0.001,6.59
2024-07-17,101.0,100.999,101.001,100.998,546039,5514943306.0,0.00,0.00,0.004,4.90
2024-07-18,101.001,101.0,101.003,100.998,836887,8452637256.0,0.00,0.00,0.001,7.51
2024-07-19,101.013,101.017,101.1,101.01,722756,7300775151.0,0.09,0.02,0.017,6.49
2024-07-22,101.016,101.013,101.017,101.012,770261,7780777022.0,0.00,0.00,-0.004,6.91
2024-07-23,101.018,101.019,101.019,101.016,951418,9610962425.0,0.00,0.01,0.006,8.54
2024-07-24,101.023,101.022,101.024,101.021,977330,9873242019.0,0.00,0.00,0.003,8.77
2024-07-25,101.026,101.024,101.027,101.022,1264847,12778003893.0,0.00,0.00,0.002,11.35
2024-07-26,101.036,101.035,101.037,101.034,990047,10002941895.0,0.00,0.01,0.011,8.89
2024-07-29,101.038,101.04,101.041,101.037,715060,7224896222.0,0.00,0.00,0.005,6.42
2024-07-30,101.044,101.044,101.046,101.041,873539,8826572887.0,0.00,0.00,0.004,7.84
2024-07-31,101.047,101.038,101.049,101.031,1825315,18443118558.0,0.02,-0.01,-0.006,16.39
2024-08-01,101.045,101.053,101.056,101.045,1242734,12557876618.0,0.01,0.01,0.015,11.16
2024-08-02,101.065,101.069,101.069,101.065,717775,7254318884.0,0.00,0.02,0.016,6.44
2024-08-05,101.071,101.079,101.09,101.067,1007798,10185881827.0,0.02,0.01,0.010,9.05
2024-08-06,101.076,101.079,101.081,101.071,1000153,10108958584.0,0.01,0.00,0.000,8.98
2024-08-07,101.078,101.084,101.088,101.077,846817,8559601504.0,0.01,0.00,0.005,7.60
2024-08-08,101.086,101.079,101.091,101.078,688165,6956287229.0,0.01,0.00,-0.005,6.18
2024-08-09,101.091,101.095,101.097,101.09,828970,8380182392.0,0.01,0.02,0.016,7.44
2024-08-12,101.096,101.099,101.1,101.095,750139,7583647517.0,0.00,0.00,0.004,6.73
2024-08-13,101.099,101.101,101.102,101.097,959342,9698846054.0,0.00,0.00,0.002,8.61
2024-08-14,101.103,101.103,101.104,101.101,683577,6911122353.0,0.00,0.00,0.002,6.14
2024-08-15,101.108,101.106,101.111,101.099,1172225,11851810775.0,0.01,0.00,0.003,10.52
2024-08-16,101.116,101.121,101.121,101.115,933039,9434714408.0,0.01,0.01,0.015,8.38
2024-08-19,101.123,101.122,101.124,101.119,715220,7232404762.0,0.00,0.00,0.001,6.42
2024-08-20,101.123,101.129,101.134,101.122,940811,9513897754.0,0.01,0.01,0.007,8.45
2024-08-21,101.129,101.127,101.13,101.127,741977,7503488856.0,0.00,0.00,-0.002,6.66
2024-08-22,101.133,101.14,101.143,101.133,921364,9318188750.0,0.01,0.01,0.013,8.27
2024-08-23,101.15,101.144,101.15,101.141,592320,5991083363.0,0.01,0.00,0.004,5.32
2024-08-26,101.147,101.146,101.149,101.145,652763,6602500691.0,0.00,0.00,0.002,5.86
2024-08-27,101.151,101.15,101.152,101.149,672406,6801411730.0,0.00,0.00,0.004,6.04
2024-08-28,101.155,101.154,101.156,101.153,720094,7284061966.0,0.00,0.00,0.004,6.46
2024-08-29,101.159,101.151,101.159,101.15,1199321,12131683084.0,0.01,0.00,-0.003,10.77
2024-08-30,101.166,101.159,101.168,101.154,1438592,14552667608.0,0.01,0.01,0.008,12.91
2024-09-02,101.17,101.189,101.193,101.169,1155475,11690562454.0,0.02,0.03,0.030,10.37
2024-09-03,101.192,101.182,101.193,101.176,873234,8835374268.0,0.02,-0.01,-0.007,7.84
2024-09-04,101.181,101.187,101.189,101.18,544991,5514362666.0,0.01,0.00,0.005,4.89
2024-09-05,101.2,101.194,101.2,101.188,925030,9360568902.0,0.01,0.01,0.007,8.30
2024-09-06,101.196,101.206,101.209,101.196,725674,7343913835.0,0.01,0.01,0.012,6.51
2024-09-09,101.205,101.199,101.208,101.198,900321,9111336224.0,0.01,-0.01,-0.007,8.08
2024-09-10,101.204,101.201,101.205,101.199,1083260,10962805085.0,0.01,0.00,0.002,9.72
2024-09-11,101.206,101.204,101.207,101.203,830282,8402837421.0,0.00,0.00,0.003,7.45
2024-09-12,101.209,101.203,101.209,101.201,952813,9642895364.0,0.01,0.00,-0.001,8.55
2024-09-13,101.227,101.228,101.23,101.225,696756,7053042403.0,0.00,0.02,0.025,6.25
2024-09-18,101.23,101.221,101.231,101.214,1171393,11857390905.0,0.02,-0.01,-0.007,10.52
2024-09-19,101.225,101.222,101.227,101.198,839373,8496026345.0,0.03,0.00,0.001,7.53
2024-09-20,101.244,101.248,101.249,101.243,869843,8806807100.0,0.01,0.03,0.026,7.81
2024-09-23,101.251,101.249,101.254,101.247,1217177,12323920081.0,0.01,0.00,0.001,10.93
2024-09-24,101.252,101.235,101.253,101.232,2234891,22626984404.0,0.02,-0.01,-0.014,20.06
2024-09-25,101.229,101.255,101.256,101.213,2044758,20700810498.0,0.04,0.02,0.020,18.36
2024-09-26,101.256,101.246,101.259,101.244,1736444,17581418923.0,0.01,-0.01,-0.009,15.59
2024-09-27,101.21,101.315,101.369,101.168,1043929,10566288470.0,0.20,0.07,0.069,9.37
2024-09-30,101.21,101.294,101.334,101.205,1861213,18848114606.0,0.13,-0.02,-0.021,16.71
2024-10-08,101.008,101.3,101.306,101.0,2457612,24882297816.0,0.30,0.01,0.006,22.06
2024-10-09,101.309,101.318,101.335,101.302,1679351,17013703554.0,0.03,0.02,0.018,15.08
2024-10-10,101.312,101.378,101.386,101.312,1059939,10739992841.0,0.07,0.06,0.060,9.51
2024-10-11,101.36,101.472,101.488,101.357,875849,8882946164.0,0.13,0.09,0.094,7.86
2024-10-14,101.39,101.488,101.492,101.389,798969,8106032032.0,0.10,0.02,0.016,7.17
2024-10-15,101.44,101.379,101.464,101.346,1291520,13094688903.0,0.12,-0.11,-0.109,11.59
2024-10-16,101.342,101.336,101.344,101.335,1389307,14079089428.0,0.01,-0.04,-0.043,12.47
2024-10-17,101.336,101.341,101.341,101.335,1048158,10621865690.0,0.01,0.00,0.005,9.41
2024-10-18,101.345,101.292,101.349,101.245,2006513,20329209628.0,0.10,-0.05,-0.049,18.01
2024-10-21,101.3,101.348,101.352,101.3,1255164,12719515215.0,0.05,0.06,0.056,11.27
2024-10-22,101.351,101.355,101.355,101.347,1096554,11113749613.0,0.01,0.01,0.007,9.84
2024-10-23,101.355,101.357,101.358,101.35,1024454,10383193754.0,0.01,0.00,0.002,9.20
2024-10-24,101.365,101.373,101.379,101.363,1133203,11487040285.0,0.02,0.02,0.016,10.17
2024-10-25,101.378,101.372,101.386,101.371,1591606,16134967614.0,0.01,0.00,-0.001,14.29
2024-10-28,101.376,101.378,101.379,101.375,1012950,10268932132.0,0.00,0.01,0.006,9.09
2024-10-29,101.376,101.379,101.381,101.372,1192444,12088512851.0,0.01,0.00,0.001,10.70
2024-10-30,101.383,101.385,101.386,101.379,615878,6243888123.0,0.01,0.01,0.006,5.53
2024-10-31,101.391,101.394,101.397,101.386,1355676,13745244868.0,0.01,0.01,0.009,12.17
2024-11-01,101.407,101.41,101.422,101.402,1074020,10891681722.0,0.02,0.02,0.016,9.64
2024-11-04,101.418,101.413,101.418,101.406,861281,8734331098.0,0.01,0.00,0.003,7.73
2024-11-05,101.415,101.406,101.415,101.405,1608634,16312845466.0,0.01,-0.01,-0.007,14.44
2024-11-06,101.41,101.419,101.422,101.408,1579573,16019216662.0,0.01,0.01,0.013,14.18
2024-11-07,101.422,101.407,101.422,101.402,1220851,12381068190.0,0.02,-0.01,-0.012,10.96
2024-11-08,101.41,101.43,101.432,101.401,1876065,19026181024.0,0.03,0.02,0.023,16.84
2024-11-11,101.429,101.433,101.438,101.423,808847,8204120945.0,0.01,0.00,0.003,7.26
2024-11-12,101.435,101.441,101.445,101.434,975477,9895211395.0,0.01,0.01,0.008,8.76
2024-11-13,101.443,101.44,101.45,101.438,1108364,11243565527.0,0.01,0.00,-0.001,9.95
2024-11-14,101.445,101.444,101.446,101.441,891545,9044193735.0,0.00,0.00,0.004,8.00
2024-11-15,101.452,101.448,101.454,101.445,1312388,13314022513.0,0.01,0.00,0.004,11.78
2024-11-18,101.448,101.451,101.451,101.447,985221,9994964936.0,0.00,0.00,0.003,8.84
2024-11-19,101.453,101.453,101.455,101.449,886502,8993759090.0,0.01,0.00,0.002,7.96
2024-11-20,101.461,101.465,101.467,101.461,1053556,10689743897.0,0.01,0.01,0.012,9.46
2024-11-21,101.467,101.47,101.474,101.467,1249122,12674781541.0,0.01,0.00,0.005,11.21
2024-11-22,101.48,101.49,101.495,101.478,1147757,11647944031.0,0.02,0.02,0.020,10.30
2024-11-25,101.485,101.48,101.487,101.478,1423987,14450847915.0,0.01,-0.01,-0.010,12.78
2024-11-26,101.482,101.485,101.486,101.477,1276862,12957738224.0,0.01,0.00,0.005,11.46
2024-11-27,101.486,101.482,101.489,101.479,864953,8778002816.0,0.01,0.00,-0.003,7.76
2024-11-28,101.49,101.495,101.497,101.49,1566929,15903234311.0,0.01,0.01,0.013,14.07
2024-11-29,101.504,101.496,101.506,101.489,1915924,19446085396.0,0.02,0.00,0.001,17.20
2024-12-02,101.503,101.508,101.509,101.501,1960380,19898752713.0,0.01,0.01,0.012,17.60
2024-12-03,101.514,101.513,101.516,101.507,1405615,14268608365.0,0.01,0.00,0.005,12.62
2024-12-04,101.517,101.525,101.527,101.514,1139565,11568656059.0,0.01,0.01,0.012,10.23
2024-12-05,101.525,101.523,101.525,101.518,1115441,11324220568.0,0.01,0.00,-0.002,10.01
2024-12-06,101.529,101.524,101.532,101.523,1585393,16095990055.0,0.01,0.00,0.001,14.23
2024-12-09,101.529,101.531,101.533,101.528,1430384,14522745642.0,0.00,0.01,0.007,12.84
2024-12-10,101.51,101.528,101.53,101.508,3001868,30474514456.0,0.02,0.00,-0.003,26.95
2024-12-11,101.535,101.533,101.536,101.53,979424,9944294902.0,0.01,0.00,0.005,8.79
2024-12-12,101.541,101.543,101.545,101.54,1070474,10869802734.0,0.00,0.01,0.010,9.61
2024-12-13,101.553,101.559,101.56,101.55,980486,9957327863.0,0.01,0.02,0.016,8.80
2024-12-16,101.557,101.563,101.565,101.556,1022778,10387332639.0,0.01,0.00,0.004,9.18
2024-12-17,101.564,101.564,101.567,101.559,1165748,11839630996.0,0.01,0.00,0.001,10.46
2024-12-18,101.564,101.565,101.567,101.56,775018,7871338003.0,0.01,0.00,0.001,6.96
2024-12-19,101.57,101.566,101.571,101.563,1892154,19218224143.0,0.01,0.00,0.001,16.99
2024-12-20,101.576,101.576,101.577,101.574,794912,8074370718.0,0.00,0.01,0.010,7.14
2024-12-23,101.579,101.578,101.58,101.577,950551,9655537283.0,0.00,0.00,0.002,8.53
2024-12-24,101.581,101.578,101.581,101.572,1647584,16735534573.0,0.01,0.00,0.000,14.79
2024-12-25,101.58,101.585,101.587,101.576,845580,8589496296.0,0.01,0.01,0.007,7.59
2024-12-26,101.594,101.586,101.594,101.585,1647602,16737625381.0,0.01,0.00,0.001,14.79
2024-12-27,101.6,101.602,101.604,101.6,1147716,11660992120.0,0.00,0.02,0.016,10.30
2024-12-30,101.603,101.613,101.615,101.599,1665471,16921857761.0,0.02,0.01,0.011,14.95
2024-12-31,100.069,100.093,100.106,100.062,1138564,11394798877.0,0.04,-1.50,-1.520,10.22
2025-01-02,100.081,100.071,100.083,100.057,1494636,14956498711.0,0.03,-0.02,-0.022,13.42
2025-01-03,100.076,100.079,100.082,100.075,934741,9354779946.0,0.01,0.01,0.008,8.39
2025-01-06,100.08,100.081,100.084,100.079,859628,8603238429.0,0.00,0.00,0.002,7.72
2025-01-07,100.083,100.089,100.092,100.082,911520,9122932029.0,0.01,0.01,0.008,8.18
2025-01-08,100.088,100.122,100.124,100.087,847315,8481615807.0,0.04,0.03,0.033,7.61
2025-01-09,100.119,100.11,100.119,100.096,967143,9681230204.0,0.02,-0.01,-0.012,8.68
2025-01-10,100.111,100.119,100.124,100.107,801427,8023399209.0,0.02,0.01,0.009,7.19
2025-01-13,100.12,100.103,100.12,100.101,897138,8980895088.0,0.02,-0.02,-0.016,8.05
2025-01-14,100.105,100.095,100.106,100.09,1591672,15932048213.0,0.02,-0.01,-0.008,14.29
2025-01-15,100.101,100.114,100.117,100.099,990313,9913781558.0,0.02,0.02,0.019,8.89
2025-01-16,100.11,100.105,100.111,100.097,1170696,11718920012.0,0.01,-0.01,-0.009,10.51
2025-01-17,100.108,100.113,100.117,100.105,1187777,11890907805.0,0.01,0.01,0.008,10.66
2025-01-20,100.113,100.107,100.114,100.095,851120,8520109723.0,0.02,-0.01,-0.006,7.64
2025-01-21,100.118,100.12,100.125,100.117,1089247,10905618108.0,0.01,0.01,0.013,9.78
2025-01-22,100.126,100.129,100.132,100.124,1072879,10742524413.0,0.01,0.01,0.009,9.63
2025-01-23,100.129,100.123,100.129,100.117,1597695,15996593452.0,0.01,-0.01,-0.006,14.34
2025-01-24,100.128,100.125,100.142,100.096,2102266,21047646347.0,0.05,0.00,0.002,18.87
2025-01-27,100.176,100.19,100.199,100.173,1659894,16629793255.0,0.03,0.06,0.065,14.90
2025-02-05,100.182,100.2,100.202,100.181,1019476,10213802758.0,0.02,0.01,0.010,9.15
2025-02-06,100.201,100.191,100.201,100.185,1073605,10756615794.0,0.02,-0.01,-0.009,9.64
2025-02-07,100.198,100.195,100.201,100.193,1392929,13956534694.0,0.01,0.00,0.004,12.50
2025-02-10,100.198,100.196,100.199,100.194,1123306,11255138835.0,0.00,0.00,0.001,10.08
2025-02-11,100.2,100.205,100.206,100.198,909035,9108727136.0,0.01,0.01,0.009,8.16
2025-02-12,100.216,100.203,100.216,100.197,814286,8159754805.0,0.02,0.00,-0.002,7.31
2025-02-13,100.208,100.21,100.213,100.207,1235129,12377131413.0,0.01,0.01,0.007,11.09
2025-02-14,100.219,100.229,100.231,100.218,889942,8919329174.0,0.01,0.02,0.019,7.99
2025-02-17,100.222,100.235,100.237,100.222,928487,9306058327.0,0.01,0.01,0.006,8.33
2025-02-18,100.242,100.224,100.244,100.22,871682,8736808019.0,0.02,-0.01,-0.011,7.82
2025-02-19,100.228,100.223,100.231,100.221,1746682,17506162162.0,0.01,0.00,-0.001,15.68
2025-02-20,100.229,100.235,100.237,100.225,1384892,13880757464.0,0.01,0.01,0.012,12.43
2025-02-21,100.241,100.232,100.243,100.227,1441693,14451171828.0,0.02,0.00,-0.003,12.94
2025-02-24,100.239,100.245,100.246,100.239,1033824,10363243723.0,0.01,0.01,0.013,9.28
2025-02-25,100.251,100.25,100.252,100.247,1144156,11470099061.0,0.00,0.00,0.005,10.27
2025-02-26,100.252,100.249,100.253,100.247,1053520,10561537895.0,0.01,0.00,-0.001,9.46
2025-02-27,100.252,100.258,100.259,100.25,1077271,10800140720.0,0.01,0.01,0.009,9.67
2025-02-28,100.264,100.267,100.272,100.262,1037375,10401454224.0,0.01,0.01,0.009,9.31
2025-03-03,100.27,100.276,100.28,100.268,1545964,15501784203.0,0.01,0.01,0.009,13.88
2025-03-04,100.279,100.281,100.283,100.276,966512,9692077541.0,0.01,0.00,0.005,8.68
2025-03-05,100.282,100.291,100.294,100.281,870842,8733419611.0,0.01,0.01,0.010,7.82
2025-03-06,100.289,100.282,100.289,100.28,1309298,13130101629.0,0.01,-0.01,-0.009,11.75
2025-03-07,100.292,100.291,100.294,100.286,1016649,10196168067.0,0.01,0.01,0.009,9.13
2025-03-10,100.297,100.298,100.299,100.295,981937,9848543779.0,0.00,0.01,0.007,8.81
2025-03-11,100.302,100.305,100.305,100.301,774678,7770239540.0,0.00,0.01,0.007,6.95
2025-03-12,100.305,100.308,100.31,100.303,953825,9567496927.0,0.01,0.00,0.003,8.56
2025-03-13,100.309,100.324,100.33,100.309,867121,8698461220.0,0.02,0.02,0.016,7.78
2025-03-14,100.332,100.312,100.333,100.311,1577438,15824422077.0,0.02,-0.01,-0.012,14.16
2025-03-17,100.314,100.314,100.316,100.311,1202462,12062275217.0,0.00,0.00,0.002,10.79
2025-03-18,100.312,100.306,100.314,100.302,1521729,15264251624.0,0.01,-0.01,-0.008,13.66
2025-03-19,100.313,100.321,100.323,100.307,666570,6686746517.0,0.02,0.01,0.015,5.98
2025-03-20,100.333,100.34,100.342,100.331,920807,9239163037.0,0.01,0.02,0.019,8.27
2025-03-21,100.343,100.372,100.376,100.343,1057082,10608054855.0,0.03,0.03,0.032,9.49
2025-03-24,100.37,100.38,100.384,100.364,676106,6786408368.0,0.02,0.01,0.008,6.07
2025-03-25,100.393,100.393,100.397,100.374,685009,6876237759.0,0.02,0.01,0.013,6.15
2025-03-26,100.38,100.378,100.386,100.362,933997,9374892747.0,0.02,-0.01,-0.015,8.38
2025-03-27,100.365,100.365,100.372,100.355,1068864,10727528244.0,0.02,-0.01,-0.013,9.59
2025-03-28,100.368,100.363,100.371,100.362,1227493,12319927722.0,0.01,0.00,-0.002,11.02
2025-03-31,100.368,100.37,100.375,100.363,972752,9763269347.0,0.01,0.01,0.007,8.73
2025-04-01,100.383,100.391,100.395,100.371,1187927,11924218198.0,0.02,0.02,0.021,10.66
2025-04-02,100.392,100.399,100.411,100.385,996547,10004614969.0,0.03,0.01,0.008,8.95
2025-04-03,100.396,100.404,100.409,100.396,948246,9520610063.0,0.01,0.00,0.005,8.51
2025-04-07,100.394,100.395,100.399,100.39,1556299,15624360894.0,0.01,-0.01,-0.009,13.97
2025-04-08,100.393,100.403,100.405,100.393,1298212,13033778162.0,0.01,0.01,0.008,11.65
2025-04-09,100.413,100.408,100.413,100.403,1349649,13551420432.0,0.01,0.00,0.005,12.12
2025-04-10,100.406,100.411,100.416,100.404,1454067,14600024550.0,0.01,0.00,0.003,13.05
2025-04-11,100.416,100.418,100.424,100.416,1387812,13936447250.0,0.01,0.01,0.007,12.46
2025-04-14,100.421,100.425,100.427,100.42,1266077,12714388029.0,0.01,0.01,0.007,11.37
2025-04-15,100.434,100.434,100.436,100.428,978002,9822373555.0,0.01,0.01,0.009,8.78
2025-04-16,100.436,100.439,100.44,100.434,1001662,10060455913.0,0.01,0.00,0.005,8.99
2025-04-17,100.436,100.435,100.44,100.433,1614890,16219323003.0,0.01,0.00,-0.004,14.50
2025-04-18,100.441,100.442,100.445,100.439,959015,9632569393.0,0.01,0.01,0.007,8.61
2025-04-21,100.445,100.439,100.447,100.438,1215038,12204211765.0,0.01,0.00,-0.003,10.91
2025-04-22,100.445,100.444,100.446,100.443,999193,10036378792.0,0.00,0.00,0.005,8.97
2025-04-23,100.448,100.444,100.449,100.443,990344,9947496842.0,0.01,0.00,0.000,8.89
2025-04-24,100.449,100.451,100.452,100.448,915583,9197025162.0,0.00,0.01,0.007,8.22
2025-04-25,100.461,100.457,100.461,100.455,1443274,14498801432.0,0.01,0.01,0.006,12.96
2025-04-28,100.455,100.455,100.458,100.45,1418284,14247094093.0,0.01,0.00,-0.002,12.73
2025-04-29,100.458,100.457,100.459,100.455,850275,8541563391.0,0.00,0.00,0.002,7.63
2025-04-30,100.478,100.482,100.486,100.478,1491808,14989900620.0,0.01,0.02,0.025,13.39
2025-05-06,100.486,100.482,100.489,100.481,1021767,10267151707.0,0.01,0.00,0.000,9.17
2025-05-07,100.484,100.485,100.489,100.481,1185877,11916305790.0,0.01,0.00,0.003,10.65
2025-05-08,100.492,100.49,100.493,100.486,1289282,12956009037.0,0.01,0.00,0.005,11.57
2025-05-09,100.502,100.502,100.505,100.5,1561540,15693798833.0,0.00,0.01,0.012,14.02
2025-05-12,100.504,100.503,100.505,100.502,1017512,10226335720.0,0.00,0.00,0.001,9.13
2025-05-13,100.505,100.509,100.512,100.504,942184,9469624538.0,0.01,0.01,0.006,8.46
2025-05-14,100.512,100.511,100.515,100.509,1293560,13001751107.0,0.01,0.00,0.002,11.61
2025-05-15,100.515,100.524,100.525,100.513,1013363,10186131058.0,0.01,0.01,0.013,9.10
2025-05-16,100.53,100.528,100.533,100.527,1193631,11999531855.0,0.01,0.00,0.004,10.71
2025-05-19,100.532,100.536,100.539,100.531,1120106,11260916837.0,0.01,0.01,0.008,10.05
2025-05-20,100.536,100.533,100.537,100.532,815369,8197227895.0,0.00,0.00,-0.003,7.32
2025-05-21,100.537,100.535,100.538,100.534,664924,6684883553.0,0.00,0.00,0.002,5.97
2025-05-22,100.54,100.543,100.545,100.54,969716,9749664396.0,0.00,0.01,0.008,8.70
2025-05-23,100.549,100.551,100.553,100.549,1323598,13308868436.0,0.00,0.01,0.008,11.88
2025-05-26,100.552,100.55,100.554,100.548,1251450,12583538296.0,0.01,0.00,-0.001,11.23
2025-05-27,100.551,100.549,100.552,100.545,1101775,11078046181.0,0.01,0.00,-0.001,9.89
2025-05-28,100.55,100.554,100.555,100.549,702327,7062100982.0,0.01,0.00,0.005,6.30
2025-05-29,100.56,100.556,100.563,100.554,1751032,17607931063.0,0.01,0.00,0.002,15.72
2025-05-30,100.571,100.579,100.581,100.566,1490916,14994410430.0,0.01,0.02,0.023,13.38
2025-06-03,100.579,100.575,100.58,100.574,723179,7273562243.0,0.01,0.00,-0.004,6.49
2025-06-04,100.578,100.577,100.58,100.576,768949,7733975170.0,0.00,0.00,0.002,6.90
2025-06-05,100.582,100.579,100.584,100.577,741580,7458864655.0,0.01,0.00,0.002,6.66
2025-06-06,100.591,100.591,100.593,100.59,633952,6377016055.0,0.00,0.01,0.012,5.69
2025-06-09,100.594,100.591,100.596,100.59,1047065,10532603360.0,0.01,0.00,0.000,9.40
2025-06-10,100.594,100.596,100.597,100.593,881861,8871052628.0,0.00,0.00,0.005,7.92
2025-06-11,100.599,100.596,100.601,100.595,617632,6213187016.0,0.01,0.00,0.000,5.54
2025-06-12,100.601,100.599,100.601,100.597,727363,7317216079.0,0.00,0.00,0.003,6.53
2025-06-13,100.612,100.613,100.616,100.611,988346,9944074355.0,0.00,0.01,0.014,8.87
2025-06-16,100.614,100.612,100.616,100.611,902698,9082367961.0,0.00,0.00,-0.001,8.10
2025-06-17,100.611,100.613,100.615,100.61,1046186,10525769339.0,0.00,0.00,0.001,9.39
2025-06-18,100.618,100.627,100.629,100.617,688544,6928141746.0,0.01,0.01,0.014,6.18
2025-06-19,100.634,100.64,100.645,100.633,1338158,13467007281.0,0.01,0.01,0.013,12.01
2025-06-20,100.644,100.643,100.648,100.635,769365,7743355368.0,0.01,0.00,0.003,6.91
2025-06-23,100.643,100.637,100.645,100.635,1422706,14317951947.0,0.01,-0.01,-0.006,12.77
2025-06-24,100.64,100.637,100.64,100.631,1642280,16527126356.0,0.01,0.00,0.000,14.74
2025-06-25,100.638,100.636,100.641,100.633,1544172,15540313810.0,0.01,0.00,-0.001,13.86
2025-06-26,100.64,100.644,100.645,100.639,1563668,15737014570.0,0.01,0.01,0.008,14.04
2025-06-27,100.655,100.662,100.666,100.654,1560037,15702998749.0,0.01,0.02,0.018,14.00
2025-06-30,100.661,100.711,100.72,100.659,976177,9827393076.0,0.06,0.05,0.049,8.76
2025-07-01,100.689,100.671,100.694,100.665,1158169,11659625944.0,0.03,-0.04,-0.040,10.40
2025-07-02,100.67,100.67,100.671,100.667,1323209,13320569381.0,0.00,0.00,-0.001,11.88
2025-07-03,100.672,100.678,100.68,100.671,896838,9028885631.0,0.01,0.01,0.008,8.05
2025-07-04,100.686,100.7,100.701,100.684,1481272,14914817127.0,0.02,0.02,0.022,13.30
2025-07-07,100.691,100.693,100.7,100.689,947763,9543506917.0,0.01,-0.01,-0.007,8.51
2025-07-08,100.692,100.683,100.694,100.68,870904,8768647256.0,0.01,-0.01,-0.010,7.82
2025-07-09,100.682,100.684,100.687,100.682,790422,7958337395.0,0.00,0.00,0.001,7.10
2025-07-10,100.692,100.69,100.694,100.688,1311529,13205952402.0,0.01,0.01,0.006,11.77
2025-07-11,100.701,100.695,100.702,100.694,1606388,16175961796.0,0.01,0.00,0.005,14.42
2025-07-14,100.697,100.701,100.702,100.695,1577394,15884020192.0,0.01,0.01,0.006,14.16
2025-07-15,100.701,100.709,100.709,100.7,1071268,10788140814.0,0.01,0.01,0.008,9.62
2025-07-16,100.711,100.715,100.715,100.709,1234589,12433636398.0,0.01,0.01,0.006,11.08
2025-07-17,100.717,100.718,100.72,100.715,1004811,10120185352.0,0.00,0.00,0.003,9.02
2025-07-18,100.726,100.721,100.726,100.718,1605493,16171224810.0,0.01,0.00,0.003,14.41
2025-07-21,100.723,100.721,100.724,100.72,1119988,11280740845.0,0.00,0.00,0.000,10.05
2025-07-22,100.717,100.72,100.721,100.717,1186192,11947203176.0,0.00,0.00,-0.001,10.65
2025-07-23,100.72,100.726,100.727,100.718,1075474,10832434269.0,0.01,0.01,0.006,9.65
2025-07-24,100.733,100.733,100.738,100.732,1572265,15838106127.0,0.01,0.01,0.007,14.11
2025-07-25,100.742,100.745,100.746,100.74,2298770,23158568718.0,0.01,0.01,0.012,20.64
2025-07-28,100.745,100.748,100.75,100.743,2085202,21007471964.0,0.01,0.00,0.003,18.72
2025-07-29,100.746,100.743,100.747,100.741,1002148,10096017884.0,0.01,0.00,-0.005,9.00
2025-07-30,100.745,100.749,100.75,100.743,1395597,14060108358.0,0.01,0.01,0.006,12.53
2025-07-31,100.755,100.774,100.778,100.754,1334051,13442553353.0,0.02,0.02,0.025,11.98
2025-08-01,100.77,100.798,100.806,100.767,1597188,16095597905.0,0.04,0.02,0.024,14.34
2025-08-04,100.788,100.778,100.788,100.766,1925547,19405420049.0,0.02,-0.02,-0.020,17.29
2025-08-05,100.772,100.767,100.772,100.76,1786477,18001232676.0,0.01,-0.01,-0.011,16.04
2025-08-06,100.768,100.768,100.77,100.764,1064093,10722530754.0,0.01,0.00,0.001,9.55
2025-08-07,100.778,100.776,100.779,100.773,2026550,20422714291.0,0.01,0.01,0.008,18.19
2025-08-08,100.78,100.78,100.783,100.777,1776867,17907506515.0,0.01,0.00,0.004,15.95
2025-08-11,100.779,100.774,100.78,100.772,1421457,14324711656.0,0.01,-0.01,-0.006,12.76
2025-08-12,100.773,100.784,100.784,100.771,1885600,19002681889.0,0.01,0.01,0.010,16.93
2025-08-13,100.788,100.787,100.79,100.785,1964049,19794954958.0,0.00,0.00,0.003,17.63
2025-08-14,100.787,100.794,100.796,100.783,1551386,15636190065.0,0.01,0.01,0.007,13.93
2025-08-15,100.804,100.801,100.807,100.799,1695442,17090384389.0,0.01,0.01,0.007,15.22
2025-08-18,100.802,100.801,100.803,100.799,1618136,16310893210.0,0.00,0.00,0.000,14.53
2025-08-19,100.797,100.805,100.808,100.793,1896220,19113529734.0,0.01,0.00,0.004,17.02
2025-08-20,100.805,100.817,100.82,100.799,1154196,11635594424.0,0.02,0.01,0.012,10.36
2025-08-21,100.812,100.845,100.85,100.812,1201950,12118670363.0,0.04,0.03,0.028,10.79
2025-08-22,100.85,100.833,100.853,100.821,2056529,20737487283.0,0.03,-0.01,-0.012,18.46
2025-08-25,100.823,100.827,100.828,100.822,1862822,18781855308.0,0.01,-0.01,-0.006,16.72
2025-08-26,100.824,100.83,100.833,100.823,1860964,18763143241.0,0.01,0.00,0.003,16.71
2025-08-27,100.829,100.837,100.844,100.827,1270881,12814849505.0,0.02,0.01,0.007,11.41
2025-08-28,100.843,100.859,100.861,100.838,1590791,16042472270.0,0.02,0.02,0.022,14.28
2025-08-29,100.855,100.884,100.886,100.844,1827618,18433707812.0,0.04,0.02,0.025,16.41
2025-09-01,100.852,100.902,100.91,100.852,1225434,12361689820.0,0.06,0.02,0.018,11.00
2025-09-02,100.885,100.924,100.929,100.88,1237504,12487399417.0,0.05,0.02,0.022,11.11
2025-09-03,100.886,100.891,100.895,100.868,2345499,23662030317.0,0.03,-0.03,-0.033,21.06
2025-09-04,100.863,100.872,100.875,100.862,2804820,28291318643.0,0.01,-0.02,-0.019,25.18
2025-09-05,100.87,100.854,100.871,100.852,2072583,20904770212.0,0.02,-0.02,-0.018,18.61
2025-09-08,100.863,100.862,100.864,100.858,2188006,22068565733.0,0.01,0.01,0.008,19.64
2025-09-09,100.861,100.865,100.867,100.857,2032609,20500889356.0,0.01,0.00,0.003,18.25
2025-09-10,100.864,100.869,100.87,100.863,1564851,15784115427.0,0.01,0.00,0.004,14.05
2025-09-11,100.879,100.872,100.881,100.868,2398250,24192277463.0,0.01,0.00,0.003,21.53
2025-09-12,100.881,100.881,100.883,100.878,1975237,19926372386.0,0.00,0.01,0.009,17.73
2025-09-15,100.882,100.885,100.885,100.881,1882892,18995166557.0,0.00,0.00,0.004,16.90
2025-09-16,100.881,100.877,100.883,100.876,1602527,16166313736.0,0.01,-0.01,-0.008,14.39
2025-09-17,100.879,100.887,100.888,100.878,1352338,13642737645.0,0.01,0.01,0.010,12.14
2025-09-18,100.896,100.912,100.915,100.896,2050939,20694339860.0,0.02,0.02,0.025,18.41
2025-09-19,100.91,100.916,100.917,100.902,2168014,21877132831.0,0.01,0.00,0.004,19.46
2025-09-22,100.901,100.912,100.913,100.901,1452828,14660014709.0,0.01,0.00,-0.004,13.04
2025-09-23,100.909,100.925,100.928,100.906,1290763,13025545111.0,0.02,0.01,0.013,11.59
2025-09-24,100.918,100.907,100.933,100.9,1580964,15954824661.0,0.03,-0.02,-0.018,14.19
2025-09-25,100.907,100.91,100.911,100.903,1710788,17262883465.0,0.01,0.00,0.003,15.36
2025-09-26,100.926,100.925,100.932,100.921,2449336,24720169965.0,0.01,0.01,0.015,21.99
2025-09-29,100.926,100.928,100.931,100.92,2461701,24845080194.0,0.01,0.00,0.003,22.10
2025-09-30,100.961,100.98,100.988,100.954,2184713,22058801638.0,0.03,0.05,0.052,19.61
2025-10-09,100.961,100.948,100.967,100.944,2272067,22937076637.0,0.02,-0.03,-0.032,20.40
2025-10-10,100.961,100.972,100.977,100.96,2166753,21876874460.0,0.02,0.02,0.024,19.45
2025-10-13,100.966,100.969,100.97,100.961,2407727,24309854080.0,0.01,0.00,-0.003,21.61
2025-10-14,100.97,100.98,100.982,100.967,2268204,22902622947.0,0.01,0.01,0.011,20.36
2025-10-15,100.971,100.974,100.976,100.967,2421629,24451367004.0,0.01,-0.01,-0.006,21.74
2025-10-16,100.977,100.991,100.997,100.976,1589051,16046685114.0,0.02,0.02,0.017,14.26
2025-10-17,100.997,101.013,101.023,100.996,1831885,18504786864.0,0.03,0.02,0.022,16.44
2025-10-20,101.019,101.033,101.036,101.0,1727635,17452514379.0,0.04,0.02,0.020,15.51
2025-10-21,101.013,101.0,101.014,100.995,2795886,28238933449.0,0.02,-0.03,-0.033,25.10
2025-10-22,100.995,101.007,101.01,100.995,2320666,23438824878.0,0.01,0.01,0.007,20.83
2025-10-23,101.008,101.002,101.017,100.999,2014908,20352962924.0,0.02,0.00,-0.005,18.09
2025-10-24,101.013,101.011,101.016,101.008,2707584,27350021419.0,0.01,0.01,0.009,24.31
2025-10-27,101.01,101.007,101.011,101.006,2535740,25613014545.0,0.00,0.00,-0.004,22.76
2025-10-28,101.009,101.009,101.011,101.005,2284806,23078344362.0,0.01,0.00,0.002,20.51
2025-10-29,101.012,101.012,101.013,101.008,1733190,17507037157.0,0.00,0.00,0.003,15.56
2025-10-30,101.019,101.041,101.046,101.019,2192313,22147907054.0,0.03,0.03,0.029,19.68
2025-10-31,101.034,101.026,101.038,101.023,2045435,20665440921.0,0.01,-0.01,-0.015,18.36
2025-11-03,101.026,101.028,101.029,101.024,1721336,17390035269.0,0.00,0.00,0.002,15.45
2025-11-04,101.028,101.043,101.044,101.028,1529212,15450369878.0,0.02,0.01,0.015,13.73
2025-11-05,101.048,101.048,101.049,101.038,1573487,15899291315.0,0.01,0.00,0.005,14.12
2025-11-06,101.049,101.056,101.057,101.044,1904981,19249261150.0,0.01,0.01,0.008,17.10
2025-11-07,101.059,101.058,101.073,101.054,1933428,19539694361.0,0.02,0.00,0.002,17.36
2025-11-10,101.058,101.052,101.064,101.051,1916981,19372616107.0,0.01,-0.01,-0.006,17.21
2025-11-11,101.052,101.058,101.059,101.051,1454935,14702911995.0,0.01,0.01,0.006,13.06
2025-11-12,101.059,101.059,101.062,101.057,1342456,13566749380.0,0.00,0.00,0.001,12.05
2025-11-13,101.068,101.066,101.071,101.063,1828842,18483373452.0,0.01,0.01,0.007,16.42
2025-11-14,101.075,101.075,101.076,101.073,1241984,12553304591.0,0.00,0.01,0.009,11.15
2025-11-17,101.077,101.074,101.078,101.073,1193510,12063451099.0,0.00,0.00,-0.001,10.71
2025-11-18,101.074,101.08,101.083,101.073,1393498,14085095082.0,0.01,0.01,0.006,12.51
2025-11-19,101.081,101.085,101.088,101.081,1993876,20154945239.0,0.01,0.00,0.005,17.90
2025-11-20,101.09,101.105,101.108,101.09,2246797,22715122038.0,0.02,0.02,0.020,20.17
2025-11-21,101.106,101.105,101.109,101.087,2101899,21250592979.0,0.02,0.00,0.000,18.87
2025-11-24,101.101,101.098,101.106,101.095,1991842,20137745803.0,0.01,-0.01,-0.007,17.88
2025-11-25,101.101,101.104,101.105,101.098,1742230,17614125006.0,0.01,0.01,0.006,15.64
2025-11-26,101.108,101.107,101.108,101.105,1330590,13453105758.0,0.00,0.00,0.003,11.94
2025-11-27,101.11,101.106,101.111,101.104,1595015,16126782361.0,0.01,0.00,-0.001,14.32
2025-11-28,101.115,101.114,101.118,101.113,1609099,16270419536.0,0.00,0.01,0.008,14.44
2025-12-01,101.117,101.117,101.119,101.115,1082473,10945662227.0,0.00,0.00,0.003,9.72
2025-12-02,101.121,101.135,101.141,101.121,1198317,12118650809.0,0.02,0.02,0.018,10.76
2025-12-03,101.134,101.146,101.149,101.132,1491397,15083868057.0,0.02,0.01,0.011,13.39
2025-12-04,101.133,101.132,101.138,101.131,1289254,13038761604.0,0.01,-0.01,-0.014,11.57
2025-12-05,101.137,101.134,101.138,101.129,1305871,13206704570.0,0.01,0.00,0.002,11.72
2025-12-08,101.133,101.133,101.135,101.131,1981801,20042572158.0,0.00,0.00,-0.001,17.79
2025-12-09,101.139,101.137,101.141,101.137,856719,8664800457.0,0.00,0.00,0.004,7.69
2025-12-10,101.142,101.142,101.145,101.14,1198845,12125446247.0,0.00,0.00,0.005,10.76
2025-12-11,101.146,101.153,101.154,101.146,1092541,11050866015.0,0.01,0.01,0.011,9.81
2025-12-12,101.158,101.146,101.161,101.145,1472271,14892367846.0,0.02,-0.01,-0.007,13.22
2025-12-15,101.152,101.151,101.153,101.149,1075050,10874229600.0,0.00,0.00,0.005,9.65
2025-12-16,101.15,101.164,101.166,101.149,1486454,15036486907.0,0.02,0.01,0.013,13.34
2025-12-17,101.155,101.157,101.168,101.153,1197561,12114600915.0,0.01,-0.01,-0.007,10.75
2025-12-18,101.165,101.166,101.168,101.161,1469080,14862014837.0,0.01,0.01,0.009,13.19
2025-12-19,101.173,101.17,101.174,101.167,1142955,11563418253.0,0.01,0.00,0.004,10.26
2025-12-22,101.173,101.17,101.174,101.166,1136696,11499824089.0,0.01,0.00,0.000,10.20
2025-12-23,101.169,101.176,101.177,101.166,1479507,14968238166.0,0.01,0.01,0.006,13.28
2025-12-24,101.174,101.177,101.178,101.171,1471618,14888985837.0,0.01,0.00,0.001,13.21
2025-12-25,101.186,101.178,101.191,101.176,1625453,16446859506.0,0.01,0.00,0.001,14.59
2025-12-26,101.188,101.187,101.19,101.182,1680841,17007834819.0,0.01,0.01,0.009,15.09
2025-12-29,101.19,101.195,101.196,101.185,1804371,18258602610.0,0.01,0.01,0.008,16.20
2025-12-30,101.195,101.192,101.196,101.182,1809198,18306921940.0,0.01,0.00,-0.003,16.24
2025-12-31,100.059,100.075,100.101,100.057,1508793,15098554226.0,0.04,-1.10,-1.117,13.54
2026-01-05,100.065,100.055,100.065,100.053,2274588,22758592539.0,0.01,-0.02,-0.020,20.42
2026-01-06,100.054,100.048,100.054,100.046,2018071,20190719079.0,0.01,-0.01,-0.007,18.12
2026-01-07,100.05,100.064,100.064,100.047,1376077,13768775665.0,0.02,0.02,0.016,12.35
2026-01-08,100.071,100.068,100.071,100.066,1792221,17934633432.0,0.00,0.00,0.004,16.09
2026-01-09,100.075,100.074,100.076,100.071,1558866,15600061649.0,0.00,0.01,0.006,13.99
2026-01-12,100.071,100.072,100.076,100.066,1492021,14930573504.0,0.01,0.00,-0.002,13.39
2026-01-13,100.072,100.084,100.084,100.07,1278557,12795549465.0,0.01,0.01,0.012,11.48
2026-01-14,100.084,100.088,100.089,100.081,1490752,14920081990.0,0.01,0.00,0.004,13.38
2026-01-15,100.089,100.107,100.109,100.085,1816888,18185652249.0,0.02,0.02,0.019,16.31
2026-01-16,100.104,100.128,100.132,100.103,1893044,18951830762.0,0.03,0.02,0.021,16.99
2026-01-19,100.127,100.122,100.127,100.1,1799125,18010913121.0,0.03,-0.01,-0.006,16.15
2026-01-20,100.113,100.119,100.121,100.105,1073037,10742276473.0,0.02,0.00,-0.003,9.63
2026-01-21,100.111,100.107,100.113,100.105,1255843,12572137710.0,0.01,-0.01,-0.012,11.27
2026-01-22,100.107,100.114,100.116,100.102,1126103,11273475075.0,0.01,0.01,0.007,10.11
2026-01-23,100.123,100.12,100.127,100.116,2092312,20948469552.0,0.01,0.01,0.006,18.78
2026-01-26,100.124,100.127,100.128,100.121,1363272,13649633036.0,0.01,0.01,0.007,12.24
2026-01-27,100.128,100.132,100.135,100.126,1725708,17279463932.0,0.01,0.00,0.005,15.49
2026-01-28,100.13,100.13,100.132,100.128,1947452,19499843424.0,0.00,0.00,-0.002,17.48
2026-01-29,100.132,100.129,100.136,100.125,1704463,17067212254.0,0.01,0.00,-0.001,15.30
2026-01-30,100.137,100.137,100.139,100.134,2037361,20401312928.0,0.00,0.01,0.008,18.29
2026-02-02,100.135,100.158,100.162,100.131,2197879,22009576511.0,0.03,0.02,0.021,19.73
2026-02-03,100.147,100.145,100.148,100.137,1703453,17058784017.0,0.01,-0.01,-0.013,15.29
2026-02-04,100.147,100.153,100.154,100.146,1719331,17219368157.0,0.01,0.01,0.008,15.43
2026-02-05,100.154,100.169,100.174,100.153,1091832,10935623054.0,0.02,0.02,0.016,9.80
2026-02-06,100.178,100.17,100.179,100.161,2301180,23050476571.0,0.02,0.00,0.001,20.66
2026-02-09,100.16,100.16,100.164,100.157,1707690,17104332672.0,0.01,-0.01,-0.010,15.33
2026-02-10,100.161,100.166,100.17,100.159,1337929,13401159787.0,0.01,0.01,0.006,12.01
2026-02-11,100.168,100.176,100.177,100.166,1528024,15306207557.0,0.01,0.01,0.010,13.72
2026-02-12,100.174,100.187,100.195,100.171,1547627,15503662697.0,0.02,0.01,0.011,13.89
2026-02-13,100.215,100.22,100.242,100.215,2557926,25638031681.0,0.03,0.03,0.033,22.96
2026-02-24,100.205,100.207,100.209,100.201,1887946,18917984237.0,0.01,-0.01,-0.013,16.95
2026-02-25,100.207,100.207,100.209,100.202,1628168,16315171050.0,0.01,0.00,0.000,14.62
2026-02-26,100.21,100.208,100.212,100.205,1668139,16716059915.0,0.01,0.00,0.001,14.97
2026-02-27,100.217,100.214,100.218,100.212,1312173,13149828846.0,0.01,0.01,0.006,11.78
2026-03-02,100.222,100.227,100.227,100.22,1711475,17152985861.0,0.01,0.01,0.013,15.36
2026-03-03,100.231,100.245,100.247,100.228,1980983,19856574113.0,0.02,0.02,0.018,17.78
2026-03-04,100.243,100.263,100.266,100.236,1730175,17343999838.0,0.03,0.02,0.018,15.53
2026-03-05,100.245,100.251,100.26,100.24,2172152,21775609025.0,0.02,-0.01,-0.012,19.50
2026-03-06,100.25,100.243,100.255,100.237,2124282,21295338993.0,0.02,-0.01,-0.008,19.07
2026-03-09,100.236,100.245,100.246,100.236,2173051,21782554214.0,0.01,0.00,0.002,19.51
2026-03-10,100.243,100.246,100.247,100.24,1535726,15394482435.0,0.01,0.00,0.001,13.79
2026-03-11,100.246,100.253,100.255,100.244,1779262,17836897691.0,0.01,0.01,0.007,15.97
2026-03-12,100.253,100.256,100.258,100.25,1633224,16373607815.0,0.01,0.00,0.003,14.66
2026-03-13,100.263,100.266,100.272,100.263,1585556,15897833000.0,0.01,0.01,0.010,14.23
2026-03-16,100.265,100.265,100.269,100.261,1831359,18362162588.0,0.01,0.00,-0.001,16.44
2026-03-17,100.266,100.287,100.291,100.265,1462950,14669457837.0,0.03,0.02,0.022,13.13
2026-03-18,100.281,100.276,100.287,100.271,1615829,16203083570.0,0.02,-0.01,-0.011,14.50
2026-03-19,100.274,100.288,100.291,100.274,1534279,15385564868.0,0.02,0.01,0.012,13.77
2026-03-20,100.288,100.285,100.289,100.282,1823088,18282947477.0,0.01,0.00,-0.003,16.37
2026-03-23,100.285,100.279,100.287,100.276,2037369,20431044381.0,0.01,-0.01,-0.006,18.29
2026-03-24,100.281,100.283,100.289,100.28,2026905,20326428271.0,0.01,0.00,0.004,18.20
2026-03-25,100.287,100.285,100.288,100.282,2119592,21256211390.0,0.01,0.00,0.002,19.03
2026-03-26,100.282,100.298,100.301,100.282,1482010,14863221873.0,0.02,0.01,0.013,13.30
2026-03-27,100.303,100.296,100.307,100.295,2207986,22146148293.0,0.01,0.00,-0.002,19.82
2026-03-30,100.298,100.296,100.299,100.295,1899258,19049003166.0,0.00,0.00,0.000,17.05
2026-03-31,100.3,100.312,100.318,100.299,1545980,15506987532.0,0.02,0.02,0.016,13.88
2026-04-01,100.308,100.312,100.313,100.305,2472380,24800122315.0,0.01,0.00,0.000,22.19
2026-04-02,100.313,100.327,100.331,100.312,1853556,18594736082.0,0.02,0.01,0.015,16.64
2026-04-03,100.332,100.367,100.379,100.332,1665187,16710142097.0,0.05,0.04,0.040,14.95
2026-04-07,100.351,100.352,100.355,100.347,1378055,13828868698.0,0.01,-0.01,-0.015,12.37
2026-04-08,100.328,100.325,100.33,100.324,1891784,18979544909.0,0.01,-0.03,-0.027,16.98
2026-04-09,100.332,100.337,100.339,100.33,1601513,16068732126.0,0.01,0.01,0.012,14.38
2026-04-10,100.341,100.344,100.345,100.339,964598,9678960958.0,0.01,0.01,0.007,8.66
2026-04-13,100.346,100.35,100.351,100.343,1159460,11634767317.0,0.01,0.01,0.006,10.41
2026-04-14,100.349,100.357,100.359,100.349,1860804,18673864507.0,0.01,0.01,0.007,16.70
2026-04-15,100.353,100.358,100.36,100.352,1998612,20057078688.0,0.01,0.00,0.001,17.94
2026-04-16,100.356,100.351,100.359,100.34,1767963,17742098002.0,0.02,-0.01,-0.007,15.87
2026-04-17,100.362,100.363,100.366,100.362,1795104,18016353912.0,0.00,0.01,0.012,16.11
2026-04-20,100.364,100.364,100.366,100.362,1512380,15178705534.0,0.00,0.00,0.001,13.58
2026-04-21,100.365,100.367,100.371,100.364,879980,8832099741.0,0.01,0.00,0.003,7.90
2026-04-22,100.374,100.369,100.375,100.367,1739463,17459028493.0,0.01,0.00,0.002,15.61
2026-04-23,100.368,100.371,100.372,100.364,1645658,16517359129.0,0.01,0.00,0.002,14.77
2026-04-24,100.382,100.382,100.385,100.38,1989334,19969416673.0,0.00,0.01,0.011,17.86
2026-04-27,100.383,100.381,100.384,100.379,1974796,19823236939.0,0.00,0.00,-0.001,17.73
2026-04-28,100.384,100.391,100.392,100.383,1553436,15594286045.0,0.01,0.01,0.010,13.94
2026-04-29,100.4,100.404,100.408,100.396,2145433,21540441994.0,0.01,0.01,0.013,19.26
2026-04-30,100.415,100.407,100.426,100.398,2435676,24458361528.0,0.03,0.00,0.003,21.86
2026-05-06,100.405,100.405,100.407,100.397,2364556,23740757712.0,0.01,0.00,-0.002,21.23
2026-05-07,100.407,100.41,100.411,100.404,1504701,15108373172.0,0.01,0.00,0.005,13.51
2026-05-08,100.424,100.422,100.425,100.419,2333203,23430418857.0,0.01,0.01,0.012,20.94
2026-05-11,100.425,100.427,100.429,100.424,1655053,16621163649.0,0.00,0.00,0.005,14.86
2026-05-12,100.429,100.431,100.433,100.427,1462344,14686301767.0,0.01,0.00,0.004,13.13
2026-05-13,100.43,100.431,100.434,100.428,1213381,12185971033.0,0.01,0.00,0.000,10.89
2026-05-14,100.431,100.437,100.447,100.43,905744,9096928994.0,0.02,0.01,0.006,8.13
2026-05-15,100.446,100.455,100.466,100.444,2210990,22210380172.0,0.02,0.02,0.018,19.85
2026-05-18,100.449,100.45,100.453,100.443,1865505,18738375594.0,0.01,0.00,-0.005,16.75
2026-05-19,100.447,100.459,100.47,100.446,1330068,13360937832.0,0.02,0.01,0.009,11.94
2026-05-20,100.455,100.475,100.489,100.454,1308656,13148014902.0,0.03,0.02,0.016,11.75
2026-05-21,100.466,100.481,100.504,100.46,1039882,10447539745.0,0.04,0.01,0.006,9.33
2026-05-22,100.481,100.481,100.481,100.464,2163071,21733207647.0,0.02,0.00,0.000,19.42
2026-05-25,100.476,100.473,100.49,100.471,1214263,12200939161.0,0.02,-0.01,-0.008,10.90
2026-05-26,100.474,100.475,100.478,100.468,1529032,15362680454.0,0.01,0.00,0.002,13.73
2026-05-27,100.473,100.473,100.475,100.468,1589727,15972319814.0,0.01,0.00,-0.002,14.27
2026-05-28,100.476,100.471,100.476,100.47,1629320,16370357784.0,0.01,0.00,-0.002,14.63
2026-05-29,100.483,100.485,100.488,100.481,1781213,17898377072.0,0.01,0.01,0.014,15.99
2026-06-01,100.484,100.483,100.485,100.478,1347806,13542855471.0,0.01,0.00,-0.002,12.10
2026-06-02,100.484,100.488,100.489,100.482,1424594,14314986988.0,0.01,0.00,0.005,12.79
2026-06-03,100.489,100.501,100.503,100.486,1647714,16558057330.0,0.02,0.01,0.013,14.79
2026-06-04,100.498,100.512,100.514,100.496,1109779,11153556744.0,0.02,0.01,0.011,9.96
2026-06-05,100.512,100.523,100.554,100.506,1720075,17290374690.0,0.05,0.01,0.011,15.44
2026-06-08,100.518,100.516,100.521,100.507,1990968,20011775940.0,0.01,-0.01,-0.007,17.87
2026-06-09,100.513,100.514,100.52,100.512,1656052,16645775030.0,0.01,0.00,-0.002,14.87
2026-06-10,100.517,100.517,100.521,100.516,1362403,13694587452.0,0.00,0.00,0.003,12.23
2026-06-11,100.519,100.523,100.528,100.515,1707342,17162019807.0,0.01,0.01,0.006,15.33
2026-06-12,100.522,100.517,100.522,100.515,1971705,19819178247.0,0.01,-0.01,-0.006,17.70
2026-06-15,100.517,100.519,100.522,100.492,2758927,27731183170.0,0.03,0.00,0.002,24.77
2026-06-16,100.521,100.522,100.525,100.518,1410440,14178003370.0,0.01,0.00,0.003,12.66
2026-06-17,100.526,100.524,100.527,100.521,1620705,16291924560.0,0.01,0.00,0.002,14.55
2026-06-18,100.533,100.533,100.536,100.531,1375784,13831160386.0,0.00,0.01,0.009,12.35
2026-06-22,100.536,100.541,100.542,100.536,1426392,14340737623.0,0.01,0.01,0.008,12.80
2026-06-23,100.542,100.554,100.565,100.54,1396193,14038113563.0,0.02,0.01,0.013,12.53
2026-06-24,100.55,100.544,100.552,100.543,2090655,21020910821.0,0.01,-0.01,-0.010,18.77
2026-06-25,100.544,100.545,100.548,100.541,1715475,17248103242.0,0.01,0.00,0.001,15.40
2026-06-26,100.557,100.562,100.571,100.556,2575795,25902323670.0,0.01,0.02,0.017,23.12
2026-06-29,100.557,100.555,100.559,100.551,2762156,27774917122.0,0.01,-0.01,-0.007,24.80
2026-06-30,100.558,100.559,100.561,100.551,2338347,23513297177.0,0.01,0.00,0.004,20.99
2026-07-01,100.563,100.57,100.574,100.559,2816494,28324422765.0,0.01,0.01,0.011,25.28
2026-07-02,100.567,100.587,100.603,100.566,1343246,13510641070.0,0.04,0.02,0.017,12.06
2026-07-03,100.587,100.616,100.621,100.587,2221802,22350778848.0,0.03,0.03,0.029,19.94
2026-07-06,100.595,100.605,100.618,100.592,1907914,19194168313.0,0.03,-0.01,-0.011,17.13
2026-07-07,100.6,100.62,100.621,100.596,1076370,10828625848.0,0.02,0.01,0.015,9.66
2026-07-08,100.61,100.625,100.65,100.591,1850326,18616812544.0,0.06,0.00,0.005,16.61
2026-07-09,100.602,100.613,100.616,100.594,1435748,14443525241.0,0.02,-0.01,-0.012,12.89
2026-07-10,100.612,100.63,100.634,100.607,2141549,21547733817.0,0.03,0.02,0.017,19.22
2026-07-13,100.618,100.624,100.63,100.615,1332750,13410621105.0,0.01,-0.01,-0.006,11.96
2026-07-14,100.62,100.611,100.62,100.609,1249909,12575753926.0,0.01,-0.01,-0.013,11.22
2026-07-15,100.61,100.612,100.615,100.609,1223623,12311163427.0,0.01,0.00,0.001,10.98
2026-07-16,100.614,100.613,100.619,100.612,1096114,11028476047.0,0.01,0.00,0.001,9.84
2026-07-17,100.626,100.639,100.642,100.621,2874988,28931399004.0,0.02,0.03,0.026,25.81
2026-07-20,100.628,100.628,100.634,100.622,2337695,23523647570.0,0.01,-0.01,-0.011,20.98
2026-07-21,100.629,100.628,100.631,100.621,1980420,19928216452.0,0.01,0.00,0.000,17.78
2026-07-22,100.63,100.642,100.642,100.628,1320352,13287133484.0,0.01,0.01,0.014,11.85
2026-07-23,100.638,100.643,100.645,100.635,1207202,12149266229.0,0.01,0.00,0.001,10.84
2026-07-24,100.65,100.654,100.664,100.649,1849271,18614215432.0,0.01,0.01,0.011,16.60
2026-07-27,100.649,100.635,100.651,100.629,2477931,24938839091.0,0.02,-0.02,-0.019,22.24
2026-07-28,100.645,100.654,100.662,100.643,1454939,14644401291.0,0.02,0.02,0.019,13.06
2026-07-29,100.656,100.658,100.669,100.654,1665598,16765593716.0,0.01,0.00,0.004,14.95
2026-07-30,100.66,100.681,100.698,100.655,1780666,17924752480.0,0.04,0.02,0.023,15.98
2026-07-31,100.665,100.693,100.7,100.661,2683898,27020206937.0,0.04,0.01,0.012,24.09
2026-08-03,100.675,100.687,100.697,100.675,1560654,15713559233.0,0.02,-0.01,-0.006,14.01
2026-08-04,100.683,100.673,100.683,100.661,1595747,16064665831.0,0.02,-0.01,-0.014,14.32
2026-08-05,100.675,100.669,100.678,100.668,1870962,18835496930.0,0.01,0.00,-0.004,16.80
2026-08-06,100.67,100.672,100.674,100.669,1098303,11056825396.0,0.00,0.00,0.003,9.86
2026-08-07,100.688,100.68,100.69,100.679,1740136,17520593062.0,0.01,0.01,0.008,15.62
2026-08-10,100.684,100.687,100.692,100.681,2046020,20600558081.0,0.01,0.01,0.007,18.37
2026-08-11,100.692,100.704,100.705,100.689,1167953,11760627976.0,0.02,0.02,0.017,10.48
2026-08-12,100.703,100.702,100.708,100.698,1462068,14723585922.0,0.01,0.00,-0.002,13.12
2026-08-13,100.702,100.7,100.702,100.695,1252428,12611726422.0,0.01,0.00,-0.002,11.24
2026-08-14,100.707,100.709,100.714,100.707,1579135,15903562638.0,0.01,0.01,0.009,14.18
2026-08-17,100.711,100.705,100.712,100.703,1326331,13357027595.0,0.01,0.00,-0.004,11.91
2026-08-18,100.706,100.707,100.709,100.704,1643781,16553934263.0,0.00,0.00,0.002,14.76
2026-08-19,100.711,100.711,100.718,100.71,1722241,17345244278.0,0.01,0.00,0.004,15.46
2026-08-20,100.711,100.727,100.73,100.705,1348818,13584813985.0,0.02,0.02,0.016,12.11
2026-08-21,100.728,100.731,100.741,100.728,1927587,19417471063.0,0.01,0.00,0.004,17.30
2026-08-24,100.729,100.745,100.748,100.725,1474723,14855631818.0,0.02,0.01,0.014,13.24
2026-08-25,100.739,100.758,100.764,100.739,1204607,12136701624.0,0.02,0.01,0.013,10.81
2026-08-26,100.753,100.753,100.764,100.749,1409146,14197948366.0,0.01,0.00,-0.005,12.65
2026-08-27,100.754,100.738,100.754,100.736,1609001,16209800646.0,0.02,-0.01,-0.015,14.44
2026-08-28,100.752,100.746,100.752,100.746,1726318,17392558027.0,0.01,0.01,0.008,15.50
2026-08-31,100.753,100.751,100.754,100.75,1693512,17062392271.0,0.00,0.00,0.005,15.20
2026-09-01,100.756,100.76,100.766,100.755,1383278,13938254853.0,0.01,0.01,0.009,12.42
2026-09-02,100.766,100.767,100.77,100.764,1539152,15509543796.0,0.01,0.01,0.007,13.82
2026-09-03,100.765,100.767,100.771,100.763,1257052,12666825621.0,0.01,0.00,0.000,11.28
2026-09-04,100.775,100.781,100.785,100.774,2281831,22995959349.0,0.01,0.01,0.014,20.48
