date,open,close,high,low,volume,amount,amplitude,pct,change,turnover
2016-12-01,79.899,79.907,79.911,79.89,1393550,14270703872.0,0.03,0.01,0.009,12.51
2016-12-02,79.923,79.947,79.948,79.922,1783623,18272132096.0,0.03,0.05,0.040,16.01
2016-12-05,79.948,79.967,79.97,79.947,1322732,13552856064.0,0.03,0.03,0.020,11.87
2016-12-06,79.968,79.969,79.973,79.96,972105,9961241088.0,0.02,0.00,0.002,8.73
2016-12-07,79.971,79.97,79.972,79.966,1102162,11294225664.0,0.01,0.00,0.001,9.89
2016-12-08,79.971,79.984,79.985,79.97,1106462,11338767616.0,0.02,0.02,0.014,9.93
2016-12-09,79.995,79.991,79.997,79.988,1438511,14744039680.0,0.01,0.01,0.007,12.91
2016-12-12,79.998,79.997,80.0,79.995,1134114,11624867328.0,0.01,0.01,0.006,10.18
2016-12-13,80.004,80.003,80.005,79.997,1027447,10531807744.0,0.01,0.01,0.006,9.22
2016-12-14,80.007,80.003,80.007,80.0,996029,10210073856.0,0.01,0.00,0.000,8.94
2016-12-15,79.994,79.908,79.995,79.584,1093927,11200660224.0,0.51,-0.12,-0.095,9.82
2016-12-16,79.922,79.95,79.991,79.916,1204927,12344326912.0,0.09,0.05,0.042,10.82
2016-12-19,79.965,79.981,80.0,79.944,1213101,12432493568.0,0.07,0.04,0.031,10.89
2016-12-20,80.005,80.021,80.023,79.984,1433596,14693819904.0,0.05,0.05,0.040,12.87
2016-12-21,80.023,80.034,80.051,80.023,1393189,14286010368.0,0.03,0.02,0.013,12.51
2016-12-22,80.052,80.058,80.065,80.042,1266294,12986625792.0,0.03,0.03,0.024,11.37
2016-12-23,80.07,80.079,80.085,80.068,1109290,11379061760.0,0.02,0.03,0.021,9.96
2016-12-26,80.079,80.072,80.083,80.066,1178890,12092883968.0,0.02,-0.01,-0.007,10.58
2016-12-27,80.075,80.05,80.075,80.029,1328821,13630010112.0,0.06,-0.03,-0.022,11.93
2016-12-28,80.057,80.072,80.078,80.024,1056496,10833409280.0,0.07,0.03,0.022,9.48
2016-12-29,80.056,80.141,80.144,80.04,1019120,10453954816.0,0.13,0.09,0.069,9.15
2016-12-30,80.141,80.264,80.476,80.131,854828,8561380096.0,0.43,0.15,0.123,7.67
2017-01-03,80.168,80.161,80.259,80.136,388966,3895505248.0,0.15,-0.13,-0.103,3.49
2017-01-04,80.165,80.163,80.17,80.153,290228,2905947168.0,0.02,0.00,0.002,2.61
2017-01-05,80.158,80.163,80.167,80.154,404177,4046800704.0,0.02,0.00,0.000,3.63
2017-01-06,80.174,80.191,80.199,80.168,492404,4931194880.0,0.04,0.03,0.028,4.42
2017-01-09,80.188,80.194,80.195,80.187,318640,3191310432.0,0.01,0.00,0.003,2.86
2017-01-10,80.194,80.213,80.219,80.193,314910,3154421664.0,0.03,0.02,0.019,2.83
2017-01-11,80.206,80.217,80.218,80.205,346463,3470800352.0,0.02,0.00,0.004,3.11
2017-01-12,80.215,80.213,80.218,80.21,423719,4244752560.0,0.01,0.00,-0.004,3.80
2017-01-13,80.22,80.228,80.234,80.219,368557,3692702704.0,0.02,0.02,0.015,3.31
2017-01-16,80.235,80.229,80.24,80.221,440362,4412276480.0,0.02,0.00,0.001,3.95
2017-01-17,80.231,80.22,80.234,80.216,488078,4890007040.0,0.02,-0.01,-0.009,4.38
2017-01-18,80.233,80.226,80.236,80.22,455985,4568588800.0,0.02,0.01,0.006,4.09
2017-01-19,80.225,80.208,80.226,80.2,422210,4229437744.0,0.03,-0.02,-0.018,3.79
2017-01-20,80.249,80.25,80.262,80.241,440062,4410082816.0,0.03,0.05,0.042,3.95
2017-01-23,80.268,80.287,80.289,80.267,403717,4046828096.0,0.03,0.05,0.037,3.62
2017-01-24,80.292,80.301,80.303,80.29,345954,3468538672.0,0.02,0.02,0.014,3.11
2017-01-25,80.32,80.344,80.362,80.32,428230,4295544320.0,0.05,0.05,0.043,3.84
2017-01-26,80.385,80.368,80.411,80.336,410554,4119706528.0,0.09,0.03,0.024,3.69
2017-02-03,80.386,80.391,80.399,80.385,280728,2817259872.0,0.02,0.03,0.023,2.52
2017-02-06,80.395,80.414,80.416,80.395,305486,3066142816.0,0.03,0.03,0.023,2.74
2017-02-07,80.414,80.448,80.452,80.411,375611,3770630144.0,0.05,0.04,0.034,3.37
2017-02-08,80.438,80.446,80.454,80.437,365154,3666591920.0,0.02,0.00,-0.002,3.28
2017-02-09,80.441,80.442,80.447,80.437,395602,3972079632.0,0.01,0.00,-0.004,3.55
2017-02-10,80.445,80.449,80.457,80.444,432788,4345846016.0,0.02,0.01,0.007,3.89
2017-02-13,80.453,80.455,80.458,80.444,488406,4904408064.0,0.02,0.01,0.006,4.38
2017-02-14,80.458,80.452,80.461,80.449,446058,4479152384.0,0.01,0.00,-0.003,4.00
2017-02-15,80.459,80.461,80.462,80.455,454048,4559653120.0,0.01,0.01,0.009,4.08
2017-02-16,80.466,80.475,80.479,80.465,484171,4862784000.0,0.02,0.02,0.014,4.35
2017-02-17,80.489,80.479,80.497,80.475,645429,6483629568.0,0.03,0.00,0.004,5.79
2017-02-20,80.499,80.492,80.5,80.488,816478,8202112768.0,0.01,0.02,0.013,7.33
2017-02-21,80.499,80.495,80.5,80.491,750317,7537548544.0,0.01,0.00,0.003,6.74
2017-02-22,80.507,80.517,80.518,80.506,590634,5934567168.0,0.01,0.03,0.022,5.30
2017-02-23,80.523,80.541,80.545,80.523,693893,6973376512.0,0.03,0.03,0.024,6.23
2017-02-24,80.554,80.551,80.557,80.545,768100,7720689152.0,0.01,0.01,0.010,6.90
2017-02-27,80.561,80.572,80.574,80.557,691402,6950424064.0,0.02,0.03,0.021,6.21
2017-02-28,80.575,80.576,80.581,80.572,785241,7894723328.0,0.01,0.00,0.004,7.05
2017-03-01,80.586,80.587,80.595,80.584,662581,6662319104.0,0.01,0.01,0.011,5.95
2017-03-02,80.594,80.606,80.609,80.594,554226,5573690368.0,0.02,0.02,0.019,4.98
2017-03-03,80.624,80.638,80.64,80.614,900261,9055506176.0,0.03,0.04,0.032,8.08
2017-03-06,80.636,80.644,80.647,80.633,662707,6667126272.0,0.02,0.01,0.006,5.95
2017-03-07,80.649,80.665,80.667,80.649,736392,7409640704.0,0.02,0.03,0.021,6.61
2017-03-08,80.665,80.676,80.678,80.665,754087,7588877824.0,0.02,0.01,0.011,6.77
2017-03-09,80.683,80.702,80.705,80.683,780597,7857010944.0,0.03,0.03,0.026,7.01
2017-03-10,80.706,80.734,80.736,80.706,987615,9944066560.0,0.04,0.04,0.032,8.87
2017-03-13,80.743,80.726,80.743,80.725,842989,8488754688.0,0.02,-0.01,-0.008,7.57
2017-03-14,80.731,80.716,80.732,80.711,721568,7265335808.0,0.03,-0.01,-0.010,6.48
2017-03-15,80.722,80.712,80.722,80.709,875900,8818417664.0,0.02,0.00,-0.004,7.86
2017-03-16,80.717,80.686,80.72,80.679,1050051,10570776832.0,0.05,-0.03,-0.026,9.43
2017-03-17,80.715,80.713,80.726,80.69,1071440,10786649600.0,0.04,0.03,0.027,9.62
2017-03-20,80.736,80.739,80.741,80.716,983651,9905103104.0,0.03,0.03,0.026,8.83
2017-03-21,80.743,80.747,80.748,80.737,884691,8909513472.0,0.01,0.01,0.008,7.94
2017-03-22,80.762,80.781,80.783,80.76,1084224,10921694720.0,0.03,0.04,0.034,9.73
2017-03-23,80.787,80.796,80.798,80.782,983881,9913138688.0,0.02,0.02,0.015,8.83
2017-03-24,80.804,80.796,80.813,80.793,1087823,10961938944.0,0.02,0.00,0.000,9.77
2017-03-27,80.811,80.815,80.817,80.808,1191786,12010207232.0,0.01,0.02,0.019,10.70
2017-03-28,80.825,80.819,80.828,80.817,1106693,11153837568.0,0.01,0.00,0.004,9.93
2017-03-29,80.825,80.808,80.83,80.8,980481,9881817088.0,0.04,-0.01,-0.011,8.80
2017-03-30,80.811,80.828,80.83,80.802,1329469,13397894144.0,0.03,0.02,0.020,11.93
2017-03-31,80.886,80.882,80.891,80.866,1082300,10913932288.0,0.03,0.07,0.054,9.72
2017-04-05,80.885,80.9,80.905,80.885,670479,6762606592.0,0.02,0.02,0.018,6.02
2017-04-06,80.911,80.935,80.936,80.908,708804,7150592256.0,0.03,0.04,0.035,6.36
2017-04-07,80.947,80.968,80.974,80.947,931211,9398378240.0,0.03,0.04,0.033,8.36
2017-04-10,80.972,80.981,80.983,80.969,739279,7462304256.0,0.02,0.02,0.013,6.64
2017-04-11,80.984,81.017,81.027,80.984,748486,7556802560.0,0.05,0.04,0.036,6.72
2017-04-12,81.006,81.0,81.01,80.999,779292,7868335360.0,0.01,-0.02,-0.017,7.00
2017-04-13,81.002,81.009,81.011,81.002,861133,8695107584.0,0.01,0.01,0.009,7.73
2017-04-14,81.023,81.03,81.033,81.02,748296,7557033472.0,0.02,0.03,0.021,6.72
2017-04-17,81.033,81.041,81.042,81.033,682802,6896461568.0,0.01,0.01,0.011,6.13
2017-04-18,81.058,81.051,81.058,81.048,717156,7244384512.0,0.01,0.01,0.010,6.44
2017-04-19,81.057,81.06,81.061,81.051,928651,9381273344.0,0.01,0.01,0.009,8.34
2017-04-20,81.065,81.077,81.08,81.063,835038,8436604416.0,0.02,0.02,0.017,7.50
2017-04-21,81.085,81.106,81.11,81.084,950189,9602713600.0,0.03,0.04,0.029,8.53
2017-04-24,81.11,81.107,81.114,81.097,943930,9540368128.0,0.02,0.00,0.001,8.47
2017-04-25,81.109,81.101,81.115,81.091,1077963,10894365184.0,0.03,-0.01,-0.006,9.68
2017-04-26,81.112,81.115,81.116,81.107,974307,9847912960.0,0.01,0.02,0.014,8.75
2017-04-27,81.116,81.132,81.134,81.116,1251564,12651720960.0,0.02,0.02,0.017,11.24
2017-04-28,81.166,81.167,81.173,81.157,1270514,12848769024.0,0.02,0.04,0.035,11.41
2017-05-02,81.179,81.185,81.19,81.179,908517,9189408768.0,0.01,0.02,0.018,8.16
2017-05-03,81.192,81.196,81.198,81.189,767726,7766040320.0,0.01,0.01,0.011,6.89
2017-05-04,81.206,81.209,81.211,81.204,1050765,10630806016.0,0.01,0.02,0.013,9.43
2017-05-05,81.23,81.235,81.238,81.225,934321,9455192576.0,0.02,0.03,0.026,8.39
2017-05-08,81.244,81.251,81.253,81.244,1010942,10232138752.0,0.01,0.02,0.016,9.08
2017-05-09,81.259,81.283,81.287,81.259,1122049,11358042624.0,0.03,0.04,0.032,10.07
2017-05-10,81.282,81.278,81.283,81.273,870901,8817160192.0,0.01,-0.01,-0.005,7.82
2017-05-11,81.279,81.28,81.283,81.278,1053221,10663260672.0,0.01,0.00,0.002,9.45
2017-05-12,81.297,81.304,81.308,81.291,949553,9615518720.0,0.02,0.03,0.024,8.52
2017-05-15,81.311,81.316,81.32,81.311,689867,6987058944.0,0.01,0.01,0.012,6.19
2017-05-16,81.326,81.313,81.328,81.309,767847,7777060352.0,0.02,0.00,-0.003,6.89
2017-05-17,81.317,81.325,81.326,81.317,825203,8358153216.0,0.01,0.01,0.012,7.41
2017-05-18,81.334,81.346,81.348,81.327,1009075,10221777664.0,0.03,0.03,0.021,9.06
2017-05-19,81.366,81.35,81.367,81.347,819748,8306083584.0,0.02,0.00,0.004,7.36
2017-05-22,81.371,81.381,81.383,81.371,763382,7736125184.0,0.01,0.04,0.031,6.85
2017-05-23,81.39,81.391,81.392,81.385,779055,7895917568.0,0.01,0.01,0.010,6.99
2017-05-24,81.396,81.403,81.404,81.394,780891,7915311872.0,0.01,0.01,0.012,7.01
2017-05-25,81.406,81.425,81.428,81.406,1063607,10783174400.0,0.03,0.03,0.022,9.55
2017-05-26,81.439,81.44,81.447,81.434,1191925,12086439168.0,0.02,0.02,0.015,10.70
2017-05-31,81.447,81.44,81.47,81.036,1023990,10386031872.0,0.53,0.00,0.000,9.19
2017-06-01,81.476,81.484,81.485,81.46,763184,7741703168.0,0.03,0.05,0.044,6.85
2017-06-02,81.497,81.495,81.506,81.489,802555,8142609664.0,0.02,0.01,0.011,7.20
2017-06-05,81.502,81.518,81.519,81.502,852037,8646237696.0,0.02,0.03,0.023,7.65
2017-06-06,81.525,81.534,81.535,81.525,681153,6913320704.0,0.01,0.02,0.016,6.11
2017-06-07,81.538,81.543,81.543,81.537,717707,7284976128.0,0.01,0.01,0.009,6.44
2017-06-08,81.547,81.557,81.558,81.547,827666,8402118400.0,0.01,0.02,0.014,7.43
2017-06-09,81.572,81.567,81.574,81.564,843235,8561519104.0,0.01,0.01,0.010,7.57
2017-06-12,81.586,81.589,81.592,81.585,772110,7840950784.0,0.01,0.03,0.022,6.93
2017-06-13,81.599,81.596,81.601,81.594,724074,7353798144.0,0.01,0.01,0.007,6.50
2017-06-14,81.605,81.606,81.607,81.599,791697,8041036032.0,0.01,0.01,0.010,7.11
2017-06-15,81.616,81.619,81.622,81.603,815826,8286575104.0,0.02,0.02,0.013,7.32
2017-06-16,81.63,81.633,81.638,81.63,738024,7498082816.0,0.01,0.02,0.014,6.63
2017-06-19,81.649,81.653,81.657,81.648,754531,7667221248.0,0.01,0.02,0.020,6.77
2017-06-20,81.66,81.648,81.661,81.645,819590,8328505856.0,0.02,-0.01,-0.005,7.36
2017-06-21,81.661,81.678,81.68,81.651,987034,10030572544.0,0.04,0.04,0.030,8.86
2017-06-22,81.674,81.699,81.701,81.669,816064,8294831104.0,0.04,0.03,0.021,7.33
2017-06-23,81.707,81.721,81.723,81.704,838211,8522170368.0,0.02,0.03,0.022,7.52
2017-06-26,81.717,81.719,81.724,81.717,1040119,10576349952.0,0.01,0.00,-0.002,9.34
2017-06-27,81.729,81.731,81.733,81.726,847381,8617378048.0,0.01,0.01,0.012,7.61
2017-06-28,81.736,81.742,81.745,81.727,848018,8624535296.0,0.02,0.01,0.011,7.61
2017-06-29,81.741,81.745,81.747,81.735,946025,9621614080.0,0.01,0.00,0.003,8.49
2017-06-30,81.78,81.787,81.79,81.771,1099722,11188760576.0,0.02,0.05,0.042,9.87
2017-07-03,81.806,81.814,81.815,81.803,777533,7913198592.0,0.01,0.03,0.027,6.98
2017-07-04,81.826,81.844,81.845,81.824,641834,6533697024.0,0.03,0.04,0.030,5.76
2017-07-05,81.842,81.889,81.895,81.84,585262,5959307776.0,0.07,0.05,0.045,5.25
2017-07-06,81.884,81.898,81.9,81.858,870613,8866179584.0,0.05,0.01,0.009,7.82
2017-07-07,81.896,81.892,81.903,81.883,722322,7357323776.0,0.02,-0.01,-0.006,6.48
2017-07-10,81.894,81.902,81.904,81.894,701287,7143668736.0,0.01,0.01,0.010,6.30
2017-07-11,81.905,81.911,81.916,81.905,551475,5618156800.0,0.01,0.01,0.009,4.95
2017-07-12,81.922,81.921,81.923,81.92,540204,5503864832.0,0.00,0.01,0.010,4.85
2017-07-13,81.927,81.93,81.933,81.924,594327,6055791872.0,0.01,0.01,0.009,5.34
2017-07-14,81.94,81.947,81.95,81.937,895445,9125457920.0,0.02,0.02,0.017,8.04
2017-07-17,81.966,81.968,81.97,81.964,650634,6631993600.0,0.01,0.03,0.021,5.84
2017-07-18,81.972,81.969,81.975,81.967,771878,7867986944.0,0.01,0.00,0.001,6.93
2017-07-19,81.976,81.972,81.978,81.969,645083,6575652352.0,0.01,0.00,0.003,5.79
2017-07-20,81.97,81.985,81.992,81.97,730384,7445893120.0,0.03,0.02,0.013,6.56
2017-07-21,82.01,82.017,82.018,82.008,658896,6719396352.0,0.01,0.04,0.032,5.91
2017-07-24,82.031,82.031,82.035,82.026,658956,6721012992.0,0.01,0.02,0.014,5.92
2017-07-25,82.039,82.045,82.048,82.037,589342,6011540224.0,0.01,0.02,0.014,5.29
2017-07-26,82.051,82.069,82.07,82.05,602727,6148901888.0,0.02,0.03,0.024,5.41
2017-07-27,82.071,82.084,82.086,82.065,636682,6496269824.0,0.03,0.02,0.015,5.72
2017-07-28,82.09,82.096,82.103,82.089,562664,5742543104.0,0.02,0.01,0.012,5.05
2017-07-31,82.1,82.101,82.136,82.091,645236,6585362432.0,0.05,0.01,0.005,5.79
2017-08-01,82.106,82.11,82.116,82.104,719378,7342852864.0,0.01,0.01,0.009,6.46
2017-08-02,82.116,82.14,82.141,82.116,666122,6800434944.0,0.03,0.04,0.030,5.98
2017-08-03,82.14,82.151,82.155,82.139,736766,7523318272.0,0.02,0.01,0.011,6.61
2017-08-04,82.173,82.183,82.186,82.167,880660,8995268864.0,0.02,0.04,0.032,7.91
2017-08-07,82.186,82.194,82.197,82.186,562341,5744819968.0,0.01,0.01,0.011,5.05
2017-08-08,82.197,82.207,82.214,82.197,584124,5968028928.0,0.02,0.02,0.013,5.24
2017-08-09,82.216,82.215,82.217,82.213,467653,4778444288.0,0.00,0.01,0.008,4.20
2017-08-10,82.223,82.227,82.228,82.22,630104,6438906624.0,0.01,0.01,0.012,5.66
2017-08-11,82.246,82.249,82.25,82.242,607470,6209004544.0,0.01,0.03,0.022,5.45
2017-08-14,82.261,82.261,82.266,82.257,755638,7724638720.0,0.01,0.01,0.012,6.78
2017-08-15,82.267,82.263,82.269,82.259,552357,5646512640.0,0.01,0.00,0.002,4.96
2017-08-16,82.271,82.269,82.272,82.265,534937,5468846336.0,0.01,0.01,0.006,4.80
2017-08-17,82.272,82.279,82.281,82.265,595498,6088325632.0,0.02,0.01,0.010,5.35
2017-08-18,82.304,82.312,82.331,82.3,540357,5526075392.0,0.04,0.04,0.033,4.85
2017-08-21,82.313,82.321,82.329,82.313,674797,6901934080.0,0.02,0.01,0.009,6.06
2017-08-22,82.329,82.334,82.336,82.328,482696,4937658880.0,0.01,0.02,0.013,4.33
2017-08-23,82.339,82.341,82.342,82.338,439524,4496506368.0,0.00,0.01,0.007,3.95
2017-08-24,82.349,82.364,82.365,82.348,551326,5641173248.0,0.02,0.03,0.023,4.95
2017-08-25,82.384,82.38,82.391,82.371,743741,7611903744.0,0.02,0.02,0.016,6.68
2017-08-28,82.391,82.38,82.394,82.377,604971,6191792384.0,0.02,0.00,0.000,5.43
2017-08-29,82.385,82.391,82.397,82.378,630532,6453247488.0,0.02,0.01,0.011,5.66
2017-08-30,82.393,82.397,82.399,82.386,1160439,11877915648.0,0.02,0.01,0.006,10.42
2017-08-31,82.399,82.433,82.436,82.398,747156,7649273600.0,0.05,0.04,0.036,6.71
2017-09-01,82.448,82.457,82.46,82.446,720268,7376792320.0,0.02,0.03,0.024,6.47
2017-09-04,82.467,82.485,82.487,82.466,714152,7315745024.0,0.03,0.03,0.028,6.41
2017-09-05,82.491,82.498,82.507,82.485,756537,7751373824.0,0.03,0.02,0.013,6.79
2017-09-06,82.505,82.509,82.51,82.502,691172,7082505472.0,0.01,0.01,0.011,6.20
2017-09-07,82.514,82.52,82.521,82.512,662048,6784702976.0,0.01,0.01,0.011,5.94
2017-09-08,82.531,82.536,82.538,82.531,680780,6977892608.0,0.01,0.02,0.016,6.11
2017-09-11,82.549,82.548,82.552,82.546,704450,7221534720.0,0.01,0.01,0.012,6.32
2017-09-12,82.557,82.566,82.57,82.552,688434,7057905664.0,0.02,0.02,0.018,6.18
2017-09-13,82.57,82.575,82.576,82.569,656073,6727109632.0,0.01,0.01,0.009,5.89
2017-09-14,82.58,82.596,82.598,82.58,827816,8489344512.0,0.02,0.03,0.021,7.43
2017-09-15,82.609,82.604,82.611,82.595,662715,6797205760.0,0.02,0.01,0.008,5.95
2017-09-18,82.613,82.617,82.62,82.604,686689,7043803392.0,0.02,0.02,0.013,6.16
2017-09-19,82.621,82.619,82.623,82.61,624890,6410232320.0,0.02,0.00,0.002,5.61
2017-09-20,82.624,82.647,82.654,82.623,672526,6899575552.0,0.04,0.03,0.028,6.04
2017-09-21,82.648,82.696,82.726,82.642,656072,6732450816.0,0.10,0.06,0.049,5.89
2017-09-22,82.688,82.732,82.742,82.687,634790,6517659648.0,0.07,0.04,0.036,5.70
2017-09-25,82.727,82.719,82.732,82.679,622842,6394917632.0,0.06,-0.02,-0.013,5.59
2017-09-26,82.705,82.727,82.729,82.705,765898,7864468224.0,0.03,0.01,0.008,6.88
2017-09-27,82.726,82.686,82.732,82.672,620383,6368479744.0,0.07,-0.05,-0.041,5.57
2017-09-28,82.696,82.683,82.704,82.65,590918,6066313984.0,0.07,0.00,-0.003,5.30
2017-09-29,82.811,82.809,82.854,82.787,627948,6453748736.0,0.08,0.15,0.126,5.64
2017-10-09,82.827,82.827,82.837,82.819,544873,5600752640.0,0.02,0.02,0.018,4.89
2017-10-10,82.845,82.867,82.871,82.833,612969,6301683968.0,0.05,0.05,0.040,5.50
2017-10-11,82.871,82.889,82.89,82.865,718877,7393131520.0,0.03,0.03,0.022,6.45
2017-10-12,82.891,82.908,82.913,82.886,684771,7043573760.0,0.03,0.02,0.019,6.15
2017-10-13,82.921,82.941,82.96,82.836,669981,6893201152.0,0.15,0.04,0.033,6.01
2017-10-16,82.934,82.951,83.036,82.934,656829,6759171328.0,0.12,0.01,0.010,5.90
2017-10-17,82.952,82.979,82.981,82.952,745443,7672591872.0,0.03,0.03,0.028,6.69
2017-10-18,82.976,82.972,82.982,82.97,874446,9001445120.0,0.01,-0.01,-0.007,7.85
2017-10-19,82.975,82.975,82.978,82.974,684590,7047099904.0,0.00,0.00,0.003,6.15
2017-10-20,82.986,82.994,82.997,82.985,842488,8673763840.0,0.01,0.02,0.019,7.56
2017-10-23,83.002,83.005,83.01,82.999,965321,9939840256.0,0.01,0.01,0.011,8.67
2017-10-24,83.011,83.014,83.016,83.01,835221,8600821248.0,0.01,0.01,0.009,7.50
2017-10-25,83.022,83.02,83.024,83.017,981097,10103757312.0,0.01,0.01,0.006,8.81
2017-10-26,83.017,83.024,83.026,83.014,1068294,11001925888.0,0.01,0.00,0.004,9.59
2017-10-27,83.045,83.037,83.047,83.036,1050096,10816595712.0,0.01,0.02,0.013,9.43
2017-10-30,83.054,83.052,83.056,83.038,1000482,10305939456.0,0.02,0.02,0.015,8.98
2017-10-31,83.067,83.073,83.074,83.053,1121290,11551830528.0,0.03,0.03,0.021,10.07
2017-11-01,83.086,83.1,83.103,83.085,1149092,11842440192.0,0.02,0.03,0.027,10.32
2017-11-02,83.106,83.124,83.127,83.104,1229731,12675644672.0,0.03,0.03,0.024,11.04
2017-11-03,83.136,83.17,83.173,83.126,1298996,13393972992.0,0.06,0.06,0.046,11.66
2017-11-06,83.165,83.165,83.168,83.16,1084348,11182832896.0,0.01,-0.01,-0.005,9.73
2017-11-07,83.164,83.169,83.171,83.163,1326791,13683479296.0,0.01,0.00,0.004,11.91
2017-11-08,83.171,83.179,83.179,83.171,1332180,13740141056.0,0.01,0.01,0.010,11.96
2017-11-09,83.186,83.186,83.19,83.184,1343600,13859287808.0,0.01,0.01,0.007,12.06
2017-11-10,83.197,83.198,83.203,83.195,1328295,13703072768.0,0.01,0.01,0.012,11.92
2017-11-13,83.216,83.207,83.217,83.2,1185263,12228393728.0,0.02,0.01,0.009,10.64
2017-11-14,83.211,83.21,83.217,83.205,1177932,12153584896.0,0.01,0.00,0.003,10.57
2017-11-15,83.221,83.234,83.236,83.219,1174587,12120823296.0,0.02,0.03,0.024,10.54
2017-11-16,83.237,83.252,83.254,83.236,1260869,13013139968.0,0.02,0.02,0.018,11.32
2017-11-17,83.267,83.28,83.336,83.261,1652641,17061079552.0,0.09,0.03,0.028,14.84
2017-11-20,83.286,83.286,83.289,83.28,1402223,14477816064.0,0.01,0.01,0.006,12.59
2017-11-21,83.294,83.3,83.303,83.292,1558869,16096741120.0,0.01,0.02,0.014,13.99
2017-11-22,83.302,83.306,83.308,83.3,1062226,10969330432.0,0.01,0.01,0.006,9.54
2017-11-23,83.313,83.331,83.339,83.308,1114397,11509226496.0,0.04,0.03,0.025,10.00
2017-11-24,83.341,83.357,83.365,83.338,1417022,14639406080.0,0.03,0.03,0.026,12.72
2017-11-27,83.361,83.371,83.375,83.348,1063050,10983887360.0,0.03,0.02,0.014,9.54
2017-11-28,83.369,83.373,83.377,83.368,1294198,13373771776.0,0.01,0.00,0.002,11.62
2017-11-29,83.381,83.378,83.386,83.374,1160293,11991248384.0,0.01,0.01,0.005,10.42
2017-11-30,83.391,83.417,83.418,83.384,1292111,13355645440.0,0.04,0.05,0.039,11.60
2017-12-01,83.428,83.435,83.439,83.427,1415681,14637563392.0,0.01,0.02,0.018,12.71
2017-12-04,83.446,83.463,83.464,83.442,1435876,14849953792.0,0.03,0.03,0.028,12.89
2017-12-05,83.469,83.484,83.496,83.469,1364326,14112558080.0,0.03,0.03,0.021,12.25
2017-12-06,83.496,83.489,83.499,83.486,1253085,12963985664.0,0.02,0.01,0.005,11.25
2017-12-07,83.496,83.51,83.514,83.493,1597004,16524158720.0,0.03,0.03,0.021,14.34
2017-12-08,83.526,83.523,83.526,83.519,1384641,14329292800.0,0.01,0.02,0.013,12.43
2017-12-11,83.531,83.524,83.542,83.521,1646495,17040279296.0,0.03,0.00,0.001,14.78
2017-12-12,83.534,83.534,83.537,83.531,1386526,14350198528.0,0.01,0.01,0.010,12.45
2017-12-13,83.543,83.546,83.551,83.542,1535131,15890044928.0,0.01,0.01,0.012,13.78
2017-12-14,83.557,83.565,83.568,83.552,1771396,18337996288.0,0.02,0.02,0.019,15.90
2017-12-15,83.577,83.594,83.596,83.576,2007722,20791139328.0,0.02,0.03,0.029,18.02
2017-12-18,83.599,83.588,83.602,83.582,1781019,18444410368.0,0.02,-0.01,-0.006,15.99
2017-12-19,83.595,83.593,83.602,83.586,1818770,18834899200.0,0.02,0.01,0.005,16.33
2017-12-20,83.602,83.612,83.613,83.534,1901711,19694386944.0,0.09,0.02,0.019,17.07
2017-12-21,83.614,83.643,83.646,83.614,1725699,17876794368.0,0.04,0.04,0.031,15.49
2017-12-22,83.654,83.656,83.662,83.649,1879541,19475946240.0,0.02,0.02,0.013,16.87
2017-12-25,83.669,83.676,83.677,83.663,1438287,14905219584.0,0.02,0.02,0.020,12.91
2017-12-26,83.677,83.644,83.677,83.637,1366062,14157359616.0,0.05,-0.04,-0.032,12.26
2017-12-27,83.656,83.646,83.663,83.557,1008862,10449886720.0,0.13,0.00,0.002,9.06
2017-12-28,83.566,83.509,83.611,83.478,1250956,12951274752.0,0.16,-0.16,-0.137,11.23
2017-12-29,83.708,83.752,83.756,83.707,1795617,17978422272.0,0.06,0.29,0.243,16.12
2018-01-02,83.776,83.794,83.802,83.765,516006,5168604416.0,0.04,0.05,0.042,4.63
2018-01-03,83.814,83.81,83.816,83.789,722538,7238401280.0,0.03,0.02,0.016,6.49
2018-01-04,83.824,83.921,83.976,83.809,771013,7727383808.0,0.20,0.13,0.111,6.92
2018-01-05,83.864,83.956,83.991,83.854,706121,7082726656.0,0.16,0.04,0.035,6.34
2018-01-08,83.916,83.973,84.001,83.916,543201,5451688192.0,0.10,0.02,0.017,4.88
2018-01-09,83.974,83.882,83.99,83.876,799060,8014149120.0,0.14,-0.11,-0.091,7.17
2018-01-10,83.876,83.889,83.893,83.871,611280,6129257216.0,0.03,0.01,0.007,5.49
2018-01-11,83.893,83.889,83.898,83.886,671891,6737535232.0,0.01,0.00,0.000,6.03
2018-01-12,83.909,83.922,83.927,83.907,712681,7148231168.0,0.02,0.04,0.033,6.40
2018-01-15,83.926,83.932,83.934,83.924,569642,5714501632.0,0.01,0.01,0.010,5.11
2018-01-16,83.938,83.94,83.943,83.935,620920,6229340928.0,0.01,0.01,0.008,5.57
2018-01-17,83.946,83.944,83.949,83.935,602669,6046391296.0,0.02,0.00,0.004,5.41
2018-01-18,83.949,83.956,83.958,83.946,556027,5579083008.0,0.01,0.01,0.012,4.99
2018-01-19,83.975,83.982,83.984,83.958,705974,7085292288.0,0.03,0.03,0.026,6.34
2018-01-22,83.989,84.009,84.012,83.984,670008,6726038272.0,0.03,0.03,0.027,6.01
2018-01-23,84.014,84.011,84.015,84.006,532916,5350289408.0,0.01,0.00,0.002,4.78
2018-01-24,84.019,84.022,84.027,84.016,586351,5887393024.0,0.01,0.01,0.011,5.26
2018-01-25,84.024,84.037,84.039,84.023,487305,4893427456.0,0.02,0.02,0.015,4.37
2018-01-26,84.054,84.07,84.074,84.053,520170,5224803584.0,0.02,0.04,0.033,4.67
2018-01-29,84.073,84.094,84.098,84.073,514343,5167464960.0,0.03,0.03,0.024,4.62
2018-01-30,84.093,84.115,84.126,84.093,471482,4738100992.0,0.04,0.02,0.021,4.23
2018-01-31,84.115,84.151,84.16,84.109,507814,5104236800.0,0.06,0.04,0.036,4.56
2018-02-01,84.134,84.184,84.192,84.133,561780,5647664384.0,0.07,0.04,0.033,5.04
2018-02-02,84.172,84.242,84.253,84.168,552416,5556234752.0,0.10,0.07,0.058,4.96
2018-02-05,84.18,84.234,84.245,84.18,619583,6233522688.0,0.08,-0.01,-0.008,5.56
2018-02-06,84.234,84.205,84.242,84.2,661068,6650442752.0,0.05,-0.03,-0.029,5.93
2018-02-07,84.194,84.175,84.204,84.17,671891,6757480192.0,0.04,-0.04,-0.030,6.03
2018-02-08,84.184,84.195,84.198,84.173,811292,8159317248.0,0.03,0.02,0.020,7.28
2018-02-09,84.203,84.223,84.226,83.614,786050,7906874112.0,0.73,0.03,0.028,7.06
2018-02-12,84.227,84.257,84.26,84.22,683443,6876760064.0,0.05,0.04,0.034,6.14
2018-02-13,84.258,84.313,84.317,84.223,691999,6965689344.0,0.11,0.07,0.056,6.21
2018-02-14,84.358,84.455,84.484,84.341,512722,5166743296.0,0.17,0.17,0.142,4.60
2018-02-22,84.376,84.367,84.387,84.361,623517,6282770688.0,0.03,-0.10,-0.088,5.60
2018-02-23,84.38,84.402,84.408,84.379,565327,5697534720.0,0.03,0.04,0.035,5.07
2018-02-26,84.406,84.409,84.418,84.396,600113,6048818944.0,0.03,0.01,0.007,5.39
2018-02-27,84.414,84.415,84.421,84.412,519578,5237490688.0,0.01,0.01,0.006,4.66
2018-02-28,84.427,84.429,84.43,84.417,619960,6249859072.0,0.02,0.02,0.014,5.57
2018-03-01,84.44,84.442,84.451,84.436,611056,6161209088.0,0.02,0.02,0.013,5.49
2018-03-02,84.464,84.473,84.478,84.461,656706,6623289856.0,0.02,0.04,0.031,5.90
2018-03-05,84.483,84.49,84.493,84.482,536457,5411443968.0,0.01,0.02,0.017,4.82
2018-03-06,84.498,84.499,84.503,84.496,718840,7252080896.0,0.01,0.01,0.009,6.45
2018-03-07,84.503,84.506,84.507,84.502,636982,6426570752.0,0.01,0.01,0.007,5.72
2018-03-08,84.514,84.521,84.523,84.514,632257,6379709952.0,0.01,0.02,0.015,5.68
2018-03-09,84.537,84.535,84.54,84.534,644896,6508473600.0,0.01,0.02,0.014,5.79
2018-03-12,84.539,84.541,84.543,84.526,998902,10081213696.0,0.02,0.01,0.006,8.97
2018-03-13,84.556,84.566,84.569,84.545,934680,9434679296.0,0.03,0.03,0.025,8.39
2018-03-14,84.57,84.582,84.584,84.57,663332,6697252096.0,0.02,0.02,0.016,5.95
2018-03-15,84.59,84.592,84.596,84.585,628756,6349072896.0,0.01,0.01,0.010,5.64
2018-03-16,84.612,84.615,84.62,84.609,707876,7149473280.0,0.01,0.03,0.023,6.35
2018-03-19,84.623,84.628,84.63,84.622,774816,7826633728.0,0.01,0.02,0.013,6.96
2018-03-20,84.644,84.647,84.647,84.637,650132,6568034816.0,0.01,0.02,0.019,5.84
2018-03-21,84.648,84.649,84.652,84.646,784148,7922575616.0,0.01,0.00,0.002,7.04
2018-03-22,84.655,84.671,84.718,84.655,824495,8331526656.0,0.07,0.03,0.022,7.40
2018-03-23,84.687,84.722,84.818,84.676,955351,9656209920.0,0.17,0.06,0.051,8.58
2018-03-26,84.712,84.704,84.717,84.693,809402,8182653952.0,0.03,-0.02,-0.018,7.27
2018-03-27,84.703,84.709,84.711,84.688,970409,9809216000.0,0.03,0.01,0.005,8.71
2018-03-28,84.705,84.716,84.719,84.699,998235,10091470080.0,0.02,0.01,0.007,8.96
2018-03-29,84.718,84.69,84.724,84.67,878605,8882160640.0,0.06,-0.03,-0.026,7.89
2018-03-30,84.742,84.758,84.761,84.738,831247,8406605056.0,0.03,0.08,0.068,7.46
2018-04-02,84.765,84.792,84.795,84.765,858647,8687118592.0,0.04,0.04,0.034,7.71
2018-04-03,84.8,84.855,84.861,84.798,791924,8014883072.0,0.07,0.07,0.063,7.11
2018-04-04,84.879,84.893,84.917,84.861,822151,8326618112.0,0.07,0.04,0.038,7.38
2018-04-09,84.875,84.929,84.934,84.874,881476,8927703040.0,0.07,0.04,0.036,7.91
2018-04-10,84.914,84.954,84.956,84.914,796355,8068713728.0,0.05,0.03,0.025,7.15
2018-04-11,84.934,84.919,84.942,84.908,980812,9936832000.0,0.04,-0.04,-0.035,8.80
2018-04-12,84.919,84.918,84.924,84.908,774720,7848096768.0,0.02,0.00,-0.001,6.95
2018-04-13,84.934,84.942,84.945,84.929,816058,8268322304.0,0.02,0.03,0.024,7.33
2018-04-16,84.945,84.942,84.953,84.94,827718,8387366144.0,0.02,0.00,0.000,7.43
2018-04-17,84.947,84.946,84.953,84.943,832558,8436718080.0,0.01,0.00,0.004,7.47
2018-04-18,84.948,84.951,84.956,84.945,1018801,10324353280.0,0.01,0.01,0.005,9.15
2018-04-19,84.958,84.939,84.958,84.921,837978,8490356480.0,0.04,-0.01,-0.012,7.52
2018-04-20,84.969,84.966,84.974,84.944,784846,7954535680.0,0.04,0.03,0.027,7.05
2018-04-23,84.969,84.954,84.977,84.909,966755,9796649472.0,0.08,-0.01,-0.012,8.68
2018-04-24,84.926,84.958,84.963,84.921,836052,8471670528.0,0.05,0.00,0.004,7.51
2018-04-25,84.979,84.999,85.006,84.978,776093,7868330496.0,0.03,0.05,0.041,6.97
2018-04-26,85.006,85.03,85.033,85.001,847424,8592958720.0,0.04,0.04,0.031,7.61
2018-04-27,85.083,85.111,85.115,85.071,969407,9836179456.0,0.05,0.10,0.081,8.70
2018-05-02,85.106,85.153,85.162,85.103,706016,7167005696.0,0.07,0.05,0.042,6.34
2018-05-03,85.158,85.158,85.18,85.134,805225,8176760064.0,0.05,0.01,0.005,7.23
2018-05-04,85.166,85.191,85.194,85.16,819402,8321909248.0,0.04,0.04,0.033,7.36
2018-05-07,85.181,85.205,85.217,85.164,858615,8721143296.0,0.06,0.02,0.014,7.71
2018-05-08,85.193,85.18,85.194,85.168,899248,9133151232.0,0.03,-0.03,-0.025,8.07
2018-05-09,85.175,85.182,85.187,85.172,753757,7655470848.0,0.02,0.00,0.002,6.77
2018-05-10,85.183,85.183,85.188,85.178,784589,7969131008.0,0.01,0.00,0.001,7.04
2018-05-11,85.194,85.212,85.217,85.194,887266,9013783808.0,0.03,0.03,0.029,7.96
2018-05-14,85.218,85.206,85.22,85.201,986565,10023423232.0,0.02,-0.01,-0.006,8.86
2018-05-15,85.214,85.232,85.235,85.209,970311,9859007232.0,0.03,0.03,0.026,8.71
2018-05-16,85.236,85.245,85.248,85.234,906497,9212551680.0,0.02,0.02,0.013,8.14
2018-05-17,85.255,85.256,85.26,85.25,943925,9594269440.0,0.01,0.01,0.011,8.47
2018-05-18,85.278,85.287,85.288,85.274,980828,9971625472.0,0.02,0.04,0.031,8.80
2018-05-21,85.287,85.289,85.291,85.278,640599,6513222912.0,0.02,0.00,0.002,5.75
2018-05-22,85.299,85.316,85.318,85.297,877069,8919120896.0,0.02,0.03,0.027,7.87
2018-05-23,85.323,85.337,85.338,85.317,837374,8517065728.0,0.02,0.02,0.021,7.52
2018-05-24,85.336,85.344,85.348,85.335,965733,9824302080.0,0.02,0.01,0.007,8.67
2018-05-25,85.361,85.348,85.361,85.344,1032884,10508217600.0,0.02,0.00,0.004,9.27
2018-05-28,85.354,85.355,85.36,85.344,983270,10003610368.0,0.02,0.01,0.007,8.83
2018-05-29,85.36,85.354,85.361,85.342,858279,8731915264.0,0.02,0.00,-0.001,7.70
2018-05-30,85.348,85.353,85.355,85.34,1005527,10229862144.0,0.02,0.00,-0.001,9.03
2018-05-31,85.344,85.376,85.38,85.344,904079,9199522816.0,0.04,0.03,0.023,8.12
2018-06-01,85.415,85.414,85.42,85.41,872460,8881870848.0,0.01,0.04,0.038,7.83
2018-06-04,85.431,85.442,85.444,85.43,853842,8694206976.0,0.02,0.03,0.028,7.66
2018-06-05,85.447,85.453,85.455,85.446,748944,7626956800.0,0.01,0.01,0.011,6.72
2018-06-06,85.46,85.463,85.467,85.457,784413,7989041408.0,0.01,0.01,0.010,7.04
2018-06-07,85.472,85.475,85.477,85.471,667642,6800583168.0,0.01,0.01,0.012,5.99
2018-06-08,85.492,85.5,85.505,85.492,875871,8923729408.0,0.02,0.03,0.025,7.86
2018-06-11,85.51,85.518,85.522,85.51,798118,8132978688.0,0.01,0.02,0.018,7.16
2018-06-12,85.527,85.523,85.529,85.519,854466,8707970304.0,0.01,0.01,0.005,7.67
2018-06-13,85.528,85.523,85.529,85.52,706845,7203504896.0,0.01,0.00,0.000,6.35
2018-06-14,85.533,85.542,85.551,85.525,1157636,11799336192.0,0.03,0.02,0.019,10.39
2018-06-15,85.571,85.572,85.581,85.567,916399,9343317504.0,0.02,0.04,0.030,8.23
2018-06-19,85.571,85.577,85.58,85.568,1265601,12904298752.0,0.01,0.01,0.005,11.36
2018-06-20,85.584,85.611,85.616,85.576,1317399,13433266688.0,0.05,0.04,0.034,11.83
2018-06-21,85.603,85.622,85.624,85.602,1099113,11210401536.0,0.03,0.01,0.011,9.87
2018-06-22,85.641,85.627,85.641,85.62,1222601,12472215296.0,0.02,0.01,0.005,10.98
2018-06-25,85.614,85.643,85.649,85.614,1159928,11833747456.0,0.04,0.02,0.016,10.41
2018-06-26,85.652,85.655,85.661,85.651,1369186,13971358208.0,0.01,0.01,0.012,12.29
2018-06-27,85.662,85.651,85.665,85.647,1224501,12494762752.0,0.02,0.00,-0.004,10.99
2018-06-28,85.634,85.663,85.669,85.589,1460773,14900346624.0,0.09,0.01,0.012,13.11
2018-06-29,85.694,85.711,85.718,85.689,1359910,13884009984.0,0.03,0.06,0.048,12.21
2018-07-02,85.735,85.761,85.764,85.735,928653,9485108736.0,0.03,0.06,0.050,8.34
2018-07-03,85.765,85.821,85.824,85.765,789199,8063432192.0,0.07,0.07,0.060,7.08
2018-07-04,85.802,85.92,86.014,85.802,927473,9482313984.0,0.25,0.12,0.099,8.33
2018-07-05,85.904,85.993,86.013,85.875,951148,9731739648.0,0.16,0.08,0.073,8.54
2018-07-06,85.926,86.036,86.041,85.926,788713,8074203392.0,0.13,0.05,0.043,7.08
2018-07-09,86.014,86.022,86.049,85.989,871091,8920624384.0,0.07,-0.02,-0.014,7.82
2018-07-10,86.002,86.001,86.017,85.984,916692,9385628160.0,0.04,-0.02,-0.021,8.23
2018-07-11,85.994,85.988,86.006,85.975,651934,6674736384.0,0.04,-0.02,-0.013,5.85
2018-07-12,85.984,85.835,85.987,85.824,835646,8545799936.0,0.19,-0.18,-0.153,7.50
2018-07-13,85.858,85.879,85.888,85.858,710317,7263774976.0,0.03,0.05,0.044,6.38
2018-07-16,85.887,85.892,85.898,85.883,683266,6988154112.0,0.02,0.02,0.013,6.13
2018-07-17,85.899,85.914,85.918,85.898,750943,7681729024.0,0.02,0.03,0.022,6.74
2018-07-18,85.918,85.916,85.93,85.912,796032,8144335104.0,0.02,0.00,0.002,7.15
2018-07-19,85.929,85.933,85.936,85.919,826623,8457462528.0,0.02,0.02,0.017,7.42
2018-07-20,85.95,85.945,85.953,85.932,668208,6837866496.0,0.02,0.01,0.012,6.00
2018-07-23,85.959,85.955,85.96,85.947,797106,8157531904.0,0.02,0.01,0.010,7.16
2018-07-24,85.96,85.946,85.961,85.934,996193,10193946880.0,0.03,-0.01,-0.009,8.94
2018-07-25,85.95,85.963,85.97,85.944,697433,7137751040.0,0.03,0.02,0.017,6.26
2018-07-26,85.971,85.985,85.987,85.969,612750,6272394752.0,0.02,0.03,0.022,5.50
2018-07-27,85.997,86.003,86.006,85.997,636898,6521127936.0,0.01,0.02,0.018,5.72
2018-07-30,86.008,86.022,86.025,86.008,700044,7168733184.0,0.02,0.02,0.019,6.28
2018-07-31,86.03,86.04,86.054,86.03,612078,6269245952.0,0.03,0.02,0.018,5.49
2018-08-01,86.041,86.054,86.062,86.041,684543,7012264704.0,0.02,0.02,0.014,6.14
2018-08-02,86.063,86.074,86.081,86.063,759845,7785093888.0,0.02,0.02,0.020,6.82
2018-08-03,86.092,86.103,86.104,86.089,615872,6311564288.0,0.02,0.03,0.029,5.53
2018-08-06,86.108,86.107,86.116,86.105,745104,7637129984.0,0.01,0.00,0.004,6.69
2018-08-07,86.114,86.108,86.116,86.106,753156,7719681024.0,0.01,0.00,0.001,6.76
2018-08-08,86.11,86.116,86.117,86.109,598614,6135697408.0,0.01,0.01,0.008,5.37
2018-08-09,86.123,86.12,86.128,86.108,741536,7601119232.0,0.02,0.00,0.004,6.66
2018-08-10,86.141,86.145,86.146,86.128,586871,6016818944.0,0.02,0.03,0.025,5.27
2018-08-13,86.15,86.158,86.161,86.149,627525,6434743552.0,0.01,0.02,0.013,5.63
2018-08-14,86.167,86.161,86.171,86.154,633734,6499044352.0,0.02,0.00,0.003,5.69
2018-08-15,86.172,86.179,86.182,86.168,706676,7247731712.0,0.02,0.02,0.018,6.34
2018-08-16,86.187,86.188,86.192,86.181,813335,8342481408.0,0.01,0.01,0.009,7.30
2018-08-17,86.2,86.209,86.214,86.197,665114,6823595008.0,0.02,0.02,0.021,5.97
2018-08-20,86.221,86.219,86.223,86.214,822181,8435876864.0,0.01,0.01,0.010,7.38
2018-08-21,86.222,86.231,86.232,86.216,833616,8553595904.0,0.02,0.01,0.012,7.48
2018-08-22,86.234,86.248,86.256,86.229,779911,8003684352.0,0.03,0.02,0.017,7.00
2018-08-23,86.248,86.289,86.293,86.246,836908,8591269120.0,0.05,0.05,0.041,7.51
2018-08-24,86.294,86.294,86.313,86.286,773543,7943342592.0,0.03,0.01,0.005,6.94
2018-08-27,86.296,86.274,86.298,86.27,819803,8417087488.0,0.03,-0.02,-0.020,7.36
2018-08-28,86.279,86.289,86.292,86.27,725562,7449069824.0,0.03,0.02,0.015,6.51
2018-08-29,86.294,86.314,86.319,86.292,957545,9833238016.0,0.03,0.03,0.025,8.60
2018-08-30,86.317,86.333,86.337,86.317,803651,8254435840.0,0.02,0.02,0.019,7.21
2018-08-31,86.344,86.362,86.367,86.344,1042053,10706275328.0,0.03,0.03,0.029,9.35
2018-09-03,86.369,86.353,86.372,86.334,1130232,11611300096.0,0.04,-0.01,-0.009,10.15
2018-09-04,86.356,86.358,86.359,86.351,637841,6553294592.0,0.01,0.01,0.005,5.73
2018-09-05,86.362,86.35,86.374,86.347,890765,9152859904.0,0.03,-0.01,-0.008,8.00
2018-09-06,86.366,86.367,86.368,86.358,965149,9916820736.0,0.01,0.02,0.017,8.66
2018-09-07,86.378,86.357,86.388,86.347,1177665,12101587712.0,0.05,-0.01,-0.010,10.57
2018-09-10,86.368,86.397,86.4,86.368,1174936,12074812928.0,0.04,0.05,0.040,10.55
2018-09-11,86.406,86.381,86.407,86.375,1154881,11870019840.0,0.04,-0.02,-0.016,10.37
2018-09-12,86.392,86.407,86.408,86.388,990820,10184378624.0,0.02,0.03,0.026,8.89
2018-09-13,86.403,86.407,86.411,86.402,825129,8481716992.0,0.01,0.00,0.000,7.41
2018-09-14,86.422,86.428,86.431,86.418,963637,9907075840.0,0.02,0.02,0.021,8.65
2018-09-17,86.437,86.444,86.447,86.435,751362,7726072832.0,0.01,0.02,0.016,6.74
2018-09-18,86.452,86.444,86.454,86.441,937387,9639874816.0,0.02,0.00,0.000,8.41
2018-09-19,86.452,86.444,86.454,86.44,1013644,10423321856.0,0.02,0.00,0.000,9.10
2018-09-20,86.449,86.455,86.46,86.447,977743,10055134976.0,0.02,0.01,0.011,8.78
2018-09-21,86.48,86.447,86.482,86.441,1099121,11304663040.0,0.05,-0.01,-0.008,9.87
2018-09-25,86.469,86.476,86.477,86.445,983278,10113221888.0,0.04,0.03,0.029,8.83
2018-09-26,86.476,86.48,86.487,86.461,865703,8904762368.0,0.03,0.00,0.004,7.77
2018-09-27,86.481,86.5,86.504,86.454,900158,9259131392.0,0.06,0.02,0.020,8.08
2018-09-28,86.58,86.59,86.609,86.567,941151,9690958592.0,0.05,0.10,0.090,8.45
2018-10-08,86.602,86.632,86.636,86.602,822122,8467939584.0,0.04,0.05,0.042,7.38
2018-10-09,86.633,86.641,86.648,86.63,809260,8337200640.0,0.02,0.01,0.009,7.26
2018-10-10,86.642,86.646,86.647,86.631,799448,8236369664.0,0.02,0.01,0.005,7.18
2018-10-11,86.646,86.638,86.648,86.632,813543,8381543680.0,0.02,-0.01,-0.008,7.30
2018-10-12,86.643,86.665,86.665,86.64,820902,8458481920.0,0.03,0.03,0.027,7.37
2018-10-15,86.667,86.676,86.68,86.665,803938,8284984064.0,0.02,0.01,0.011,7.22
2018-10-16,86.679,86.672,86.684,86.668,667028,6874682112.0,0.02,0.00,-0.004,5.99
2018-10-17,86.667,86.68,86.683,86.667,894961,9223751680.0,0.02,0.01,0.008,8.03
2018-10-18,86.688,86.695,86.697,86.685,717881,7399619072.0,0.01,0.02,0.015,6.44
2018-10-19,86.704,86.7,86.709,86.689,810746,8357555200.0,0.02,0.01,0.005,7.28
2018-10-22,86.654,86.683,86.7,86.644,1245490,12837396736.0,0.06,-0.02,-0.017,11.18
2018-10-23,86.703,86.711,86.715,86.696,850593,8768900864.0,0.02,0.03,0.028,7.64
2018-10-24,86.724,86.729,86.731,86.721,830315,8561564928.0,0.01,0.02,0.018,7.45
2018-10-25,86.732,86.738,86.741,86.729,751096,7745415424.0,0.01,0.01,0.009,6.74
2018-10-26,86.748,86.754,86.756,86.747,837704,8639869440.0,0.01,0.02,0.016,7.52
2018-10-29,86.762,86.768,86.77,86.759,838028,8644396032.0,0.01,0.02,0.014,7.52
2018-10-30,86.774,86.773,86.775,86.765,757209,7811192064.0,0.01,0.01,0.005,6.80
2018-10-31,86.777,86.781,86.783,86.767,779278,8039000832.0,0.02,0.01,0.008,7.00
2018-11-01,86.78,86.777,86.785,86.774,768635,7929610496.0,0.01,0.00,-0.004,6.90
2018-11-02,86.658,86.778,86.782,86.658,1056121,10894204672.0,0.14,0.00,0.001,9.48
2018-11-05,86.785,86.81,86.817,86.785,969394,10002892288.0,0.04,0.04,0.032,8.70
2018-11-06,86.821,86.821,86.823,86.816,704360,7269500672.0,0.01,0.01,0.011,6.32
2018-11-07,86.827,86.824,86.828,86.822,588468,6073652992.0,0.01,0.00,0.003,5.28
2018-11-08,86.826,86.833,86.836,86.825,790115,8155337216.0,0.01,0.01,0.009,7.09
2018-11-09,86.85,86.852,86.853,86.847,693648,7160860160.0,0.01,0.02,0.019,6.23
2018-11-12,86.861,86.85,86.862,86.844,618267,6383211008.0,0.02,0.00,-0.002,5.55
2018-11-13,86.861,86.852,86.862,86.845,827727,8545347328.0,0.02,0.00,0.002,7.43
2018-11-14,86.864,86.854,86.865,86.815,895993,9250180608.0,0.06,0.00,0.002,8.04
2018-11-15,86.859,86.868,86.872,86.855,830041,8570151168.0,0.02,0.02,0.014,7.45
2018-11-16,86.881,86.887,86.895,86.869,1115713,11522065664.0,0.03,0.02,0.019,10.02
2018-11-19,86.907,86.905,86.911,86.892,1045979,10803638272.0,0.02,0.02,0.018,9.39
2018-11-20,86.909,86.917,86.919,86.906,771298,7967326208.0,0.01,0.01,0.012,6.92
2018-11-21,86.919,86.94,86.943,86.919,643743,6650694400.0,0.03,0.03,0.023,5.78
2018-11-22,86.934,86.958,86.963,86.934,671398,6937893120.0,0.03,0.02,0.018,6.03
2018-11-23,86.964,86.988,86.995,86.963,825791,8535696640.0,0.04,0.03,0.030,7.41
2018-11-26,86.984,86.996,86.999,86.984,796538,8234485760.0,0.02,0.01,0.008,7.15
2018-11-27,86.996,86.998,87.005,86.983,746334,7715790592.0,0.03,0.00,0.002,6.70
2018-11-28,86.994,86.969,86.995,86.966,777841,8040489984.0,0.03,-0.03,-0.029,6.98
2018-11-29,86.964,86.981,86.982,86.963,680846,7037194496.0,0.02,0.01,0.012,6.11
2018-11-30,87.003,86.994,87.004,86.99,667596,6901799168.0,0.02,0.01,0.013,5.99
2018-12-03,86.99,86.993,87.005,86.987,1225368,12667870464.0,0.02,0.00,-0.001,11.00
2018-12-04,87.009,87.017,87.02,87.008,807264,8347237888.0,0.01,0.03,0.024,7.25
2018-12-05,87.027,87.023,87.033,87.015,811278,8389338112.0,0.02,0.01,0.006,7.28
2018-12-06,87.03,87.045,87.049,87.029,730095,7550870016.0,0.02,0.03,0.022,6.55
2018-12-07,87.057,87.091,87.105,87.055,903235,9344948480.0,0.06,0.05,0.046,8.11
2018-12-10,87.091,87.083,87.108,87.075,818855,8472674816.0,0.04,-0.01,-0.008,7.35
2018-12-11,87.087,87.077,87.089,87.075,612685,6339368448.0,0.02,-0.01,-0.006,5.50
2018-12-12,87.083,87.079,87.088,87.077,840661,8698160128.0,0.01,0.00,0.002,7.55
2018-12-13,87.088,87.06,87.089,86.914,1216524,12585658368.0,0.20,-0.02,-0.019,10.92
2018-12-14,87.084,87.082,87.085,87.074,803181,8310140160.0,0.01,0.03,0.022,7.21
2018-12-17,87.099,87.096,87.107,87.094,779441,8066319104.0,0.01,0.02,0.014,7.00
2018-12-18,87.104,87.112,87.119,87.1,964244,9979062528.0,0.02,0.02,0.016,8.66
2018-12-19,87.117,87.112,87.126,87.108,829412,8584878592.0,0.02,0.00,0.000,7.45
2018-12-20,87.118,87.103,87.122,87.099,1044193,10807098880.0,0.03,-0.01,-0.009,9.37
2018-12-21,87.12,87.129,87.135,87.117,1219933,12627866368.0,0.02,0.03,0.026,10.95
2018-12-24,87.143,87.141,87.148,87.13,1275218,13201445888.0,0.02,0.01,0.012,11.45
2018-12-25,87.144,87.135,87.146,87.13,1377625,14262000384.0,0.02,-0.01,-0.006,12.37
2018-12-26,87.146,87.112,87.161,86.614,1051247,10883951872.0,0.63,-0.03,-0.023,9.44
2018-12-27,87.114,87.134,87.147,87.06,849606,8790957568.0,0.10,0.03,0.022,7.63
2018-12-28,87.197,87.221,87.23,87.189,1540017,15413559552.0,0.05,0.10,0.087,13.82
2019-01-02,87.241,87.233,87.262,87.227,855659,8567757824.0,0.04,0.01,0.012,7.68
2019-01-03,87.253,87.296,87.3,87.253,433295,4339441920.0,0.05,0.07,0.063,3.89
2019-01-04,87.295,87.378,87.407,87.294,548246,5495182848.0,0.13,0.09,0.082,4.92
2019-01-07,87.377,87.436,87.457,87.337,628110,6297203200.0,0.14,0.07,0.058,5.64
2019-01-08,87.387,87.387,87.401,87.36,553235,5546808064.0,0.05,-0.06,-0.049,4.97
2019-01-09,87.335,87.322,87.343,87.303,825662,8273356800.0,0.05,-0.07,-0.065,7.41
2019-01-10,87.319,87.321,87.328,87.317,665280,6666569216.0,0.01,0.00,-0.001,5.97
2019-01-11,87.337,87.339,87.348,87.336,466836,4678889984.0,0.01,0.02,0.018,4.19
2019-01-14,87.344,87.349,87.352,87.344,490464,4916009984.0,0.01,0.01,0.010,4.40
2019-01-15,87.358,87.352,87.36,87.35,391711,3926464992.0,0.01,0.00,0.003,3.52
2019-01-16,87.358,87.362,87.367,87.35,376909,3778234096.0,0.02,0.01,0.010,3.38
2019-01-17,87.37,87.363,87.372,87.361,322863,3236748464.0,0.01,0.00,0.001,2.90
2019-01-18,87.388,87.372,87.39,87.368,449336,4505265664.0,0.03,0.01,0.009,4.03
2019-01-21,87.387,87.382,87.391,87.379,563082,5645926656.0,0.01,0.01,0.010,5.05
2019-01-22,87.392,87.395,87.398,87.389,652247,6540475648.0,0.01,0.01,0.013,5.86
2019-01-23,87.399,87.412,87.415,87.399,375823,3769154240.0,0.02,0.02,0.017,3.37
2019-01-24,87.418,87.415,87.421,87.411,407677,4088947056.0,0.01,0.00,0.003,3.66
2019-01-25,87.438,87.434,87.446,87.428,321179,3221939600.0,0.02,0.02,0.019,2.88
2019-01-28,87.435,87.437,87.439,87.429,543451,5451731712.0,0.01,0.00,0.003,4.88
2019-01-29,87.444,87.463,87.467,87.443,415100,4165027376.0,0.03,0.03,0.026,3.73
2019-01-30,87.466,87.457,87.476,87.452,404435,4058522960.0,0.03,-0.01,-0.006,3.63
2019-01-31,87.469,87.476,87.481,87.451,490406,4921220864.0,0.03,0.02,0.019,4.40
2019-02-01,87.587,87.573,87.587,87.544,440786,4427805696.0,0.05,0.11,0.097,3.96
2019-02-11,87.568,87.563,87.573,87.558,519596,5219156736.0,0.02,-0.01,-0.010,4.66
2019-02-12,87.568,87.568,87.572,87.566,473894,4760336640.0,0.01,0.01,0.005,4.25
2019-02-13,87.574,87.575,87.577,87.572,550531,5530481664.0,0.01,0.01,0.007,4.94
2019-02-14,87.582,87.586,87.587,87.581,406673,4085699184.0,0.01,0.01,0.011,3.65
2019-02-15,87.599,87.599,87.602,87.596,439423,4415412736.0,0.01,0.01,0.013,3.94
2019-02-18,87.603,87.604,87.607,87.598,704581,7080111872.0,0.01,0.01,0.005,6.32
2019-02-19,87.611,87.624,87.625,87.607,691100,6945304320.0,0.02,0.02,0.020,6.20
2019-02-20,87.625,87.632,87.633,87.624,482857,4853305600.0,0.01,0.01,0.008,4.33
2019-02-21,87.635,87.638,87.64,87.631,524077,5267976960.0,0.01,0.01,0.006,4.70
2019-02-22,87.648,87.641,87.653,87.634,563581,5665722624.0,0.02,0.00,0.003,5.06
2019-02-25,87.16,87.627,87.641,87.16,944020,9486322688.0,0.55,-0.02,-0.014,8.47
2019-02-26,87.607,87.639,87.648,87.544,683262,6866007552.0,0.12,0.01,0.012,6.13
2019-02-27,87.647,87.685,87.689,87.638,547892,5508792064.0,0.06,0.05,0.046,4.92
2019-02-28,87.683,87.739,87.762,87.683,439144,4417673472.0,0.09,0.06,0.054,3.94
2019-03-01,87.737,87.788,87.805,87.317,401897,4044826544.0,0.56,0.06,0.049,3.61
2019-03-04,87.747,87.734,87.765,87.704,703122,7074604032.0,0.07,-0.06,-0.054,6.31
2019-03-05,87.727,87.724,87.733,87.715,682695,6868348160.0,0.02,-0.01,-0.010,6.13
2019-03-06,87.727,87.737,87.747,87.721,607673,6114293504.0,0.03,0.01,0.013,5.45
2019-03-07,87.734,87.756,87.759,87.734,528524,5318357504.0,0.03,0.02,0.019,4.74
2019-03-08,87.757,87.766,87.777,87.475,680281,6845901312.0,0.34,0.01,0.010,6.11
2019-03-11,87.746,87.772,87.775,87.742,576731,5804483072.0,0.04,0.01,0.006,5.18
2019-03-12,87.772,87.774,87.778,87.768,597610,6015256320.0,0.01,0.00,0.002,5.36
2019-03-13,87.78,87.816,87.821,87.779,506322,5097520384.0,0.05,0.05,0.042,4.55
2019-03-14,87.805,87.816,87.845,87.805,430852,4339104768.0,0.05,0.00,0.000,3.87
2019-03-15,87.816,87.82,87.835,87.805,489728,4931643904.0,0.03,0.00,0.004,4.40
2019-03-18,87.818,87.818,87.823,87.815,550798,5546643968.0,0.01,0.00,-0.002,4.94
2019-03-19,87.817,87.825,87.826,87.809,475631,4789760256.0,0.02,0.01,0.007,4.27
2019-03-20,87.829,87.834,87.837,87.828,479805,4832420096.0,0.01,0.01,0.009,4.31
2019-03-21,87.838,87.85,87.851,87.834,568172,5722821376.0,0.02,0.02,0.016,5.10
2019-03-22,87.852,87.871,87.875,87.852,388975,3918812432.0,0.03,0.02,0.021,3.49
2019-03-25,87.872,87.898,87.903,87.871,402565,4056341968.0,0.04,0.03,0.027,3.61
2019-03-26,87.897,87.907,87.919,87.889,555838,5601802240.0,0.03,0.01,0.009,4.99
2019-03-27,87.902,87.902,87.921,87.9,468309,4720196352.0,0.02,-0.01,-0.005,4.20
2019-03-28,87.908,87.882,87.91,87.872,774186,7801485568.0,0.04,-0.02,-0.020,6.95
2019-03-29,87.912,87.899,87.917,87.882,701117,7066232832.0,0.04,0.02,0.017,6.29
2019-04-01,87.907,87.908,87.915,87.896,749950,7558629888.0,0.02,0.01,0.009,6.73
2019-04-02,87.908,87.936,87.941,87.907,549158,5535877888.0,0.04,0.03,0.028,4.93
2019-04-03,87.945,87.966,87.971,87.939,550506,5551189248.0,0.04,0.03,0.030,4.94
2019-04-04,87.964,88.024,88.036,87.961,597725,6029841920.0,0.09,0.07,0.058,5.37
2019-04-08,87.997,88.039,88.041,87.978,607698,6131365376.0,0.07,0.02,0.015,5.46
2019-04-09,88.032,88.028,88.035,88.007,567536,5726696192.0,0.03,-0.01,-0.011,5.09
2019-04-10,88.016,87.999,88.017,87.913,543364,5482066688.0,0.12,-0.03,-0.029,4.88
2019-04-11,88.009,88.005,88.009,87.998,580131,5852836352.0,0.01,0.01,0.006,5.21
2019-04-12,88.018,88.018,88.028,88.013,544200,5491194880.0,0.02,0.01,0.013,4.89
2019-04-15,88.015,88.031,88.033,87.978,646350,6522056192.0,0.06,0.01,0.013,5.80
2019-04-16,88.037,88.014,88.04,88.011,689931,6961983744.0,0.03,-0.02,-0.017,6.19
2019-04-17,88.025,88.032,88.035,88.017,586654,5919862272.0,0.02,0.02,0.018,5.27
2019-04-18,88.037,88.042,88.047,88.036,507529,5122234624.0,0.01,0.01,0.010,4.56
2019-04-19,88.058,88.055,88.062,88.052,623338,6291953408.0,0.01,0.01,0.013,5.60
2019-04-22,88.063,88.077,88.079,88.059,549418,5546423552.0,0.02,0.02,0.022,4.93
2019-04-23,88.077,88.086,88.088,88.077,520322,5253574912.0,0.01,0.01,0.009,4.67
2019-04-24,88.092,88.09,88.094,88.087,485907,4906404608.0,0.01,0.00,0.004,4.36
2019-04-25,88.095,88.088,88.099,88.086,475725,4803782144.0,0.01,0.00,-0.002,4.27
2019-04-26,88.106,88.103,88.11,88.097,515108,5201848320.0,0.01,0.02,0.015,4.62
2019-04-29,88.107,88.096,88.115,88.09,770560,7781783040.0,0.03,-0.01,-0.007,6.92
2019-04-30,88.148,88.15,88.155,88.127,632903,6394039296.0,0.03,0.06,0.054,5.68
2019-05-06,88.156,88.177,88.18,88.152,732041,7397240064.0,0.03,0.03,0.027,6.57
2019-05-07,88.177,88.19,88.193,88.176,596300,6026705664.0,0.02,0.01,0.013,5.35
2019-05-08,88.193,88.195,88.2,88.188,682193,6895391488.0,0.01,0.01,0.005,6.12
2019-05-09,88.202,88.205,88.206,88.199,523797,5294772992.0,0.01,0.01,0.010,4.70
2019-05-10,88.209,88.21,88.214,88.198,714973,7227666176.0,0.02,0.01,0.005,6.42
2019-05-13,88.217,88.225,88.227,88.217,594249,6008228352.0,0.01,0.02,0.015,5.33
2019-05-14,88.224,88.232,88.233,88.224,521957,5277617920.0,0.01,0.01,0.007,4.69
2019-05-15,88.235,88.237,88.24,88.232,490899,4963956480.0,0.01,0.01,0.005,4.41
2019-05-16,88.239,88.237,88.242,88.236,431748,4365903104.0,0.01,0.00,0.000,3.88
2019-05-17,88.252,88.267,88.291,88.25,546658,5529119232.0,0.05,0.03,0.030,4.91
2019-05-20,88.271,88.265,88.274,88.26,622768,6299125760.0,0.02,0.00,-0.002,5.59
2019-05-21,88.271,88.278,88.28,88.268,512463,5183919360.0,0.01,0.01,0.013,4.60
2019-05-22,88.284,88.28,88.289,88.278,558238,5647516672.0,0.01,0.00,0.002,5.01
2019-05-23,88.288,88.283,88.289,88.282,572835,5795268352.0,0.01,0.00,0.003,5.14
2019-05-24,88.299,88.3,88.302,88.293,519055,5251894016.0,0.01,0.02,0.017,4.66
2019-05-27,88.309,88.309,88.309,88.303,580417,5873201920.0,0.01,0.01,0.009,5.21
2019-05-28,88.311,88.321,88.322,88.309,609201,6164951296.0,0.01,0.01,0.012,5.47
2019-05-29,88.323,88.321,88.324,88.317,592432,5995642112.0,0.01,0.00,0.000,5.32
2019-05-30,88.325,88.337,88.338,88.324,588447,5955878912.0,0.02,0.02,0.016,5.28
2019-05-31,88.348,88.354,88.355,88.347,386681,3914538544.0,0.01,0.02,0.017,3.47
2019-06-03,88.355,88.361,88.367,88.354,521302,5277909248.0,0.01,0.01,0.007,4.68
2019-06-04,88.369,88.373,88.378,88.369,487030,4931450112.0,0.01,0.01,0.012,4.37
2019-06-05,88.38,88.376,88.385,88.372,626125,6340285184.0,0.01,0.00,0.003,5.62
2019-06-06,88.398,88.397,88.4,88.392,591696,5992632576.0,0.01,0.02,0.021,5.31
2019-06-10,88.402,88.408,88.409,88.401,466751,4727612672.0,0.01,0.01,0.011,4.19
2019-06-11,88.412,88.408,88.415,88.402,792534,8027690752.0,0.01,0.00,0.000,7.11
2019-06-12,88.41,88.42,88.421,88.409,586490,5940927488.0,0.01,0.01,0.012,5.26
2019-06-13,88.425,88.428,88.43,88.423,453751,4596897536.0,0.01,0.01,0.008,4.07
2019-06-14,88.442,88.45,88.455,88.439,560559,5680025600.0,0.02,0.02,0.022,5.03
2019-06-17,88.452,88.456,88.458,88.449,668053,6769855488.0,0.01,0.01,0.006,6.00
2019-06-18,88.461,88.462,88.463,88.458,511772,5186478080.0,0.01,0.01,0.006,4.59
2019-06-19,88.417,88.45,88.454,88.357,1003951,10172638208.0,0.11,-0.01,-0.012,9.01
2019-06-20,88.463,88.451,88.469,88.409,1059971,10740802816.0,0.07,0.00,0.001,9.52
2019-06-21,88.451,88.478,88.48,88.422,1062530,10767906816.0,0.07,0.03,0.027,9.54
2019-06-24,88.482,88.49,88.493,88.48,586115,5941445888.0,0.01,0.01,0.012,5.26
2019-06-25,88.501,88.506,88.507,88.496,666380,6756050432.0,0.01,0.02,0.016,5.98
2019-06-26,88.509,88.512,88.514,88.507,479448,4861278464.0,0.01,0.01,0.006,4.30
2019-06-27,88.514,88.508,88.516,88.501,667386,6766639872.0,0.02,0.00,-0.004,5.99
2019-06-28,88.522,88.53,88.535,88.522,651369,6605591296.0,0.01,0.02,0.022,5.85
2019-07-01,88.525,88.525,88.532,88.517,867176,8793991936.0,0.02,-0.01,-0.005,7.78
2019-07-02,88.532,88.552,88.553,88.527,664326,6737879808.0,0.03,0.03,0.027,5.96
2019-07-03,88.56,88.571,88.579,88.56,615355,6242818560.0,0.02,0.02,0.019,5.52
2019-07-04,88.575,88.583,88.585,88.57,557544,5656843520.0,0.02,0.01,0.012,5.00
2019-07-05,88.588,88.602,88.603,88.587,540544,5485409024.0,0.02,0.02,0.019,4.85
2019-07-08,88.604,88.609,88.611,88.6,658268,6680611328.0,0.01,0.01,0.007,5.91
2019-07-09,88.612,88.606,88.613,88.602,587623,5963961600.0,0.01,0.00,-0.003,5.27
2019-07-10,88.611,88.612,88.613,88.608,455746,4625572096.0,0.01,0.01,0.006,4.09
2019-07-11,88.616,88.616,88.62,88.614,626954,6363608576.0,0.01,0.00,0.004,5.63
2019-07-12,88.629,88.628,88.632,88.626,562452,5709532672.0,0.01,0.01,0.012,5.05
2019-07-15,88.634,88.631,88.636,88.623,566780,5753671168.0,0.01,0.00,0.003,5.09
2019-07-16,88.639,88.642,88.644,88.638,646958,6568159232.0,0.01,0.01,0.011,5.81
2019-07-17,88.649,88.652,88.657,88.648,613711,6231240192.0,0.01,0.01,0.010,5.51
2019-07-18,88.659,88.662,88.663,88.658,565293,5740166656.0,0.01,0.01,0.010,5.07
2019-07-19,88.673,88.674,88.681,88.672,527449,5356671744.0,0.01,0.01,0.012,4.73
2019-07-22,88.677,88.675,88.68,88.673,711221,7223129344.0,0.01,0.00,0.001,6.38
2019-07-23,88.685,88.69,88.691,88.683,667432,6779090688.0,0.01,0.02,0.015,5.99
2019-07-24,88.694,88.694,88.695,88.688,622282,6320780288.0,0.01,0.00,0.004,5.59
2019-07-25,88.7,88.698,88.701,88.696,537325,5458229248.0,0.01,0.00,0.004,4.82
2019-07-26,88.712,88.717,88.721,88.709,647288,6576175104.0,0.01,0.02,0.019,5.81
2019-07-29,88.723,88.721,88.724,88.716,806229,8191529728.0,0.01,0.00,0.004,7.24
2019-07-30,88.728,88.724,88.729,88.719,745440,7574212864.0,0.01,0.00,0.003,6.69
2019-07-31,88.728,88.737,88.74,88.727,649445,6599440128.0,0.01,0.01,0.013,5.83
2019-08-01,88.743,88.748,88.749,88.736,707553,7190519808.0,0.01,0.01,0.011,6.35
2019-08-02,88.753,88.762,88.764,88.752,681860,6930535424.0,0.01,0.02,0.014,6.12
2019-08-05,88.765,88.77,88.773,88.764,671570,6826548224.0,0.01,0.01,0.008,6.03
2019-08-06,88.771,88.778,88.781,88.767,900660,9155589376.0,0.02,0.01,0.008,8.09
2019-08-07,88.778,88.788,88.79,88.777,662521,6735624448.0,0.01,0.01,0.010,5.95
2019-08-08,88.79,88.792,88.798,88.789,748008,7605497856.0,0.01,0.00,0.004,6.71
2019-08-09,88.806,88.812,88.815,88.803,661190,6723831296.0,0.01,0.02,0.020,5.94
2019-08-12,88.814,88.821,88.824,88.811,883512,8985285120.0,0.01,0.01,0.009,7.93
2019-08-13,88.824,88.827,88.832,88.824,630567,6413552384.0,0.01,0.01,0.006,5.66
2019-08-14,88.827,88.83,88.835,88.823,713081,7252766976.0,0.01,0.00,0.003,6.40
2019-08-15,88.836,88.831,88.838,88.829,693877,7057945856.0,0.01,0.00,0.001,6.23
2019-08-16,88.844,88.846,88.849,88.844,660416,6718295296.0,0.01,0.02,0.015,5.93
2019-08-19,88.848,88.841,88.856,88.84,800466,8143189248.0,0.02,-0.01,-0.005,7.19
2019-08-20,88.84,88.853,88.857,88.84,758195,7713361920.0,0.02,0.01,0.012,6.81
2019-08-21,88.863,88.869,88.871,88.863,462848,4709528320.0,0.01,0.02,0.016,4.15
2019-08-22,88.875,88.881,88.883,88.874,675170,6870528768.0,0.01,0.01,0.012,6.06
2019-08-23,88.893,88.89,88.896,88.889,668538,6804122368.0,0.01,0.01,0.009,6.00
2019-08-26,88.889,88.899,88.901,88.887,707739,7203304448.0,0.02,0.01,0.009,6.35
2019-08-27,88.906,88.9,88.907,88.897,667336,6792464896.0,0.01,0.00,0.001,5.99
2019-08-28,88.911,88.909,88.913,88.906,642771,6542959104.0,0.01,0.01,0.009,5.77
2019-08-29,88.915,88.926,88.927,88.915,681076,6933508096.0,0.01,0.02,0.017,6.11
2019-08-30,88.934,88.943,88.949,88.933,580986,5915729152.0,0.02,0.02,0.017,5.22
2019-09-02,88.948,88.95,88.952,88.944,621844,6332373248.0,0.01,0.01,0.007,5.58
2019-09-03,88.956,88.958,88.96,88.954,452076,4603957504.0,0.01,0.01,0.008,4.06
2019-09-04,88.959,88.957,88.964,88.956,678425,6909339392.0,0.01,0.00,-0.001,6.09
2019-09-05,88.949,88.959,88.961,88.943,835850,8511775744.0,0.02,0.00,0.002,7.50
2019-09-06,88.971,88.981,88.985,88.968,724630,7380846080.0,0.02,0.02,0.022,6.50
2019-09-09,88.982,88.981,88.988,88.978,701976,7150827520.0,0.01,0.00,0.000,6.30
2019-09-10,88.989,88.991,88.992,88.986,590933,6019942656.0,0.01,0.01,0.010,5.30
2019-09-11,88.998,89.007,89.009,88.995,636083,6480604928.0,0.02,0.02,0.016,5.71
2019-09-12,89.023,89.037,89.04,89.022,509567,5193167872.0,0.02,0.03,0.030,4.57
2019-09-16,89.036,89.045,89.047,89.034,573123,5841333504.0,0.01,0.01,0.008,5.14
2019-09-17,89.05,89.069,89.07,89.048,598706,6103264000.0,0.02,0.03,0.024,5.37
2019-09-18,89.076,89.069,89.08,89.063,679471,6927522560.0,0.02,0.00,0.000,6.10
2019-09-19,89.069,89.06,89.071,89.057,565621,5766301440.0,0.02,-0.01,-0.009,5.08
2019-09-20,89.074,89.074,89.078,89.071,663171,6761503232.0,0.01,0.02,0.014,5.95
2019-09-23,89.079,89.076,89.082,89.073,621667,6338583040.0,0.01,0.00,0.002,5.58
2019-09-24,89.082,89.083,89.085,89.076,751643,7664038912.0,0.01,0.01,0.007,6.75
2019-09-25,89.09,89.1,89.103,89.088,628349,6407757056.0,0.02,0.02,0.017,5.64
2019-09-26,89.103,89.104,89.108,89.1,651869,6648190976.0,0.01,0.00,0.004,5.85
2019-09-27,89.117,89.131,89.133,89.111,604480,6165815296.0,0.02,0.03,0.027,5.43
2019-09-30,89.178,89.211,89.219,89.174,642393,6557188608.0,0.05,0.09,0.080,5.77
2019-10-08,89.19,89.211,89.213,89.189,627499,6405682944.0,0.03,0.00,0.000,5.63
2019-10-09,89.208,89.188,89.211,89.167,554900,5664813312.0,0.05,-0.03,-0.023,4.98
2019-10-10,89.197,89.195,89.202,89.193,599803,6122843136.0,0.01,0.01,0.007,5.38
2019-10-11,89.213,89.212,89.215,89.207,650954,6645895936.0,0.01,0.02,0.017,5.84
2019-10-14,89.211,89.215,89.216,89.207,744373,7599662592.0,0.01,0.00,0.003,6.68
2019-10-15,89.225,89.24,89.242,89.223,701483,7163153408.0,0.02,0.03,0.025,6.30
2019-10-16,89.241,89.248,89.251,89.24,550344,5620548096.0,0.01,0.01,0.008,4.94
2019-10-17,89.257,89.246,89.257,89.245,543400,5549844480.0,0.01,0.00,-0.002,4.88
2019-10-18,89.26,89.289,89.29,89.259,740907,7568388096.0,0.03,0.05,0.043,6.65
2019-10-21,89.28,89.283,89.289,89.276,854854,8733703680.0,0.01,-0.01,-0.006,7.67
2019-10-22,89.283,89.283,89.288,89.279,589750,6025226496.0,0.01,0.00,0.000,5.29
2019-10-23,89.287,89.278,89.287,89.276,600686,6136990720.0,0.01,-0.01,-0.005,5.39
2019-10-24,89.284,89.286,89.292,89.283,613566,6268864512.0,0.01,0.01,0.008,5.51
2019-10-25,89.304,89.293,89.306,89.292,554634,5667545856.0,0.02,0.01,0.007,4.98
2019-10-28,89.233,89.298,89.304,89.233,683232,6981224448.0,0.08,0.01,0.005,6.13
2019-10-29,89.307,89.314,89.316,89.301,692930,7081225216.0,0.02,0.02,0.016,6.22
2019-10-30,89.321,89.327,89.33,89.319,526047,5376663808.0,0.01,0.01,0.013,4.72
2019-10-31,89.332,89.338,89.341,89.332,672084,6869918976.0,0.01,0.01,0.011,6.03
2019-11-01,89.353,89.346,89.356,89.343,557015,5694553344.0,0.01,0.01,0.008,5.00
2019-11-04,89.355,89.352,89.356,89.347,619607,6334530048.0,0.01,0.01,0.006,5.56
2019-11-05,89.361,89.35,89.361,89.342,785583,8031438080.0,0.02,0.00,-0.002,7.05
2019-11-06,89.358,89.367,89.368,89.354,710837,7267958272.0,0.02,0.02,0.017,6.38
2019-11-07,89.375,89.375,89.376,89.37,681386,6967555584.0,0.01,0.01,0.008,6.12
2019-11-08,89.385,89.402,89.404,89.382,757654,7749062912.0,0.02,0.03,0.027,6.80
2019-11-11,89.407,89.422,89.43,89.406,693030,7089627648.0,0.03,0.02,0.020,6.22
2019-11-12,89.426,89.425,89.429,89.415,635147,6497897472.0,0.02,0.00,0.003,5.70
2019-11-13,89.427,89.422,89.427,89.416,601731,6155995904.0,0.01,0.00,-0.003,5.40
2019-11-14,89.427,89.425,89.429,89.42,609061,6231092224.0,0.01,0.00,0.003,5.47
2019-11-15,89.44,89.433,89.444,89.432,602902,6168973824.0,0.01,0.01,0.008,5.41
2019-11-18,89.442,89.445,89.447,89.437,647307,6623585280.0,0.01,0.01,0.012,5.81
2019-11-19,89.45,89.454,89.456,89.448,650125,6652973312.0,0.01,0.01,0.009,5.84
2019-11-20,89.458,89.465,89.469,89.456,601756,6158656512.0,0.01,0.01,0.011,5.40
2019-11-21,89.467,89.464,89.471,89.463,656619,6720612096.0,0.01,0.00,-0.001,5.89
2019-11-22,89.48,89.482,89.483,89.472,781675,8001266176.0,0.01,0.02,0.018,7.02
2019-11-25,89.486,89.487,89.49,89.481,772535,7908378880.0,0.01,0.01,0.005,6.93
2019-11-26,89.495,89.492,89.496,89.488,638317,6534692608.0,0.01,0.01,0.005,5.73
2019-11-27,89.499,89.527,89.532,89.497,823212,8429141504.0,0.04,0.04,0.035,7.39
2019-11-28,89.522,89.513,89.529,89.51,730829,7483716096.0,0.02,-0.02,-0.014,6.56
2019-11-29,89.531,89.536,89.539,89.525,678426,6947932160.0,0.02,0.03,0.023,6.09
2019-12-02,89.538,89.54,89.545,89.529,554223,5676485888.0,0.02,0.00,0.004,4.98
2019-12-03,89.546,89.545,89.552,89.544,666797,6830053632.0,0.01,0.01,0.005,5.99
2019-12-04,89.551,89.552,89.552,89.543,706900,7240824064.0,0.01,0.01,0.007,6.35
2019-12-05,89.557,89.55,89.557,89.548,830681,8509140224.0,0.01,0.00,-0.002,7.46
2019-12-06,89.558,89.563,89.566,89.558,703741,7209472768.0,0.01,0.01,0.013,6.32
2019-12-09,89.575,89.581,89.583,89.57,781746,8009759488.0,0.01,0.02,0.018,7.02
2019-12-10,89.584,89.582,89.588,89.575,664664,6810496512.0,0.01,0.00,0.001,5.97
2019-12-11,89.588,89.585,89.589,89.575,774929,7940252416.0,0.02,0.00,0.003,6.96
2019-12-12,89.591,89.596,89.598,89.584,704950,7223883008.0,0.02,0.01,0.011,6.33
2019-12-13,89.597,89.598,89.603,89.592,754403,7731159296.0,0.01,0.00,0.002,6.77
2019-12-16,89.601,89.617,89.621,89.6,909051,9317059840.0,0.02,0.02,0.019,8.16
2019-12-17,89.617,89.615,89.622,89.598,829663,8503762944.0,0.03,0.00,-0.002,7.45
2019-12-18,89.618,89.623,89.628,89.614,747683,7664008704.0,0.02,0.01,0.008,6.71
2019-12-19,89.627,89.639,89.645,89.625,623661,6393565184.0,0.02,0.02,0.016,5.60
2019-12-20,89.65,89.658,89.659,89.647,632813,6488692736.0,0.01,0.02,0.019,5.68
2019-12-23,89.66,89.676,89.681,89.653,831617,8528522496.0,0.03,0.02,0.018,7.47
2019-12-24,89.678,89.695,89.697,89.677,680751,6982162944.0,0.02,0.02,0.019,6.11
2019-12-25,89.695,89.701,89.703,89.69,1057653,10849038592.0,0.01,0.01,0.006,9.49
2019-12-26,89.701,89.692,89.701,89.688,743236,7623846656.0,0.01,-0.01,-0.009,6.67
2019-12-27,89.702,89.7,89.704,89.693,863614,8859228928.0,0.01,0.01,0.008,7.75
2019-12-30,89.703,89.681,89.706,89.673,934911,9589483776.0,0.04,-0.02,-0.019,8.39
2019-12-31,89.688,89.737,89.74,89.688,584269,5847287552.0,0.06,0.06,0.056,5.24
2020-01-02,89.742,89.749,89.752,89.734,707245,7080166912.0,0.02,0.01,0.012,6.35
2020-01-03,89.758,89.784,90.636,89.755,542982,5436875008.0,0.98,0.04,0.035,4.87
2020-01-06,89.783,89.788,89.792,89.775,655013,6559795968.0,0.02,0.00,0.004,5.88
2020-01-07,89.791,89.8,89.804,89.788,504406,5052154624.0,0.02,0.01,0.012,4.53
2020-01-08,89.803,89.812,89.813,89.801,467585,4683781888.0,0.01,0.01,0.012,4.20
2020-01-09,89.809,89.817,89.819,89.806,532310,5332450816.0,0.01,0.01,0.005,4.78
2020-01-10,89.823,89.837,89.839,89.823,419768,4205894080.0,0.02,0.02,0.020,3.77
2020-01-13,89.842,89.845,89.851,89.803,482930,4839360512.0,0.05,0.01,0.008,4.34
2020-01-14,89.847,89.86,89.861,89.84,441981,4429227008.0,0.02,0.02,0.015,3.97
2020-01-15,89.864,89.868,89.87,89.861,377867,3787382800.0,0.01,0.01,0.008,3.39
2020-01-16,89.866,89.87,89.874,89.865,442389,4434219776.0,0.01,0.00,0.002,3.97
2020-01-17,89.877,89.907,89.914,89.877,451517,4526742784.0,0.04,0.04,0.037,4.05
2020-01-20,89.898,89.896,89.912,89.893,562546,5640411136.0,0.02,-0.01,-0.011,5.05
2020-01-21,89.902,89.908,89.939,89.897,645088,6468471040.0,0.05,0.01,0.012,5.79
2020-01-22,89.907,89.938,89.965,89.905,749830,7519872512.0,0.07,0.03,0.030,6.73
2020-01-23,89.969,90.027,90.041,89.969,601375,6036473088.0,0.08,0.10,0.089,5.40
2020-02-03,89.947,89.989,89.995,89.901,849607,8522990848.0,0.10,-0.04,-0.038,7.63
2020-02-04,89.966,89.998,90.002,89.956,1085786,10895457792.0,0.05,0.01,0.009,9.75
2020-02-05,89.998,90.029,90.04,89.998,749026,7518940160.0,0.05,0.03,0.031,6.72
2020-02-06,90.031,90.038,90.045,90.026,820621,8238916096.0,0.02,0.01,0.009,7.37
2020-02-07,90.042,90.061,90.064,90.042,587795,5902339840.0,0.02,0.03,0.023,5.28
2020-02-10,90.063,90.056,90.068,90.044,619146,6217311488.0,0.03,-0.01,-0.005,5.56
2020-02-11,90.05,90.046,90.055,90.037,601357,6038554112.0,0.02,-0.01,-0.010,5.40
2020-02-12,90.055,90.052,90.057,90.048,632359,6350021888.0,0.01,0.01,0.006,5.68
2020-02-13,90.058,90.06,90.062,90.053,629347,6320071936.0,0.01,0.01,0.008,5.65
2020-02-14,90.069,90.078,90.079,90.069,611606,6142815744.0,0.01,0.02,0.018,5.49
2020-02-17,90.082,90.07,90.085,90.053,775766,7791928832.0,0.04,-0.01,-0.008,6.96
2020-02-18,90.072,90.089,90.091,90.072,715116,7183083776.0,0.02,0.02,0.019,6.42
2020-02-19,90.097,90.104,90.106,90.092,650329,6533289728.0,0.02,0.02,0.015,5.84
2020-02-20,90.106,90.1,90.111,90.074,801475,8052371968.0,0.04,0.00,-0.004,7.19
2020-02-21,90.113,90.11,90.118,90.099,870683,8748005888.0,0.02,0.01,0.010,7.82
2020-02-24,90.117,90.129,90.131,90.117,770530,7742851072.0,0.02,0.02,0.019,6.92
2020-02-25,90.127,90.133,90.135,90.125,741384,7450441984.0,0.01,0.00,0.004,6.66
2020-02-26,90.136,90.157,90.158,90.135,737480,7412416000.0,0.03,0.03,0.024,6.62
2020-02-27,90.155,90.163,90.18,90.152,672581,6760942848.0,0.03,0.01,0.006,6.04
2020-02-28,90.162,90.216,90.235,90.161,701704,7055396608.0,0.08,0.06,0.053,6.30
2020-03-02,90.197,90.201,90.216,90.181,784134,7885159168.0,0.04,-0.02,-0.015,7.04
2020-03-03,90.185,90.205,90.21,90.185,821472,8260726272.0,0.03,0.00,0.004,7.37
2020-03-04,90.206,90.207,90.212,90.201,845981,8508118784.0,0.01,0.00,0.002,7.59
2020-03-05,90.203,90.207,90.21,90.193,1180149,11868247808.0,0.02,0.00,0.000,10.59
2020-03-06,90.216,90.23,90.234,90.215,801612,8063415040.0,0.02,0.03,0.023,7.20
2020-03-09,90.232,90.242,90.255,90.231,934644,9403097344.0,0.03,0.01,0.012,8.39
2020-03-10,90.236,90.222,90.239,90.212,1109906,11164416512.0,0.03,-0.02,-0.020,9.96
2020-03-11,90.226,90.247,90.251,90.225,952654,9584144128.0,0.03,0.03,0.025,8.55
2020-03-12,90.247,90.257,90.269,90.246,802499,8075023616.0,0.03,0.01,0.010,7.20
2020-03-13,90.253,90.261,90.263,90.241,893224,8987317504.0,0.02,0.00,0.004,8.02
2020-03-16,90.261,90.279,90.286,90.261,929617,9355348992.0,0.03,0.02,0.018,8.34
2020-03-17,90.272,90.287,90.291,90.266,946673,9527210496.0,0.03,0.01,0.008,8.50
2020-03-18,90.282,90.292,90.294,90.281,914513,9204844544.0,0.01,0.01,0.005,8.21
2020-03-19,90.292,90.296,90.299,90.287,1051217,10581276160.0,0.01,0.00,0.004,9.44
2020-03-20,90.296,90.315,90.32,90.295,850278,8560009472.0,0.03,0.02,0.019,7.63
2020-03-23,90.314,90.328,90.33,90.312,923202,9295483648.0,0.02,0.01,0.013,8.29
2020-03-24,90.315,90.317,90.326,90.314,878788,8847925504.0,0.01,-0.01,-0.011,7.89
2020-03-25,90.316,90.318,90.322,90.308,925290,9315831296.0,0.02,0.00,0.001,8.31
2020-03-26,90.325,90.32,90.329,90.316,913479,9197576192.0,0.01,0.00,0.002,8.20
2020-03-27,90.326,90.336,90.339,90.326,945918,9525198592.0,0.01,0.02,0.016,8.49
2020-03-30,90.339,90.334,90.344,90.328,948612,9552648192.0,0.02,0.00,-0.002,8.52
2020-03-31,90.338,90.344,90.345,90.331,755666,7609680384.0,0.02,0.01,0.010,6.78
2020-04-01,90.351,90.354,90.355,90.35,875426,8817005824.0,0.01,0.01,0.010,7.86
2020-04-02,90.356,90.355,90.362,90.352,850805,8569463296.0,0.01,0.00,0.001,7.64
2020-04-03,90.367,90.381,90.382,90.367,858329,8646650368.0,0.02,0.03,0.026,7.71
2020-04-07,90.376,90.382,90.384,90.375,976753,9840084480.0,0.01,0.00,0.001,8.77
2020-04-08,90.388,90.39,90.392,90.384,735023,7405510912.0,0.01,0.01,0.008,6.60
2020-04-09,90.391,90.397,90.4,90.39,739151,7447495680.0,0.01,0.01,0.007,6.64
2020-04-10,90.408,90.417,90.419,90.407,826440,8328506880.0,0.01,0.02,0.020,7.42
2020-04-13,90.417,90.422,90.423,90.415,739992,7457954048.0,0.01,0.01,0.005,6.64
2020-04-14,90.423,90.424,90.428,90.422,693629,6991008512.0,0.01,0.00,0.002,6.23
2020-04-15,90.428,90.423,90.429,90.421,707361,7129534976.0,0.01,0.00,-0.001,6.35
2020-04-16,90.427,90.427,90.429,90.423,761708,7677228032.0,0.01,0.00,0.004,6.84
2020-04-17,90.428,90.427,90.43,90.417,903845,9109897472.0,0.01,0.00,0.000,8.11
2020-04-20,90.433,90.437,90.438,90.433,690933,6964584448.0,0.01,0.01,0.010,6.20
2020-04-21,90.442,90.449,90.451,90.44,728520,7344137216.0,0.01,0.01,0.012,6.54
2020-04-22,90.451,90.455,90.457,90.45,653349,6586785792.0,0.01,0.01,0.006,5.86
2020-04-23,90.455,90.457,90.461,90.455,709525,7153568000.0,0.01,0.00,0.002,6.37
2020-04-24,90.465,90.47,90.473,90.465,664091,6696305408.0,0.01,0.01,0.013,5.96
2020-04-27,90.473,90.474,90.475,90.47,627603,6328495104.0,0.01,0.00,0.004,5.63
2020-04-28,90.476,90.478,90.478,90.473,679334,6850351360.0,0.01,0.00,0.004,6.10
2020-04-29,90.479,90.465,90.481,90.446,900608,9081468160.0,0.04,-0.01,-0.013,8.08
2020-04-30,90.491,90.481,90.503,90.459,1014940,10234362624.0,0.05,0.02,0.016,9.11
2020-05-06,90.467,90.488,90.494,90.45,1056252,10652263936.0,0.05,0.01,0.007,9.48
2020-05-07,90.488,90.5,90.505,90.488,863320,8707646464.0,0.02,0.01,0.012,7.75
2020-05-08,90.516,90.515,90.524,90.511,882179,8899342848.0,0.01,0.02,0.015,7.92
2020-05-11,90.519,90.524,90.528,90.517,791048,7980581888.0,0.01,0.01,0.009,7.10
2020-05-12,90.529,90.537,90.538,90.528,638734,6444624640.0,0.01,0.01,0.013,5.73
2020-05-13,90.539,90.543,90.545,90.538,581301,5865664768.0,0.01,0.01,0.006,5.22
2020-05-14,90.544,90.545,90.547,90.543,569508,5746861568.0,0.00,0.00,0.002,5.11
2020-05-15,90.55,90.555,90.556,90.547,802216,8095533568.0,0.01,0.01,0.010,7.20
2020-05-18,90.56,90.556,90.561,90.553,857726,8656173568.0,0.01,0.00,0.001,7.70
2020-05-19,90.556,90.559,90.562,90.541,833408,8410793472.0,0.02,0.00,0.003,7.48
2020-05-20,90.563,90.564,90.566,90.56,624172,6299607040.0,0.01,0.01,0.005,5.60
2020-05-21,90.568,90.568,90.569,90.566,667720,6739417856.0,0.00,0.00,0.004,5.99
2020-05-22,90.577,90.579,90.586,90.576,798991,8065418496.0,0.01,0.01,0.011,7.17
2020-05-25,90.582,90.585,90.588,90.582,686376,6928882688.0,0.01,0.01,0.006,6.16
2020-05-26,90.59,90.585,90.591,90.584,715828,7226351104.0,0.01,0.00,0.000,6.43
2020-05-27,90.59,90.589,90.593,90.587,724710,7316226560.0,0.01,0.00,0.004,6.51
2020-05-28,90.59,90.587,90.593,90.584,646637,6527944960.0,0.01,0.00,-0.002,5.80
2020-05-29,90.596,90.604,90.606,90.595,674901,6814194432.0,0.01,0.02,0.017,6.06
2020-06-01,90.607,90.602,90.608,90.596,1069827,10801563648.0,0.01,0.00,-0.002,9.60
2020-06-02,90.602,90.609,90.61,90.6,833471,8415532544.0,0.01,0.01,0.007,7.48
2020-06-03,90.609,90.617,90.618,90.609,842906,8511442688.0,0.01,0.01,0.008,7.57
2020-06-04,90.617,90.622,90.626,90.616,621567,6276902144.0,0.01,0.01,0.005,5.58
2020-06-05,90.631,90.641,90.643,90.631,634484,6408449792.0,0.01,0.02,0.019,5.70
2020-06-08,90.636,90.645,90.646,90.636,712419,7195858688.0,0.01,0.00,0.004,6.40
2020-06-09,90.646,90.647,90.649,90.644,649731,6562998784.0,0.01,0.00,0.002,5.83
2020-06-10,90.648,90.642,90.651,90.641,780460,7883459072.0,0.01,-0.01,-0.005,7.01
2020-06-11,90.647,90.651,90.656,90.642,901724,9108524800.0,0.02,0.01,0.009,8.09
2020-06-12,90.658,90.665,90.666,90.649,1020266,10306795520.0,0.02,0.02,0.014,9.16
2020-06-15,90.662,90.675,90.677,90.661,805301,8136188672.0,0.02,0.01,0.010,7.23
2020-06-16,90.671,90.669,90.673,90.668,743737,7514312448.0,0.01,-0.01,-0.006,6.68
2020-06-17,90.671,90.671,90.674,90.669,815309,8237517824.0,0.01,0.00,0.002,7.32
2020-06-18,90.675,90.68,90.684,90.674,800730,8090674432.0,0.01,0.01,0.009,7.19
2020-06-19,90.69,90.663,90.696,90.636,1169135,11813565952.0,0.07,-0.02,-0.017,10.50
2020-06-22,90.663,90.677,90.685,90.663,1167725,11798326272.0,0.02,0.02,0.014,10.48
2020-06-23,90.68,90.68,90.686,90.665,938458,9482051584.0,0.02,0.00,0.003,8.42
2020-06-24,90.7,90.717,90.725,90.693,1010246,10210510336.0,0.04,0.04,0.037,9.07
2020-06-29,90.717,90.703,90.717,90.694,1106094,11178745856.0,0.03,-0.02,-0.014,9.93
2020-06-30,90.702,90.708,90.714,90.683,1146065,11582001152.0,0.03,0.01,0.005,10.29
2020-07-01,90.712,90.727,90.729,90.709,1032816,10439728640.0,0.02,0.02,0.019,9.27
2020-07-02,90.721,90.721,90.726,90.694,1078843,10904818944.0,0.04,-0.01,-0.006,9.68
2020-07-03,90.718,90.739,90.756,90.687,1141578,11538626816.0,0.08,0.02,0.018,10.25
2020-07-06,90.706,90.714,90.727,90.688,1404120,14192180992.0,0.04,-0.03,-0.025,12.60
2020-07-07,90.689,90.763,90.765,90.686,1211465,12246660864.0,0.09,0.05,0.049,10.88
2020-07-08,90.756,90.787,90.795,90.736,1008408,10198410496.0,0.07,0.03,0.024,9.05
2020-07-09,90.776,90.793,90.796,90.766,840098,8497175552.0,0.03,0.01,0.006,7.54
2020-07-10,90.784,90.844,90.846,90.784,726687,7351564800.0,0.07,0.06,0.051,6.52
2020-07-13,90.794,90.83,90.836,90.787,854064,8640452608.0,0.05,-0.02,-0.014,7.67
2020-07-14,90.803,90.877,90.886,90.803,921419,9323977984.0,0.09,0.05,0.047,8.27
2020-07-15,90.876,90.918,90.924,90.832,764292,7738151424.0,0.10,0.05,0.041,6.86
2020-07-16,90.856,90.895,90.936,90.853,1029697,10425303552.0,0.09,-0.03,-0.023,9.24
2020-07-17,90.876,90.872,90.886,90.839,1262088,12775739136.0,0.05,-0.03,-0.023,11.33
2020-07-20,90.861,90.835,90.861,90.827,1130725,11443937280.0,0.04,-0.04,-0.037,10.15
2020-07-21,90.828,90.846,90.849,90.827,1056824,10695260928.0,0.02,0.01,0.011,9.49
2020-07-22,90.843,90.832,90.846,90.827,1150356,11641788928.0,0.02,-0.02,-0.014,10.33
2020-07-23,90.84,90.849,90.851,90.828,1038408,10509306880.0,0.03,0.02,0.017,9.32
2020-07-24,90.856,90.865,90.88,90.851,998572,10108436224.0,0.03,0.02,0.016,8.96
2020-07-27,90.857,90.867,90.875,90.852,961512,9733302272.0,0.03,0.00,0.002,8.63
2020-07-28,90.867,90.866,90.872,90.861,917984,9292861440.0,0.01,0.00,-0.001,8.24
2020-07-29,90.871,90.85,90.871,90.845,1293702,13095027968.0,0.03,-0.02,-0.016,11.61
2020-07-30,90.845,90.869,90.874,90.845,977383,9893656064.0,0.03,0.02,0.019,8.77
2020-07-31,90.882,90.877,90.884,90.856,1207264,12221937152.0,0.03,0.01,0.008,10.84
2020-08-03,90.876,90.879,90.883,90.874,1109462,11232381440.0,0.01,0.00,0.002,9.96
2020-08-04,90.882,90.902,90.934,90.88,936172,9479104768.0,0.06,0.03,0.023,8.40
2020-08-05,90.906,90.9,90.907,90.895,828821,8392966144.0,0.01,0.00,-0.002,7.44
2020-08-06,90.905,90.919,90.923,90.9,897830,9092344576.0,0.03,0.02,0.019,8.06
2020-08-07,90.931,90.921,91.135,90.916,925631,9375605504.0,0.24,0.00,0.002,8.31
2020-08-10,90.923,90.927,90.928,90.916,831954,8426426624.0,0.01,0.01,0.006,7.47
2020-08-11,90.926,90.933,90.945,90.922,900468,9121285888.0,0.03,0.01,0.006,8.08
2020-08-12,90.935,90.932,90.944,90.93,785629,7958571008.0,0.02,0.00,-0.001,7.05
2020-08-13,90.937,90.944,90.948,90.934,671729,6804858880.0,0.02,0.01,0.012,6.03
2020-08-14,90.948,90.937,90.953,90.932,818862,8295760384.0,0.02,-0.01,-0.007,7.35
2020-08-17,90.936,90.941,90.944,90.933,1172136,11874045440.0,0.01,0.00,0.004,10.52
2020-08-18,90.946,90.951,90.953,90.94,798098,8085431296.0,0.01,0.01,0.010,7.16
2020-08-19,90.956,90.96,90.966,90.952,820945,8317951488.0,0.02,0.01,0.009,7.37
2020-08-20,90.951,90.979,90.983,90.951,830773,8418193408.0,0.04,0.02,0.019,7.46
2020-08-21,90.98,90.988,90.993,90.978,786339,7969311232.0,0.02,0.01,0.009,7.06
2020-08-24,90.989,90.987,90.992,90.982,811708,8226627584.0,0.01,0.00,-0.001,7.29
2020-08-25,90.988,90.995,90.999,90.986,808288,8192256768.0,0.01,0.01,0.008,7.26
2020-08-26,90.998,91.009,91.012,90.994,852768,8643978752.0,0.02,0.02,0.014,7.66
2020-08-27,91.012,91.005,91.025,91.002,1014397,10283562496.0,0.03,0.00,-0.004,9.11
2020-08-28,91.011,90.996,91.015,90.984,1080286,10950690048.0,0.03,-0.01,-0.009,9.70
2020-08-31,91.005,91.011,91.019,90.984,1202164,12186043136.0,0.04,0.02,0.015,10.79
2020-09-01,91.019,91.025,91.026,91.014,794542,8055431936.0,0.01,0.02,0.014,7.13
2020-09-02,91.026,91.043,91.049,91.024,868130,8802611968.0,0.03,0.02,0.018,7.79
2020-09-03,91.045,91.036,91.052,91.031,857758,8698341376.0,0.02,-0.01,-0.007,7.70
2020-09-04,91.048,91.042,91.05,91.036,1029179,10436720128.0,0.02,0.01,0.006,9.24
2020-09-07,91.047,91.064,91.065,91.047,832181,8439926016.0,0.02,0.02,0.022,7.47
2020-09-08,91.06,91.06,91.066,91.056,987356,10014233344.0,0.01,0.00,-0.004,8.86
2020-09-09,91.069,91.065,91.076,91.061,822993,8347708672.0,0.02,0.01,0.005,7.39
2020-09-10,91.071,91.078,91.079,91.066,885042,8977620224.0,0.01,0.01,0.013,7.94
2020-09-11,91.086,91.092,91.093,91.076,898383,9114009600.0,0.02,0.02,0.014,8.06
2020-09-14,91.089,91.103,91.107,91.088,711515,7218988288.0,0.02,0.01,0.011,6.39
2020-09-15,91.107,91.105,91.114,91.103,859061,8717035008.0,0.01,0.00,0.002,7.71
2020-09-16,91.106,91.107,91.109,91.104,667791,6776121344.0,0.01,0.00,0.002,5.99
2020-09-17,91.109,91.11,91.112,91.094,853213,8657652736.0,0.02,0.00,0.003,7.66
2020-09-18,91.116,91.113,91.119,91.104,1070175,10859928832.0,0.02,0.00,0.003,9.61
2020-09-21,91.116,91.126,91.128,91.113,926799,9405574400.0,0.02,0.01,0.013,8.32
2020-09-22,91.132,91.152,91.154,91.121,1067032,10829959936.0,0.04,0.03,0.026,9.58
2020-09-23,91.141,91.16,91.176,91.14,912247,9261066752.0,0.04,0.01,0.008,8.19
2020-09-24,91.16,91.156,91.167,91.149,1048874,10648206848.0,0.02,0.00,-0.004,9.42
2020-09-25,91.164,91.17,91.179,91.153,1264120,12834375168.0,0.03,0.02,0.014,11.35
2020-09-28,91.171,91.179,91.181,91.165,1291822,13116885504.0,0.02,0.01,0.009,11.60
2020-09-29,91.179,91.195,91.207,91.173,1137731,11553486080.0,0.04,0.02,0.016,10.21
2020-09-30,91.226,91.257,91.274,91.217,1200997,12203116288.0,0.06,0.07,0.062,10.78
2020-10-09,91.244,91.26,91.268,91.226,1267736,12880746752.0,0.05,0.00,0.003,11.38
2020-10-12,91.254,91.252,91.259,91.249,1342051,13637494528.0,0.01,-0.01,-0.008,12.05
2020-10-13,91.254,91.251,91.259,91.247,999767,10159645952.0,0.01,0.00,-0.001,8.97
2020-10-14,91.261,91.271,91.273,91.258,1076428,10939568640.0,0.02,0.02,0.020,9.66
2020-10-15,91.271,91.272,91.275,91.268,868085,8822867712.0,0.01,0.00,0.001,7.79
2020-10-16,91.286,91.298,91.304,91.28,1011446,10281929728.0,0.03,0.03,0.026,9.08
2020-10-19,91.304,91.308,91.315,91.298,1012613,10295125760.0,0.02,0.01,0.010,9.09
2020-10-20,91.316,91.313,91.321,91.305,1009344,10262679040.0,0.02,0.01,0.005,9.06
2020-10-21,91.315,91.316,91.325,91.31,1050098,10677180160.0,0.02,0.00,0.003,9.43
2020-10-22,91.326,91.317,91.326,91.314,985277,10018579456.0,0.01,0.00,0.001,8.84
2020-10-23,91.327,91.318,91.332,91.313,1052444,10702388736.0,0.02,0.00,0.001,9.45
2020-10-26,91.332,91.325,91.334,91.322,1083885,11022252032.0,0.01,0.01,0.007,9.73
2020-10-27,91.331,91.331,91.335,91.326,1000821,10177822208.0,0.01,0.01,0.006,8.98
2020-10-28,91.344,91.337,91.344,91.331,1034652,10522275328.0,0.01,0.01,0.006,9.29
2020-10-29,91.337,91.347,91.349,91.329,1332104,13547439104.0,0.02,0.01,0.010,11.96
2020-10-30,91.359,91.37,91.38,91.355,1154040,11739820032.0,0.03,0.03,0.023,10.36
2020-11-02,91.378,91.399,91.402,91.375,989276,10065760000.0,0.03,0.03,0.029,8.88
2020-11-03,91.398,91.388,91.398,91.381,1172913,11934423808.0,0.02,-0.01,-0.011,10.53
2020-11-04,91.391,91.417,91.424,91.388,1192802,12138470400.0,0.04,0.03,0.029,10.71
2020-11-05,91.404,91.41,91.414,91.39,1311346,13345573120.0,0.03,-0.01,-0.007,11.77
2020-11-06,91.431,91.436,91.44,91.416,1100945,11206474240.0,0.03,0.03,0.026,9.88
2020-11-09,91.427,91.425,91.431,91.415,1636312,16655611136.0,0.02,-0.01,-0.011,14.69
2020-11-10,91.421,91.45,91.459,91.419,1567833,15960443904.0,0.04,0.03,0.025,14.07
2020-11-11,91.446,91.471,91.472,91.444,1163934,11851780352.0,0.03,0.02,0.021,10.45
2020-11-12,91.476,91.487,91.489,91.459,1053168,10725487360.0,0.03,0.02,0.016,9.45
2020-11-13,91.486,91.477,91.495,91.475,1233995,12568343296.0,0.02,-0.01,-0.010,11.08
2020-11-16,91.477,91.461,91.481,91.451,1141829,11628189440.0,0.03,-0.02,-0.016,10.25
2020-11-17,91.473,91.476,91.482,91.468,1312862,13370328320.0,0.02,0.02,0.015,11.79
2020-11-18,91.477,91.477,91.483,91.472,1235418,12581633024.0,0.01,0.00,0.001,11.09
2020-11-19,91.483,91.474,91.488,91.471,1187718,12096327936.0,0.02,0.00,-0.003,10.66
2020-11-20,91.491,91.486,91.494,91.483,1211756,12342172416.0,0.01,0.01,0.012,10.88
2020-11-23,91.494,91.495,91.499,91.486,1400005,14260206848.0,0.01,0.01,0.009,12.57
2020-11-24,91.502,91.504,91.505,91.497,1265939,12895446016.0,0.01,0.01,0.009,11.36
2020-11-25,91.507,91.519,91.526,91.505,1476275,15039949824.0,0.02,0.02,0.015,13.25
2020-11-26,91.523,91.52,91.525,91.514,1301021,13255396352.0,0.01,0.00,0.001,11.68
2020-11-27,91.531,91.532,91.542,91.517,1326000,13511994368.0,0.03,0.01,0.012,11.90
2020-11-30,91.542,91.549,91.55,91.496,1674431,17062406144.0,0.06,0.02,0.017,15.03
2020-12-01,91.551,91.548,91.554,91.547,1518203,15472663808.0,0.01,0.00,-0.001,13.63
2020-12-02,91.549,91.556,91.56,91.549,1381487,14079830784.0,0.01,0.01,0.008,12.40
2020-12-03,91.562,91.569,91.571,91.556,1578313,16087361536.0,0.02,0.01,0.013,14.17
2020-12-04,91.582,91.596,91.613,91.577,1284079,13091700736.0,0.04,0.03,0.027,11.53
2020-12-07,91.596,91.602,91.607,91.593,1388669,14159290112.0,0.02,0.01,0.006,12.47
2020-12-08,91.602,91.605,91.613,91.601,1279393,13045905408.0,0.01,0.00,0.003,11.48
2020-12-09,91.612,91.606,91.612,91.602,1386940,14142790656.0,0.01,0.00,0.001,12.45
2020-12-10,91.614,91.609,91.615,91.607,1210713,12346327808.0,0.01,0.00,0.003,10.87
2020-12-11,91.627,91.63,91.633,91.617,1311641,13377399552.0,0.02,0.02,0.021,11.77
2020-12-14,91.637,91.639,91.643,91.635,1177341,12009270016.0,0.01,0.01,0.009,10.57
2020-12-15,91.642,91.65,91.653,91.64,1383690,14114978304.0,0.01,0.01,0.011,12.42
2020-12-16,91.653,91.654,91.656,91.651,1314398,13409185024.0,0.01,0.00,0.004,11.80
2020-12-17,91.658,91.626,91.659,91.617,1700885,17349412608.0,0.05,-0.03,-0.028,15.27
2020-12-18,91.636,91.652,91.657,91.613,1454809,14839602944.0,0.05,0.03,0.026,13.06
2020-12-21,91.668,91.659,91.67,91.642,1400046,14283211776.0,0.03,0.01,0.007,12.57
2020-12-22,91.659,91.686,91.694,91.649,1545628,15771690752.0,0.05,0.03,0.027,13.87
2020-12-23,91.688,91.695,91.699,91.681,1520495,15517537280.0,0.02,0.01,0.009,13.65
2020-12-24,91.697,91.713,91.719,91.69,1425186,14546280192.0,0.03,0.02,0.018,12.79
2020-12-25,91.726,91.717,91.726,91.708,1127330,11507881472.0,0.02,0.00,0.004,10.12
2020-12-28,91.723,91.726,91.734,91.709,1528428,15602951424.0,0.03,0.01,0.009,13.72
2020-12-29,91.723,91.74,91.744,91.72,1387362,14163961600.0,0.03,0.02,0.014,12.45
2020-12-30,91.745,91.734,91.749,91.719,1397073,14263568128.0,0.03,-0.01,-0.006,12.54
2020-12-31,91.77,91.786,91.789,91.754,1244049,12455094784.0,0.04,0.06,0.052,11.17
2021-01-04,91.787,91.795,91.796,91.778,1130227,11317587712.0,0.02,0.01,0.009,10.15
2021-01-05,91.8,91.811,91.816,91.792,1158491,11602632960.0,0.03,0.02,0.016,10.40
2021-01-06,91.811,91.852,91.853,91.807,941343,9429893376.0,0.05,0.04,0.041,8.45
2021-01-07,91.849,91.874,91.875,91.842,824072,8258134272.0,0.04,0.02,0.022,7.40
2021-01-08,91.861,91.868,91.87,91.827,1226735,12291471872.0,0.05,-0.01,-0.006,11.01
2021-01-11,91.862,91.862,91.873,91.845,987182,9892033792.0,0.03,-0.01,-0.006,8.86
2021-01-12,91.859,91.879,91.899,91.85,970497,9725446400.0,0.05,0.02,0.017,8.71
2021-01-13,91.866,91.861,91.88,91.858,1151123,11536034048.0,0.02,-0.02,-0.018,10.33
2021-01-14,91.861,91.86,91.866,91.858,1221455,12240380672.0,0.01,0.00,-0.001,10.96
2021-01-15,91.862,91.879,91.881,91.861,1268022,12708083456.0,0.02,0.02,0.019,11.38
2021-01-18,91.88,91.89,91.891,91.877,1423615,14269449216.0,0.02,0.01,0.011,12.78
2021-01-19,91.89,91.887,91.893,91.885,1115794,11184507136.0,0.01,0.00,-0.003,10.02
2021-01-20,91.895,91.896,91.902,91.892,1052860,10554475008.0,0.01,0.01,0.009,9.45
2021-01-21,91.901,91.897,91.901,91.889,1443304,14468315648.0,0.01,0.00,0.001,12.96
2021-01-22,91.911,91.92,91.923,91.91,863500,8658054144.0,0.01,0.03,0.023,7.75
2021-01-25,91.925,91.924,91.927,91.919,1156394,11595387392.0,0.01,0.00,0.004,10.38
2021-01-26,91.929,91.927,91.931,91.916,1129520,11326269952.0,0.02,0.00,0.003,10.14
2021-01-27,91.932,91.93,91.935,91.923,1021112,10239513600.0,0.01,0.00,0.003,9.17
2021-01-28,91.926,91.926,91.935,91.922,1321368,13250298880.0,0.01,0.00,-0.004,11.86
2021-01-29,91.944,91.956,91.958,91.922,1334360,13381545728.0,0.04,0.03,0.030,11.98
2021-02-01,91.961,91.965,91.967,91.954,1042306,10455330560.0,0.01,0.01,0.009,9.36
2021-02-02,91.97,91.978,91.982,91.966,1094791,10983213568.0,0.02,0.01,0.013,9.83
2021-02-03,91.984,92.0,92.007,91.98,911134,9142396928.0,0.03,0.02,0.022,8.18
2021-02-04,91.997,92.003,92.006,91.996,1067077,10708219392.0,0.01,0.00,0.003,9.58
2021-02-05,92.011,92.031,92.035,92.005,1328396,13332433920.0,0.03,0.03,0.028,11.92
2021-02-08,92.03,92.028,92.042,92.024,1176596,11810723072.0,0.02,0.00,-0.003,10.56
2021-02-09,92.031,92.05,92.056,92.024,1182170,11867674368.0,0.03,0.02,0.022,10.61
2021-02-10,92.062,92.1,92.121,92.061,1125128,11301942272.0,0.07,0.05,0.050,10.10
2021-02-18,92.084,92.096,92.099,92.078,1783288,17910462720.0,0.02,0.00,-0.004,16.01
2021-02-19,92.099,92.112,92.124,92.097,1325354,13314436352.0,0.03,0.02,0.016,11.90
2021-02-22,92.111,92.115,92.119,92.111,1246249,12520402688.0,0.01,0.00,0.003,11.19
2021-02-23,92.12,92.139,92.143,92.117,1270371,12763806464.0,0.03,0.03,0.024,11.40
2021-02-24,92.138,92.139,92.153,92.129,1227223,12332329728.0,0.03,0.00,0.000,11.02
2021-02-25,92.142,92.148,92.151,92.136,1187744,11935673088.0,0.02,0.01,0.009,10.66
2021-02-26,92.154,92.157,92.17,92.148,1234221,12404868864.0,0.02,0.01,0.009,11.08
2021-03-01,92.158,92.169,92.175,92.155,1135787,11415738368.0,0.02,0.01,0.012,10.20
2021-03-02,92.168,92.184,92.188,92.166,1264075,12707152384.0,0.02,0.02,0.015,11.35
2021-03-03,92.184,92.198,92.199,92.183,1270523,12773824768.0,0.02,0.02,0.014,11.41
2021-03-04,92.202,92.172,92.203,92.164,1376757,13842263552.0,0.04,-0.03,-0.026,12.36
2021-03-05,92.192,92.195,92.199,92.188,1386595,13941188096.0,0.01,0.02,0.023,12.45
2021-03-08,92.196,92.201,92.207,92.196,1327539,13348460288.0,0.01,0.01,0.006,11.92
2021-03-09,92.202,92.202,92.205,92.172,1832506,18424934912.0,0.04,0.00,0.001,16.45
2021-03-10,92.205,92.212,92.215,92.185,1700483,17098632960.0,0.03,0.01,0.010,15.26
2021-03-11,92.212,92.219,92.22,92.208,1460573,14688335616.0,0.01,0.01,0.007,13.11
2021-03-12,92.225,92.238,92.241,92.225,1076416,10826829312.0,0.02,0.02,0.019,9.66
2021-03-15,92.238,92.269,92.272,92.236,1104807,11113596416.0,0.04,0.03,0.031,9.92
2021-03-16,92.259,92.257,92.271,92.251,1080779,10873454848.0,0.02,-0.01,-0.012,9.70
2021-03-17,92.259,92.251,92.26,92.245,1200180,12073661952.0,0.02,-0.01,-0.006,10.77
2021-03-18,92.254,92.25,92.258,92.241,1281524,12892234240.0,0.02,0.00,-0.001,11.50
2021-03-19,92.263,92.267,92.276,92.261,1196494,12038757632.0,0.02,0.02,0.017,10.74
2021-03-22,92.274,92.278,92.283,92.272,1401408,14101954560.0,0.01,0.01,0.011,12.58
2021-03-23,92.284,92.286,92.288,92.282,1264385,12724091136.0,0.01,0.01,0.008,11.35
2021-03-24,92.289,92.292,92.296,92.287,1266417,12745277440.0,0.01,0.01,0.006,11.37
2021-03-25,92.295,92.294,92.297,92.287,1279975,12881925888.0,0.01,0.00,0.002,11.49
2021-03-26,92.305,92.302,92.309,92.171,1297339,13057805312.0,0.15,0.01,0.008,11.65
2021-03-29,92.312,92.309,92.314,92.3,1627235,16379214336.0,0.02,0.01,0.007,14.61
2021-03-30,92.312,92.309,92.316,92.304,1661533,16725440512.0,0.01,0.00,0.000,14.92
2021-03-31,92.315,92.333,92.335,92.313,1265468,12739803904.0,0.02,0.03,0.024,11.36
2021-04-01,92.333,92.341,92.344,92.332,1171433,11794944768.0,0.01,0.01,0.008,10.52
2021-04-02,92.357,92.359,92.362,92.351,1339086,13485389824.0,0.01,0.02,0.018,12.02
2021-04-06,92.365,92.367,92.369,92.359,1504508,15152548096.0,0.01,0.01,0.008,13.51
2021-04-07,92.37,92.376,92.378,92.37,1600086,16116599296.0,0.01,0.01,0.009,14.36
2021-04-08,92.381,92.376,92.381,92.374,1326205,13358542336.0,0.01,0.00,0.000,11.91
2021-04-09,92.389,92.396,92.399,92.388,1173277,11819883264.0,0.01,0.02,0.020,10.53
2021-04-12,92.402,92.408,92.418,92.4,1685069,16977613568.0,0.02,0.01,0.012,15.13
2021-04-13,92.411,92.413,92.414,92.41,1291016,13008338688.0,0.00,0.01,0.005,11.59
2021-04-14,92.415,92.418,92.42,92.413,1303475,13134401024.0,0.01,0.01,0.005,11.70
2021-04-15,92.419,92.43,92.433,92.419,1284082,12939805696.0,0.02,0.01,0.012,11.53
2021-04-16,92.436,92.434,92.438,92.433,1028063,10361319680.0,0.01,0.00,0.004,9.23
2021-04-19,92.44,92.433,92.442,92.43,1383553,13943949312.0,0.01,0.00,-0.001,12.42
2021-04-20,92.433,92.447,92.449,92.432,2331823,23501621504.0,0.02,0.02,0.014,20.93
2021-04-21,92.449,92.451,92.455,92.448,1115834,11247644416.0,0.01,0.00,0.004,10.02
2021-04-22,92.453,92.458,92.459,92.453,1076330,10849824256.0,0.01,0.01,0.007,9.66
2021-04-23,92.47,92.472,92.476,92.468,888225,8955200000.0,0.01,0.02,0.014,7.97
2021-04-26,92.469,92.473,92.475,92.466,1226182,12362309888.0,0.01,0.00,0.001,11.01
2021-04-27,92.476,92.479,92.483,92.474,1231732,12419079936.0,0.01,0.01,0.006,11.06
2021-04-28,92.482,92.483,92.489,92.48,1195303,12052515072.0,0.01,0.00,0.004,10.73
2021-04-29,92.486,92.508,92.509,92.484,1368899,13804139520.0,0.03,0.03,0.025,12.29
2021-04-30,92.521,92.53,92.535,92.521,1406041,14183741696.0,0.02,0.02,0.022,12.62
2021-05-06,92.532,92.527,92.533,92.524,1547459,15610317312.0,0.01,0.00,-0.003,13.89
2021-05-07,92.541,92.547,92.549,92.538,1074601,10842134272.0,0.01,0.02,0.020,9.65
2021-05-10,92.551,92.557,92.558,92.551,1461129,14743500800.0,0.01,0.01,0.010,13.12
2021-05-11,92.562,92.568,92.57,92.562,1745132,17610838272.0,0.01,0.01,0.011,15.67
2021-05-12,92.566,92.572,92.573,92.565,1367064,13796083968.0,0.01,0.00,0.004,12.27
2021-05-13,92.576,92.574,92.578,92.573,1246725,12582609920.0,0.01,0.00,0.002,11.19
2021-05-14,92.587,92.56,92.589,92.556,1456256,14698325248.0,0.04,-0.02,-0.014,13.07
2021-05-17,92.585,92.581,92.586,92.561,1520446,15345217536.0,0.03,0.02,0.021,13.65
2021-05-18,92.585,92.599,92.6,92.579,1817825,18349171200.0,0.02,0.02,0.018,16.32
2021-05-19,92.606,92.607,92.609,92.602,1892566,19106446592.0,0.01,0.01,0.008,16.99
2021-05-20,92.613,92.605,92.614,92.601,1005374,10149859328.0,0.01,0.00,-0.002,9.03
2021-05-21,92.611,92.623,92.625,92.607,1340912,13538244352.0,0.02,0.02,0.018,12.04
2021-05-24,92.625,92.635,92.636,92.621,1117746,11286659584.0,0.02,0.01,0.012,10.03
2021-05-25,92.636,92.616,92.637,92.599,1425594,14394216448.0,0.04,-0.02,-0.019,12.80
2021-05-26,92.611,92.64,92.642,92.61,1101941,11127190272.0,0.03,0.03,0.024,9.89
2021-05-27,92.642,92.637,92.644,92.632,1068661,10792199168.0,0.01,0.00,-0.003,9.59
2021-05-28,92.651,92.657,92.661,92.644,1055402,10659433472.0,0.02,0.02,0.020,9.47
2021-05-31,92.658,92.657,92.663,92.654,886606,8955368704.0,0.01,0.00,0.000,7.96
2021-06-01,92.662,92.668,92.674,92.659,1238725,12512990464.0,0.02,0.01,0.011,11.12
2021-06-02,92.671,92.678,92.681,92.666,1602609,16190176512.0,0.02,0.01,0.010,14.39
2021-06-03,92.678,92.683,92.69,92.676,1249044,12618900992.0,0.02,0.01,0.005,11.21
2021-06-04,92.691,92.704,92.708,92.691,1240994,12539673600.0,0.02,0.02,0.021,11.14
2021-06-07,92.704,92.712,92.714,92.702,1279201,12927149056.0,0.01,0.01,0.008,11.48
2021-06-08,92.714,92.723,92.728,92.712,1205473,12183193856.0,0.02,0.01,0.011,10.82
2021-06-09,92.72,92.716,92.721,92.713,1169589,11820489216.0,0.01,-0.01,-0.007,10.50
2021-06-10,92.716,92.718,92.72,92.707,1501087,15170897920.0,0.01,0.00,0.002,13.47
2021-06-11,92.731,92.736,92.74,92.727,1522692,15391591936.0,0.01,0.02,0.018,13.67
2021-06-15,92.738,92.751,92.753,92.738,1416709,14321865216.0,0.02,0.02,0.015,12.72
2021-06-16,92.752,92.766,92.768,92.748,1483944,15003079680.0,0.02,0.02,0.015,13.32
2021-06-17,92.758,92.783,92.793,92.758,1409103,14248455168.0,0.04,0.02,0.017,12.65
2021-06-18,92.778,92.785,92.799,92.777,1149954,11629862912.0,0.02,0.00,0.002,10.32
2021-06-21,92.784,92.783,92.787,92.782,1264310,12786362880.0,0.01,0.00,-0.002,11.35
2021-06-22,92.786,92.785,92.79,92.783,1090238,11026141440.0,0.01,0.00,0.002,9.79
2021-06-23,92.787,92.791,92.794,92.786,1127469,11403077632.0,0.01,0.01,0.006,10.12
2021-06-24,92.794,92.802,92.804,92.793,1210069,12239555328.0,0.01,0.01,0.011,10.86
2021-06-25,92.811,92.813,92.818,92.805,1313953,13292205824.0,0.01,0.01,0.011,11.80
2021-06-28,92.814,92.807,92.822,92.801,1464568,14816256512.0,0.02,-0.01,-0.006,13.15
2021-06-29,92.812,92.829,92.83,92.81,1953493,19762811392.0,0.02,0.02,0.022,17.54
2021-06-30,92.835,92.843,92.846,92.825,2122683,21477978368.0,0.02,0.02,0.014,19.05
2021-07-01,92.845,92.875,92.881,92.842,998846,10108379136.0,0.04,0.03,0.032,8.97
2021-07-02,92.877,92.873,92.88,92.867,1008171,10205145600.0,0.01,0.00,-0.002,9.05
2021-07-05,92.874,92.881,92.883,92.87,1010035,10224104704.0,0.01,0.01,0.008,9.07
2021-07-06,92.881,92.885,92.886,92.877,1072044,10852248576.0,0.01,0.00,0.004,9.62
2021-07-07,92.882,92.887,92.891,92.881,1039422,10522474240.0,0.01,0.00,0.002,9.33
2021-07-08,92.888,92.896,92.901,92.887,1040712,10536368896.0,0.02,0.01,0.009,9.34
2021-07-09,92.904,92.909,92.912,92.901,1054846,10680924160.0,0.01,0.01,0.013,9.47
2021-07-12,92.91,92.912,92.917,92.907,1160951,11755840768.0,0.01,0.00,0.003,10.42
2021-07-13,92.915,92.921,92.922,92.915,1106515,11205353216.0,0.01,0.01,0.009,9.93
2021-07-14,92.924,92.947,92.951,92.921,1131366,11458253056.0,0.03,0.03,0.026,10.16
2021-07-15,92.935,92.927,92.935,92.921,1444076,14625348864.0,0.02,-0.02,-0.020,12.96
2021-07-16,92.936,92.949,92.955,92.936,1265196,12815691776.0,0.02,0.02,0.022,11.36
2021-07-19,92.947,92.954,92.957,92.947,1118809,11333741056.0,0.01,0.01,0.005,10.04
2021-07-20,92.956,92.955,92.959,92.952,1266208,12827364096.0,0.01,0.00,0.001,11.37
2021-07-21,92.957,92.961,92.963,92.956,1070685,10846958336.0,0.01,0.01,0.006,9.61
2021-07-22,92.969,92.962,92.971,92.956,1421533,14402351616.0,0.02,0.00,0.001,12.76
2021-07-23,92.98,92.971,92.981,92.966,1377660,13958838016.0,0.02,0.01,0.009,12.37
2021-07-26,92.977,92.985,92.989,92.974,1643099,16649193728.0,0.02,0.02,0.014,14.75
2021-07-27,92.99,92.993,92.996,92.987,1481800,15016405504.0,0.01,0.01,0.008,13.30
2021-07-28,92.99,92.999,93.001,92.944,1753994,17773020416.0,0.06,0.01,0.006,15.75
2021-07-29,92.984,93.0,93.007,92.983,1395092,14138257152.0,0.03,0.00,0.001,12.52
2021-07-30,93.012,93.036,93.046,93.009,1704573,17278565376.0,0.04,0.04,0.036,15.30
2021-08-02,93.031,93.025,93.033,93.022,1499219,15198669056.0,0.01,-0.01,-0.011,13.46
2021-08-03,93.028,93.046,93.056,93.028,1141730,11575504640.0,0.03,0.02,0.021,10.25
2021-08-04,93.044,93.04,93.053,93.038,1329046,13475503104.0,0.02,-0.01,-0.006,11.93
2021-08-05,93.046,93.055,93.057,93.044,1311507,13298510592.0,0.01,0.02,0.015,11.77
2021-08-06,93.061,93.085,93.09,93.059,1204443,12215329024.0,0.03,0.03,0.030,10.81
2021-08-09,93.077,93.082,93.084,93.072,1032400,10471141376.0,0.01,0.00,-0.003,9.27
2021-08-10,93.081,93.079,93.082,93.076,1162944,11795598336.0,0.01,0.00,-0.003,10.44
2021-08-11,93.082,93.088,93.091,93.081,1143019,11594182144.0,0.01,0.01,0.009,10.26
2021-08-12,93.091,93.113,93.115,93.089,1068865,10843353344.0,0.03,0.03,0.025,9.59
2021-08-13,93.107,93.114,93.12,93.105,1047353,10626516992.0,0.02,0.00,0.001,9.40
2021-08-16,93.11,93.11,93.118,93.106,1047891,10631927040.0,0.01,0.00,-0.004,9.41
2021-08-17,93.114,93.115,93.119,93.113,1388063,14084079872.0,0.01,0.01,0.005,12.46
2021-08-18,93.115,93.118,93.121,93.113,1451294,14725881856.0,0.01,0.00,0.003,13.03
2021-08-19,93.124,93.121,93.125,93.117,1600092,16236406272.0,0.01,0.00,0.003,14.36
2021-08-20,93.134,93.141,93.152,93.133,1380741,14013116160.0,0.02,0.02,0.020,12.39
2021-08-23,93.141,93.133,93.142,93.13,1260950,12796877056.0,0.01,-0.01,-0.008,11.32
2021-08-24,93.137,93.135,93.141,93.124,1694263,17193780736.0,0.02,0.00,0.002,15.21
2021-08-25,93.138,93.151,93.152,93.135,1427747,14490686720.0,0.02,0.02,0.016,12.82
2021-08-26,93.154,93.157,93.16,93.146,1306889,13265303040.0,0.02,0.01,0.006,11.73
2021-08-27,93.169,93.164,93.174,93.156,999823,10150072576.0,0.02,0.01,0.007,8.98
2021-08-30,93.172,93.171,93.173,93.165,1366272,13870047488.0,0.01,0.01,0.007,12.26
2021-08-31,93.174,93.186,93.187,93.172,1246021,12650792960.0,0.02,0.02,0.015,11.19
2021-09-01,93.193,93.2,93.203,93.189,1269102,12887079424.0,0.02,0.02,0.014,11.39
2021-09-02,93.196,93.207,93.211,93.196,898094,9120319232.0,0.02,0.01,0.007,8.06
2021-09-03,93.208,93.235,93.241,93.207,1347439,13685510144.0,0.04,0.03,0.028,12.10
2021-09-06,93.232,93.227,93.232,93.223,1272629,12926870528.0,0.01,-0.01,-0.008,11.42
2021-09-07,93.229,93.235,93.24,93.229,1457337,14804055552.0,0.01,0.01,0.008,13.08
2021-09-08,93.237,93.238,93.24,93.235,1333389,13545398272.0,0.01,0.00,0.003,11.97
2021-09-09,93.24,93.245,93.249,93.238,1775780,18040502784.0,0.01,0.01,0.007,15.94
2021-09-10,93.251,93.258,93.262,93.25,1334144,13555760128.0,0.01,0.01,0.013,11.98
2021-09-13,93.261,93.258,93.264,93.253,1716793,17444430592.0,0.01,0.00,0.000,15.41
2021-09-14,93.262,93.274,93.276,93.262,1690973,17183414528.0,0.02,0.02,0.016,15.18
2021-09-15,93.285,93.276,93.285,93.274,1492783,15170730496.0,0.01,0.00,0.002,13.40
2021-09-16,93.281,93.284,93.288,93.279,1587625,16135412224.0,0.01,0.01,0.008,14.25
2021-09-17,93.305,93.311,93.32,93.29,2150564,21860422400.0,0.03,0.03,0.027,19.31
2021-09-22,93.311,93.306,93.314,93.305,1505223,15301752832.0,0.01,-0.01,-0.005,13.51
2021-09-23,93.309,93.312,93.315,93.307,1595401,16218928128.0,0.01,0.01,0.006,14.32
2021-09-24,93.321,93.329,93.332,93.321,2009554,20432193536.0,0.01,0.02,0.017,18.04
2021-09-27,93.335,93.333,93.338,93.326,1596386,16232546560.0,0.01,0.00,0.004,14.33
2021-09-28,93.331,93.353,93.354,93.323,1491049,15162098688.0,0.03,0.02,0.020,13.38
2021-09-29,93.351,93.372,93.396,93.331,1655105,16832377600.0,0.07,0.02,0.019,14.86
2021-09-30,93.393,93.442,93.45,93.393,1603145,16314258432.0,0.06,0.07,0.070,14.39
2021-10-08,93.421,93.424,93.431,93.42,1419046,14442214912.0,0.01,-0.02,-0.018,12.74
2021-10-11,93.425,93.43,93.433,93.421,1558950,15866191360.0,0.01,0.01,0.006,13.99
2021-10-12,93.432,93.442,93.448,93.43,1254949,12773527040.0,0.02,0.01,0.012,11.27
2021-10-13,93.445,93.455,93.459,93.442,1237449,12596845568.0,0.02,0.01,0.013,11.11
2021-10-14,93.453,93.479,93.481,93.451,1262343,12851824384.0,0.03,0.03,0.024,11.33
2021-10-15,93.477,93.485,93.486,93.473,1209393,12314785536.0,0.01,0.01,0.006,10.86
2021-10-18,93.481,93.468,93.483,93.457,1399023,14245456128.0,0.03,-0.02,-0.017,12.56
2021-10-19,93.47,93.463,93.473,93.456,1150145,11710423808.0,0.02,-0.01,-0.005,10.32
2021-10-20,93.469,93.477,93.48,93.467,1403335,14288974848.0,0.01,0.01,0.014,12.60
2021-10-21,93.48,93.479,93.485,93.478,1219554,12418853120.0,0.01,0.00,0.002,10.95
2021-10-22,93.493,93.496,93.503,93.49,1363695,13888646400.0,0.01,0.02,0.017,12.24
2021-10-25,93.498,93.506,93.508,93.498,1687032,17182834944.0,0.01,0.01,0.010,15.14
2021-10-26,93.508,93.513,93.514,93.507,1487329,15149895424.0,0.01,0.01,0.007,13.35
2021-10-27,93.513,93.527,93.532,93.512,1155119,11766734848.0,0.02,0.01,0.014,10.37
2021-10-28,93.523,93.509,93.528,93.251,1128052,11491439360.0,0.30,-0.02,-0.018,10.13
2021-10-29,93.527,93.529,93.534,93.526,1349989,13753501952.0,0.01,0.02,0.020,12.12
2021-11-01,93.532,93.533,93.537,93.531,1294863,13192528896.0,0.01,0.00,0.004,11.62
2021-11-02,93.542,93.541,93.544,93.536,1481007,15089869824.0,0.01,0.01,0.008,13.29
2021-11-03,93.545,93.547,93.549,93.543,1166993,11891096576.0,0.01,0.01,0.006,10.48
2021-11-04,93.552,93.554,93.558,93.551,1920323,19568709120.0,0.01,0.01,0.007,17.24
2021-11-05,93.568,93.562,93.569,93.551,1318226,13434164224.0,0.02,0.01,0.008,11.83
2021-11-08,93.577,93.57,93.579,93.566,1614426,16454093568.0,0.01,0.01,0.008,14.49
2021-11-09,93.576,93.58,93.582,93.572,1392491,14193122560.0,0.01,0.01,0.010,12.50
2021-11-10,93.586,93.595,93.599,93.584,1377123,14038399232.0,0.02,0.02,0.015,12.36
2021-11-11,93.599,93.588,93.6,93.584,1089586,11107710976.0,0.02,-0.01,-0.007,9.78
2021-11-12,93.604,93.595,93.604,93.584,1512826,15423167744.0,0.02,0.01,0.007,13.58
2021-11-15,93.607,93.609,93.612,93.604,1075213,10962621952.0,0.01,0.01,0.014,9.65
2021-11-16,93.618,93.621,93.624,93.616,1184322,12076359936.0,0.01,0.01,0.012,10.63
2021-11-17,93.625,93.628,93.63,93.624,1197114,12207604992.0,0.01,0.01,0.007,10.75
2021-11-18,93.629,93.641,93.663,93.628,1284456,13099150848.0,0.04,0.01,0.013,11.53
2021-11-19,93.649,93.645,93.651,93.64,1319012,13453216768.0,0.01,0.00,0.004,11.84
2021-11-22,93.649,93.65,93.651,93.647,1305594,13316789504.0,0.00,0.01,0.005,11.72
2021-11-23,93.654,93.656,93.658,93.653,1042089,10629771520.0,0.01,0.01,0.006,9.35
2021-11-24,93.658,93.661,93.662,93.658,1170607,11941204992.0,0.00,0.01,0.005,10.51
2021-11-25,93.667,93.669,93.67,93.666,938411,9573414144.0,0.00,0.01,0.008,8.42
2021-11-26,93.68,93.684,93.688,93.676,1251761,12771540992.0,0.01,0.02,0.015,11.24
2021-11-29,93.687,93.673,93.688,93.669,1476651,15066111744.0,0.02,-0.01,-0.011,13.26
2021-11-30,93.676,93.687,93.691,93.669,1756459,17920971520.0,0.02,0.01,0.014,15.77
2021-12-01,93.693,93.705,93.707,93.691,1707358,17423562496.0,0.02,0.02,0.018,15.33
2021-12-02,93.702,93.708,93.711,93.7,1369820,13979900928.0,0.01,0.00,0.003,12.30
2021-12-03,93.724,93.72,93.724,93.717,1208486,12335024128.0,0.01,0.01,0.012,10.85
2021-12-06,93.729,93.733,93.735,93.728,1564247,15967871744.0,0.01,0.01,0.013,14.04
2021-12-07,93.738,93.749,93.75,93.736,1673670,17086613760.0,0.01,0.02,0.016,15.02
2021-12-08,93.749,93.74,93.751,93.736,2000190,20421397504.0,0.02,-0.01,-0.009,17.96
2021-12-09,93.748,93.738,93.749,93.736,2279681,23273537792.0,0.01,0.00,-0.002,20.46
2021-12-10,93.75,93.758,93.763,93.75,1810011,18480789248.0,0.01,0.02,0.020,16.25
2021-12-13,93.766,93.767,93.77,93.765,1710246,17464365568.0,0.01,0.01,0.009,15.35
2021-12-14,93.776,93.78,93.782,93.774,1660276,16955933184.0,0.01,0.01,0.013,14.90
2021-12-15,93.788,93.784,93.789,93.782,1582247,16159995904.0,0.01,0.00,0.004,14.20
2021-12-16,93.79,93.788,93.79,93.784,1616502,16510276864.0,0.01,0.00,0.004,14.51
2021-12-17,93.801,93.81,93.814,93.8,1588457,16226637312.0,0.01,0.02,0.022,14.26
2021-12-20,93.811,93.815,93.817,93.81,1336473,13653543680.0,0.01,0.01,0.005,12.00
2021-12-21,93.817,93.808,93.818,93.799,1622376,16574753280.0,0.02,-0.01,-0.007,14.56
2021-12-22,93.811,93.824,93.826,93.808,1795928,18347907072.0,0.02,0.02,0.016,16.12
2021-12-23,93.826,93.828,93.831,93.823,1226424,12531171840.0,0.01,0.00,0.004,11.01
2021-12-24,93.837,93.846,93.851,93.835,1228669,12555543296.0,0.02,0.02,0.018,11.03
2021-12-27,93.85,93.848,93.851,93.846,1299615,13281839360.0,0.01,0.00,0.002,11.67
2021-12-28,93.85,93.858,93.86,93.849,1479094,15116733184.0,0.01,0.01,0.010,13.28
2021-12-29,93.861,93.862,93.87,93.857,1529549,15633463040.0,0.01,0.00,0.004,13.73
2021-12-30,93.865,93.867,93.871,93.852,1327178,13564989696.0,0.02,0.01,0.005,11.91
2021-12-31,93.893,93.916,93.922,93.862,1425190,14266068480.0,0.06,0.05,0.049,12.79
2022-01-04,93.907,93.909,93.913,93.896,1373302,13748012544.0,0.02,-0.01,-0.007,12.33
2022-01-05,93.906,93.904,93.91,93.897,1152897,11542070272.0,0.01,-0.01,-0.005,10.35
2022-01-06,93.91,93.919,93.921,93.908,1398764,14004454144.0,0.01,0.02,0.015,12.56
2022-01-07,93.925,93.939,93.943,93.925,904483,9057635840.0,0.02,0.02,0.020,8.12
2022-01-10,93.939,93.946,93.948,93.939,857822,8591152384.0,0.01,0.01,0.007,7.70
2022-01-11,93.947,93.959,93.973,93.946,1162696,11645495552.0,0.03,0.01,0.013,10.44
2022-01-12,93.96,93.963,93.964,93.958,888204,8896961024.0,0.01,0.00,0.004,7.97
2022-01-13,93.965,93.969,93.976,93.963,1176031,11781232896.0,0.01,0.01,0.006,10.56
2022-01-14,93.975,93.985,93.988,93.975,1063020,10650345984.0,0.01,0.02,0.016,9.54
2022-01-17,93.988,93.996,94.0,93.986,934375,9362131712.0,0.01,0.01,0.011,8.39
2022-01-18,94.001,94.003,94.005,93.999,890479,8923438336.0,0.01,0.01,0.007,7.99
2022-01-19,94.0,93.994,94.003,93.993,1112021,11143197184.0,0.01,-0.01,-0.009,9.98
2022-01-20,94.001,93.989,94.004,93.986,1233980,12365134848.0,0.02,-0.01,-0.005,11.08
2022-01-21,94.004,94.016,94.034,94.004,1302932,13057783040.0,0.03,0.03,0.027,11.70
2022-01-24,94.025,94.017,94.025,94.003,1298425,13013436416.0,0.02,0.00,0.001,11.66
2022-01-25,94.02,94.03,94.038,94.018,1401633,14049101824.0,0.02,0.01,0.013,12.58
2022-01-26,94.032,94.04,94.046,94.029,1528077,15317971200.0,0.02,0.01,0.010,13.72
2022-01-27,94.041,94.06,94.088,94.04,1910459,19154047488.0,0.05,0.02,0.020,17.15
2022-01-28,94.103,94.123,94.142,94.101,2098960,21057261824.0,0.04,0.07,0.063,18.84
2022-02-07,94.112,94.148,94.152,94.106,924532,9276258560.0,0.05,0.03,0.025,8.30
2022-02-08,94.143,94.15,94.155,94.139,1022624,10262686720.0,0.02,0.00,0.002,9.18
2022-02-09,94.148,94.128,94.15,94.126,1219896,12240786176.0,0.03,-0.02,-0.022,10.95
2022-02-10,94.125,94.12,94.128,94.116,1453816,14586109440.0,0.01,-0.01,-0.008,13.05
2022-02-11,94.124,94.136,94.142,94.124,1180671,11847148032.0,0.02,0.02,0.016,10.60
2022-02-14,94.143,94.138,94.144,94.134,993238,9966950656.0,0.01,0.00,0.002,8.92
2022-02-15,94.145,94.151,94.151,94.145,1131966,11359866624.0,0.01,0.01,0.013,10.16
2022-02-16,94.152,94.155,94.156,94.151,913514,9168047360.0,0.01,0.00,0.004,8.20
2022-02-17,94.157,94.159,94.164,94.15,1236690,12411771904.0,0.01,0.00,0.004,11.10
2022-02-18,94.172,94.172,94.179,94.17,1221121,12257901312.0,0.01,0.01,0.013,10.96
2022-02-21,94.172,94.173,94.179,94.17,1345623,13507819776.0,0.01,0.00,0.001,12.08
2022-02-22,94.18,94.177,94.182,94.176,1007875,10117730304.0,0.01,0.00,0.004,9.05
2022-02-23,94.183,94.177,94.185,94.176,1068374,10725119488.0,0.01,0.00,0.000,9.59
2022-02-24,94.186,94.185,94.19,94.183,1314683,13198646272.0,0.01,0.01,0.008,11.80
2022-02-25,94.197,94.195,94.2,94.151,1667130,16737399552.0,0.05,0.01,0.010,14.97
2022-02-28,94.197,94.201,94.206,94.196,1094763,10992504320.0,0.01,0.01,0.006,9.83
2022-03-01,94.215,94.213,94.217,94.208,1083148,10876920064.0,0.01,0.01,0.012,9.72
2022-03-02,94.221,94.222,94.224,94.218,858937,8626084864.0,0.01,0.01,0.009,7.71
2022-03-03,94.226,94.236,94.238,94.222,1045346,10498977280.0,0.02,0.01,0.014,9.38
2022-03-04,94.244,94.247,94.256,94.241,1020110,10247707904.0,0.02,0.01,0.011,9.16
2022-03-07,94.252,94.255,94.257,94.249,1049008,10538449408.0,0.01,0.01,0.008,9.42
2022-03-08,94.258,94.261,94.264,94.258,1079842,10848917248.0,0.01,0.01,0.006,9.69
2022-03-09,94.265,94.271,94.294,94.264,1150836,11562885632.0,0.03,0.01,0.010,10.33
2022-03-10,94.261,94.271,94.278,94.257,1480044,14870807552.0,0.02,0.00,0.000,13.29
2022-03-11,94.283,94.286,94.289,94.28,1190418,11962924288.0,0.01,0.02,0.015,10.69
2022-03-14,94.293,94.302,94.311,94.29,1101283,11068218880.0,0.02,0.02,0.016,9.89
2022-03-15,94.301,94.298,94.305,94.294,1352990,13598535936.0,0.01,0.00,-0.004,12.15
2022-03-16,94.297,94.288,94.304,94.271,1575835,15837070336.0,0.03,-0.01,-0.010,14.15
2022-03-17,94.293,94.298,94.309,94.275,1818387,18274795776.0,0.04,0.01,0.010,16.32
2022-03-18,94.309,94.305,94.322,94.299,1358987,13660452864.0,0.02,0.01,0.007,12.20
2022-03-21,94.321,94.336,94.344,94.32,1138793,11448950272.0,0.03,0.03,0.031,10.22
2022-03-22,94.336,94.328,94.36,94.326,1545524,15539204608.0,0.04,-0.01,-0.008,13.87
2022-03-23,94.335,94.334,94.338,94.331,1247171,12539259648.0,0.01,0.01,0.006,11.20
2022-03-24,94.34,94.354,94.358,94.34,1076266,10822056704.0,0.02,0.02,0.020,9.66
2022-03-25,94.359,94.36,94.366,94.357,1066900,10729544192.0,0.01,0.01,0.006,9.58
2022-03-28,94.364,94.355,94.367,94.351,1164467,11710640128.0,0.02,-0.01,-0.005,10.45
2022-03-29,94.361,94.372,94.373,94.357,930047,9353542656.0,0.02,0.02,0.017,8.35
2022-03-30,94.37,94.356,94.372,94.351,1193736,12005138432.0,0.02,-0.02,-0.016,10.72
2022-03-31,94.362,94.403,94.411,94.358,983693,9894442496.0,0.06,0.05,0.047,8.83
2022-04-01,94.414,94.406,94.423,94.403,1393076,14017316096.0,0.02,0.00,0.003,12.51
2022-04-06,94.412,94.421,94.426,94.412,1066255,10729099520.0,0.01,0.02,0.015,9.57
2022-04-07,94.422,94.433,94.437,94.422,1090020,10969136896.0,0.02,0.01,0.012,9.78
2022-04-08,94.438,94.447,94.451,94.435,910764,9166869760.0,0.02,0.01,0.014,8.18
2022-04-11,94.449,94.454,94.456,94.448,982711,9891766528.0,0.01,0.01,0.007,8.82
2022-04-12,94.455,94.449,94.457,94.447,1297287,13058376192.0,0.01,-0.01,-0.005,11.65
2022-04-13,94.455,94.454,94.462,94.451,1351767,13607169280.0,0.01,0.01,0.005,12.13
2022-04-14,94.46,94.461,94.465,94.456,1304455,13131683072.0,0.01,0.01,0.007,11.71
2022-04-15,94.474,94.479,94.487,94.474,1291800,13006593536.0,0.01,0.02,0.018,11.60
2022-04-18,94.485,94.478,94.488,94.475,1237606,12461313280.0,0.01,0.00,-0.001,11.11
2022-04-19,94.483,94.489,94.49,94.482,1237340,12459121408.0,0.01,0.01,0.011,11.11
2022-04-20,94.492,94.488,94.493,94.486,1083105,10906540032.0,0.01,0.00,-0.001,9.72
2022-04-21,94.494,94.492,94.495,94.488,1024774,10319383552.0,0.01,0.00,0.004,9.20
2022-04-22,94.493,94.498,94.507,94.493,1422495,14325510144.0,0.01,0.01,0.006,12.77
2022-04-25,94.503,94.502,94.507,94.497,1609697,16211375872.0,0.01,0.00,0.004,14.45
2022-04-26,94.508,94.512,94.516,94.504,1374740,13846001664.0,0.01,0.01,0.010,12.34
2022-04-27,94.517,94.519,94.524,94.511,1515417,15264126208.0,0.01,0.01,0.007,13.60
2022-04-28,94.527,94.543,94.551,94.525,1414676,14251521792.0,0.03,0.03,0.024,12.70
2022-04-29,94.564,94.572,94.58,94.23,1466220,14775767040.0,0.37,0.03,0.029,13.16
2022-05-05,94.563,94.562,94.57,94.56,1209861,12192058368.0,0.01,-0.01,-0.010,10.86
2022-05-06,94.579,94.587,94.59,94.573,1043402,10516125952.0,0.02,0.03,0.025,9.37
2022-05-09,94.59,94.594,94.596,94.59,1022800,10309823488.0,0.01,0.01,0.007,9.18
2022-05-10,94.596,94.601,94.605,94.594,1399127,14103973632.0,0.01,0.01,0.007,12.56
2022-05-11,94.604,94.599,94.606,94.596,1386653,13978316800.0,0.01,0.00,-0.002,12.45
2022-05-12,94.605,94.606,94.61,94.602,1001561,10097097216.0,0.01,0.01,0.007,8.99
2022-05-13,94.618,94.629,94.63,94.612,1244642,12549595136.0,0.02,0.02,0.023,11.17
2022-05-16,94.626,94.635,94.637,94.626,954286,9622814464.0,0.01,0.01,0.006,8.57
2022-05-17,94.638,94.632,94.639,94.63,930256,9380739840.0,0.01,0.00,-0.003,8.35
2022-05-18,94.637,94.638,94.639,94.635,867611,8749297664.0,0.00,0.01,0.006,7.79
2022-05-19,94.638,94.644,94.644,94.638,1144870,11545828864.0,0.01,0.01,0.006,10.28
2022-05-20,94.654,94.645,94.656,94.641,1037192,10460690688.0,0.02,0.00,0.001,9.31
2022-05-23,94.648,94.653,94.655,94.648,1021351,10301223680.0,0.01,0.01,0.008,9.17
2022-05-24,94.658,94.666,94.67,94.654,1170819,11809894656.0,0.02,0.01,0.013,10.51
2022-05-25,94.668,94.668,94.671,94.663,888114,8958853632.0,0.01,0.00,0.002,7.97
2022-05-26,94.671,94.676,94.68,94.668,884129,8919076096.0,0.01,0.01,0.008,7.94
2022-05-27,94.682,94.686,94.688,94.673,1279185,12905439232.0,0.02,0.01,0.010,11.48
2022-05-30,94.687,94.68,94.689,94.678,1228043,12389932032.0,0.01,-0.01,-0.006,11.02
2022-05-31,94.686,94.684,94.688,94.678,1297722,13092943616.0,0.01,0.00,0.004,11.65
2022-06-01,94.688,94.693,94.696,94.684,1421033,14337774848.0,0.01,0.01,0.009,12.76
2022-06-02,94.708,94.689,94.709,94.687,1505503,15192044544.0,0.02,0.00,-0.004,13.51
2022-06-06,94.709,94.707,94.71,94.69,1980064,19980496384.0,0.02,0.02,0.018,17.77
2022-06-07,94.707,94.719,94.72,94.703,1176172,11869931520.0,0.02,0.01,0.012,10.56
2022-06-08,94.731,94.723,94.731,94.719,1550734,15651490816.0,0.01,0.00,0.004,13.92
2022-06-09,94.729,94.73,94.734,94.725,1107072,11174437376.0,0.01,0.01,0.007,9.94
2022-06-10,94.74,94.717,94.742,94.71,1641999,16574253312.0,0.03,-0.01,-0.013,14.74
2022-06-13,94.735,94.751,94.753,94.733,1678151,16940916224.0,0.02,0.04,0.034,15.06
2022-06-14,94.753,94.763,94.764,94.751,1241426,12533816832.0,0.01,0.01,0.012,11.14
2022-06-15,94.758,94.76,94.762,94.75,1519622,15342639616.0,0.01,0.00,-0.003,13.64
2022-06-16,94.757,94.763,94.765,94.747,1557175,15721865216.0,0.02,0.00,0.003,13.98
2022-06-17,94.764,94.774,94.775,94.764,1723462,17402618880.0,0.01,0.01,0.011,15.47
2022-06-20,94.775,94.783,94.784,94.774,1525411,15404501760.0,0.01,0.01,0.009,13.69
2022-06-21,94.787,94.787,94.789,94.783,1671104,16876947200.0,0.01,0.00,0.004,15.00
2022-06-22,94.792,94.802,94.803,94.789,1630249,16465867264.0,0.01,0.02,0.015,14.63
2022-06-23,94.798,94.788,94.801,94.644,1760807,17784458752.0,0.17,-0.01,-0.014,15.81
2022-06-24,94.794,94.799,94.803,94.794,1570653,15864431872.0,0.01,0.01,0.011,14.10
2022-06-27,94.807,94.809,94.811,94.794,1850384,18691094528.0,0.02,0.01,0.010,16.61
2022-06-28,94.804,94.821,94.822,94.804,1601349,16177150976.0,0.02,0.01,0.012,14.37
2022-06-29,94.819,94.831,94.833,94.815,1825909,18446826496.0,0.02,0.01,0.010,16.39
2022-06-30,94.821,94.833,94.838,94.786,1847729,18665500928.0,0.05,0.00,0.002,16.59
2022-07-01,94.842,94.854,94.856,94.84,1304845,13186302976.0,0.02,0.02,0.021,11.71
2022-07-04,94.852,94.861,94.862,94.851,1244279,12575172096.0,0.01,0.01,0.007,11.17
2022-07-05,94.862,94.885,94.887,94.862,1021132,10321148160.0,0.03,0.03,0.024,9.17
2022-07-06,94.882,94.893,94.895,94.868,1077353,10890409472.0,0.03,0.01,0.008,9.67
2022-07-07,94.885,94.887,94.889,94.878,978863,9895333888.0,0.01,-0.01,-0.006,8.79
2022-07-08,94.887,94.895,94.896,94.886,967731,9783634432.0,0.01,0.01,0.008,8.69
2022-07-11,94.896,94.902,94.904,94.894,1113570,11258813696.0,0.01,0.01,0.007,10.00
2022-07-12,94.903,94.907,94.911,94.902,999035,10101494117.0,0.01,0.01,0.005,8.97
2022-07-13,94.908,94.905,94.909,94.903,919662,9298916125.0,0.01,0.00,-0.002,8.26
2022-07-14,94.909,94.904,94.911,94.9,1202687,12160989471.0,0.01,0.00,-0.001,10.80
2022-07-15,94.914,94.923,94.926,94.893,1709566,17288333699.0,0.03,0.02,0.019,15.35
2022-07-18,94.925,94.928,94.929,94.922,1511526,15286563101.0,0.01,0.01,0.005,13.57
2022-07-19,94.929,94.933,94.936,94.929,1049837,10617965090.0,0.01,0.01,0.005,9.42
2022-07-20,94.935,94.932,94.936,94.931,1182968,11964577328.0,0.01,0.00,-0.001,10.62
2022-07-21,94.938,94.939,94.94,94.934,1141694,11547594908.0,0.01,0.01,0.007,10.25
2022-07-22,94.95,94.955,94.958,94.949,1271901,12866382947.0,0.01,0.02,0.016,11.42
2022-07-25,94.963,94.967,94.971,94.958,927498,9383516044.0,0.01,0.01,0.012,8.33
2022-07-26,94.968,94.963,94.968,94.959,1384351,14005522417.0,0.01,0.00,-0.004,12.43
2022-07-27,94.965,94.966,94.968,94.962,1206738,12208755285.0,0.01,0.00,0.003,10.83
2022-07-28,94.968,94.971,94.972,94.963,1463688,14808658166.0,0.01,0.01,0.005,13.14
2022-07-29,94.978,94.985,94.987,94.976,1130929,11443792555.0,0.01,0.01,0.014,10.15
2022-08-01,94.989,94.99,94.992,94.987,1221128,12357378367.0,0.01,0.01,0.005,10.96
2022-08-02,94.993,94.99,94.994,94.987,1717540,17380987059.0,0.01,0.00,0.000,15.42
2022-08-03,94.994,95.001,95.003,94.986,1501897,15199322433.0,0.02,0.01,0.011,13.48
2022-08-04,95.002,95.011,95.011,95.0,1158051,11721056731.0,0.01,0.01,0.010,10.40
2022-08-05,95.014,95.015,95.018,95.013,1105103,11186127709.0,0.01,0.00,0.004,9.92
2022-08-08,95.017,95.02,95.021,95.017,1098227,11116939925.0,0.00,0.01,0.005,9.86
2022-08-09,95.024,95.026,95.027,95.021,1154095,11682994608.0,0.01,0.01,0.006,10.36
2022-08-10,95.029,95.03,95.031,95.028,876086,8869213789.0,0.00,0.00,0.004,7.86
2022-08-11,95.031,95.026,95.033,95.022,1471844,14900069017.0,0.01,0.00,-0.004,13.21
2022-08-12,95.038,95.041,95.043,95.035,1525284,15442718828.0,0.01,0.02,0.015,13.69
2022-08-15,95.047,95.048,95.05,95.044,1072693,10861398367.0,0.01,0.01,0.007,9.63
2022-08-16,95.05,95.051,95.051,95.046,1532508,15517481828.0,0.01,0.00,0.003,13.76
2022-08-17,95.053,95.051,95.054,95.049,1102283,11161500123.0,0.01,0.00,0.000,9.89
2022-08-18,95.053,95.059,95.061,95.047,1276013,12921038228.0,0.01,0.01,0.008,11.45
2022-08-19,95.068,95.074,95.075,95.065,1245066,12609580650.0,0.01,0.02,0.015,11.18
2022-08-22,95.075,95.072,95.075,95.07,1382762,14004574666.0,0.01,0.00,-0.002,12.41
2022-08-23,95.072,95.08,95.083,95.071,1116829,11311596046.0,0.01,0.01,0.008,10.03
2022-08-24,95.081,95.091,95.214,95.08,1265211,12815817076.0,0.14,0.01,0.011,11.36
2022-08-25,95.091,95.084,95.095,95.082,1617465,16383914311.0,0.01,-0.01,-0.007,14.52
2022-08-26,95.09,95.092,95.094,95.088,1445473,14642470439.0,0.01,0.01,0.008,12.98
2022-08-29,95.094,95.094,95.095,95.088,1489367,15087181341.0,0.01,0.00,0.002,13.37
2022-08-30,95.097,95.104,95.107,95.094,1258598,12750644810.0,0.01,0.01,0.010,11.30
2022-08-31,95.102,95.111,95.117,95.102,1114751,11294184258.0,0.02,0.01,0.007,10.01
2022-09-01,95.111,95.115,95.115,95.11,1529515,15497145413.0,0.01,0.00,0.004,13.73
2022-09-02,95.118,95.122,95.128,95.118,1335184,13529264952.0,0.01,0.01,0.007,11.99
2022-09-05,95.127,95.128,95.13,95.126,1219111,12353851033.0,0.00,0.01,0.006,10.94
2022-09-06,95.131,95.13,95.134,95.129,1140310,11555727453.0,0.01,0.00,0.002,10.24
2022-09-07,95.135,95.131,95.136,95.13,1581896,16030843652.0,0.01,0.00,0.001,14.20
2022-09-08,95.134,95.136,95.138,95.132,954892,9676993270.0,0.01,0.01,0.005,8.57
2022-09-09,95.151,95.141,95.152,95.135,1497201,15174358028.0,0.02,0.01,0.005,13.44
2022-09-13,95.147,95.15,95.151,95.144,1566872,15881036389.0,0.01,0.01,0.009,14.07
2022-09-14,95.15,95.157,95.158,95.15,975094,9883623261.0,0.01,0.01,0.007,8.75
2022-09-15,95.157,95.172,95.173,95.156,1069653,10843202541.0,0.02,0.02,0.015,9.60
2022-09-16,95.174,95.189,95.191,95.174,917058,9297832899.0,0.02,0.02,0.017,8.23
2022-09-19,95.188,95.19,95.198,95.177,892744,9051727311.0,0.02,0.00,0.001,8.01
2022-09-20,95.185,95.191,95.202,95.179,818756,8301681084.0,0.02,0.00,0.001,7.35
2022-09-21,95.191,95.196,95.2,95.191,577468,5855696882.0,0.01,0.01,0.005,5.18
2022-09-22,95.197,95.196,95.199,95.191,1096603,11119749616.0,0.01,0.00,0.000,9.84
2022-09-23,95.201,95.211,95.215,95.199,1104492,11200897756.0,0.02,0.02,0.015,9.91
2022-09-26,95.203,95.208,95.211,95.197,1013427,10277324555.0,0.01,0.00,-0.003,9.10
2022-09-27,95.206,95.197,95.208,95.191,1509306,15305422534.0,0.02,-0.01,-0.011,13.55
2022-09-28,95.203,95.211,95.22,95.2,2041067,20699901027.0,0.02,0.01,0.014,18.32
2022-09-29,95.21,95.198,95.215,95.186,1892208,19190118276.0,0.03,-0.01,-0.013,16.99
2022-09-30,95.294,95.278,95.297,95.253,1764058,17901093598.0,0.05,0.08,0.080,15.84
2022-10-10,95.265,95.274,95.277,95.264,1279889,12988082903.0,0.01,0.00,-0.004,11.49
2022-10-11,95.275,95.284,95.289,95.273,1084494,11005828646.0,0.02,0.01,0.010,9.74
2022-10-12,95.284,95.286,95.293,95.282,1218065,12362599871.0,0.01,0.00,0.002,10.93
2022-10-13,95.285,95.292,95.292,95.283,1096248,11126213493.0,0.01,0.01,0.006,9.84
2022-10-14,95.293,95.293,95.298,95.29,1045491,10611746700.0,0.01,0.00,0.001,9.39
2022-10-17,95.297,95.297,95.3,95.293,1105854,11224940033.0,0.01,0.00,0.004,9.93
2022-10-18,95.299,95.304,95.304,95.298,1132090,11491557661.0,0.01,0.01,0.007,10.16
2022-10-19,95.305,95.307,95.311,95.305,1007928,10231801469.0,0.01,0.00,0.003,9.05
2022-10-20,95.308,95.312,95.314,95.307,1103002,11197435092.0,0.01,0.01,0.005,9.90
2022-10-21,95.319,95.321,95.324,95.318,878147,8915709324.0,0.01,0.01,0.009,7.88
2022-10-24,95.324,95.327,95.33,95.321,1135453,11528417363.0,0.01,0.01,0.006,10.19
2022-10-25,95.325,95.318,95.329,95.309,1330638,13510042269.0,0.02,-0.01,-0.009,11.94
2022-10-26,95.323,95.321,95.326,95.304,2049632,20809151265.0,0.02,0.00,0.003,18.40
2022-10-27,95.324,95.329,95.331,95.314,1417856,14395441079.0,0.02,0.01,0.008,12.73
2022-10-28,95.339,95.35,95.351,95.336,1392306,14138501069.0,0.02,0.02,0.021,12.50
2022-10-31,95.35,95.351,95.354,95.345,1335336,13561169528.0,0.01,0.00,0.001,11.99
2022-11-01,95.352,95.345,95.353,95.343,1560122,15843820931.0,0.01,-0.01,-0.006,14.00
2022-11-02,95.346,95.36,95.363,95.345,1461773,14845993473.0,0.02,0.02,0.015,13.12
2022-11-03,95.361,95.365,95.37,95.36,1278626,12987040374.0,0.01,0.01,0.005,11.48
2022-11-04,95.373,95.371,95.378,95.368,1500205,15239015481.0,0.01,0.01,0.006,13.47
2022-11-07,95.371,95.37,95.372,95.367,1236601,12561014425.0,0.01,0.00,-0.001,11.10
2022-11-08,95.375,95.378,95.381,95.371,1267890,12879586094.0,0.01,0.01,0.008,11.38
2022-11-09,95.378,95.384,95.387,95.377,1432832,14555998166.0,0.01,0.01,0.006,12.86
2022-11-10,95.385,95.398,95.4,95.385,1187247,12062036090.0,0.02,0.01,0.014,10.66
2022-11-11,95.383,95.394,95.396,95.374,1843056,18724496702.0,0.02,0.00,-0.004,16.54
2022-11-14,95.39,95.386,95.394,95.383,1813307,18422716414.0,0.01,-0.01,-0.008,16.28
2022-11-15,95.388,95.385,95.398,95.376,1285023,13055024943.0,0.02,0.00,-0.001,11.54
2022-11-16,95.378,95.407,95.41,95.378,1319788,13409180093.0,0.03,0.02,0.022,11.85
2022-11-17,95.405,95.405,95.408,95.4,1500410,15245854257.0,0.01,0.00,-0.002,13.47
2022-11-18,95.411,95.415,95.418,95.406,1525017,15496854623.0,0.01,0.01,0.010,13.69
2022-11-21,95.419,95.422,95.424,95.418,1116099,11342675000.0,0.01,0.01,0.007,10.02
2022-11-22,95.422,95.43,95.434,95.42,1086551,11043022408.0,0.01,0.01,0.008,9.75
2022-11-23,95.428,95.425,95.432,95.424,1230199,12503160039.0,0.01,-0.01,-0.005,11.04
2022-11-24,95.429,95.435,95.438,95.421,1248242,12686671161.0,0.02,0.01,0.010,11.21
2022-11-25,95.435,95.443,95.453,95.435,1175508,11949077623.0,0.02,0.01,0.008,10.55
2022-11-28,95.443,95.442,95.451,95.437,1142120,11609974192.0,0.01,0.00,-0.001,10.25
2022-11-29,95.442,95.44,95.446,95.422,1289988,13112019662.0,0.03,0.00,-0.002,11.58
2022-11-30,95.441,95.458,95.465,95.441,1380391,14032778354.0,0.03,0.02,0.018,12.39
2022-12-01,95.444,95.447,95.452,95.443,1560650,15864747902.0,0.01,-0.01,-0.011,14.01
2022-12-02,95.459,95.459,95.466,95.456,1557006,15829649712.0,0.01,0.01,0.012,13.98
2022-12-05,95.463,95.465,95.468,95.461,1408985,14325318412.0,0.01,0.01,0.006,12.65
2022-12-06,95.469,95.474,95.475,95.466,1858849,18900245317.0,0.01,0.01,0.009,16.69
2022-12-07,95.474,95.479,95.48,95.468,1349412,13720802792.0,0.01,0.01,0.005,12.11
2022-12-08,95.478,95.48,95.486,95.477,1209990,12304195571.0,0.01,0.00,0.001,10.86
2022-12-09,95.486,95.489,95.494,95.485,1374039,13973390828.0,0.01,0.01,0.009,12.33
2022-12-12,95.492,95.492,95.496,95.489,1098427,11170982606.0,0.01,0.00,0.003,9.86
2022-12-13,95.495,95.494,95.498,95.492,1139078,11584715704.0,0.01,0.00,0.002,10.23
2022-12-14,95.497,95.499,95.502,95.495,1052990,10709477772.0,0.01,0.01,0.005,9.45
2022-12-15,95.504,95.524,95.532,95.501,1154643,11744298896.0,0.03,0.03,0.025,10.36
2022-12-16,95.521,95.537,95.548,95.52,1117075,11365008037.0,0.03,0.01,0.013,10.03
2022-12-19,95.535,95.539,95.544,95.529,1021395,10391774444.0,0.02,0.00,0.002,9.17
2022-12-20,95.539,95.542,95.543,95.534,1081023,10998820494.0,0.01,0.00,0.003,9.70
2022-12-21,95.54,95.536,95.544,95.533,1110704,11300800765.0,0.01,-0.01,-0.006,9.97
2022-12-22,95.538,95.537,95.541,95.534,940152,9565504587.0,0.01,0.00,0.001,8.44
2022-12-23,95.545,95.548,95.557,95.529,1894237,19274290339.0,0.03,0.01,0.011,17.00
2022-12-26,95.553,95.543,95.555,95.535,1349096,13727103957.0,0.02,-0.01,-0.005,12.11
2022-12-27,95.544,95.556,95.559,95.524,1895257,19283785251.0,0.04,0.01,0.013,17.01
2022-12-28,95.554,95.56,95.563,95.551,1544789,15720409616.0,0.01,0.00,0.004,13.87
2022-12-29,95.553,95.522,95.563,95.513,1814001,18458627780.0,0.05,-0.04,-0.038,16.28
2022-12-30,95.58,95.662,95.667,95.58,1833478,18352556901.0,0.09,0.15,0.140,16.46
2023-01-03,95.645,95.622,95.645,95.616,1500339,15021607867.0,0.03,-0.04,-0.040,13.47
2023-01-04,95.622,95.625,95.64,95.612,1221420,12228080528.0,0.03,0.00,0.003,10.96
2023-01-05,95.617,95.619,95.621,95.61,1466901,14684643158.0,0.01,-0.01,-0.006,13.17
2023-01-06,95.624,95.638,95.639,95.623,1332414,13340432917.0,0.02,0.02,0.019,11.96
2023-01-09,95.636,95.642,95.644,95.634,1157094,11585743560.0,0.01,0.00,0.004,10.39
2023-01-10,95.652,95.658,95.659,95.647,1103836,11053945486.0,0.01,0.02,0.016,9.91
2023-01-11,95.65,95.652,95.663,95.65,1627855,16302462891.0,0.01,-0.01,-0.006,14.61
2023-01-12,95.656,95.649,95.658,95.645,1084772,10863453405.0,0.01,0.00,-0.003,9.74
2023-01-13,95.663,95.663,95.67,95.661,1378362,13805159906.0,0.01,0.01,0.014,12.37
2023-01-16,95.667,95.654,95.67,95.65,1853395,18562061449.0,0.02,-0.01,-0.009,16.64
2023-01-17,95.662,95.67,95.672,95.655,1337671,13397308045.0,0.02,0.02,0.016,12.01
2023-01-18,95.674,95.694,95.696,95.672,1006631,10083345815.0,0.03,0.03,0.024,9.04
2023-01-19,95.692,95.698,95.703,95.685,1428255,14308561722.0,0.02,0.00,0.004,12.82
2023-01-20,95.74,95.745,95.777,95.737,1730100,17344040835.0,0.04,0.05,0.047,15.53
2023-01-30,95.735,95.738,95.741,95.721,2529422,25350732888.0,0.02,-0.01,-0.007,22.71
2023-01-31,95.742,95.739,95.744,95.736,1440159,14434611633.0,0.01,0.00,0.001,12.93
2023-02-01,95.744,95.752,95.754,95.743,1454732,14581972698.0,0.01,0.01,0.013,13.06
2023-02-02,95.755,95.786,95.788,95.754,1453059,14567597794.0,0.04,0.04,0.034,13.04
2023-02-03,95.77,95.83,95.837,95.769,1307248,13110564921.0,0.07,0.05,0.044,11.73
2023-02-06,95.83,95.828,95.83,95.801,1264762,12685616980.0,0.03,0.00,-0.002,11.35
2023-02-07,95.81,95.781,95.817,95.776,1446805,14508638605.0,0.04,-0.05,-0.047,12.99
2023-02-08,95.782,95.786,95.788,95.781,1137552,11406837779.0,0.01,0.01,0.005,10.21
2023-02-09,95.787,95.781,95.79,95.771,1493545,14976016510.0,0.02,-0.01,-0.005,13.41
2023-02-10,95.795,95.804,95.806,95.794,1407026,14111053390.0,0.01,0.02,0.023,12.63
2023-02-13,95.807,95.803,95.808,95.798,1336139,13400519767.0,0.01,0.00,-0.001,11.99
2023-02-14,95.806,95.809,95.81,95.801,1159100,11625276150.0,0.01,0.01,0.006,10.40
2023-02-15,95.811,95.816,95.82,95.809,1028331,10314723836.0,0.01,0.01,0.007,9.23
2023-02-16,95.818,95.815,95.821,95.808,2331179,23382348456.0,0.01,0.00,-0.001,20.93
2023-02-17,95.83,95.836,95.837,95.824,1530671,15355791689.0,0.01,0.02,0.021,13.74
2023-02-20,95.836,95.834,95.844,95.832,1341349,13457482851.0,0.01,0.00,-0.002,12.04
2023-02-21,95.839,95.838,95.841,95.835,1125363,11290616712.0,0.01,0.00,0.004,10.10
2023-02-22,95.841,95.843,95.846,95.84,1173142,11770570408.0,0.01,0.01,0.005,10.53
2023-02-23,95.849,95.852,95.855,95.845,1192695,11967291782.0,0.01,0.01,0.009,10.71
2023-02-24,95.861,95.867,95.87,95.86,1158860,11629879355.0,0.01,0.02,0.015,10.40
2023-02-27,95.869,95.864,95.869,95.863,1363155,13680152018.0,0.01,0.00,-0.003,12.24
2023-02-28,95.866,95.865,95.868,95.854,1620309,16260553432.0,0.01,0.00,0.001,14.55
2023-03-01,95.878,95.877,95.882,95.874,1591674,15975032780.0,0.01,0.01,0.012,14.29
2023-03-02,95.88,95.886,95.887,95.878,1113642,11177867685.0,0.01,0.01,0.009,10.00
2023-03-03,95.897,95.901,95.902,95.895,1403876,14093171317.0,0.01,0.02,0.015,12.60
2023-03-06,95.902,95.911,95.913,95.9,1017434,10214504559.0,0.01,0.01,0.010,9.13
2023-03-07,95.913,95.925,95.932,95.909,1034048,10382356989.0,0.02,0.01,0.014,9.28
2023-03-08,95.919,95.921,95.925,95.916,1044025,10483021279.0,0.01,0.00,-0.004,9.37
2023-03-09,95.926,95.936,95.938,95.922,940837,9447561928.0,0.02,0.02,0.015,8.45
2023-03-10,95.936,95.948,95.96,95.934,1405044,14110987161.0,0.03,0.01,0.012,12.61
2023-03-13,95.95,95.936,95.953,95.934,1373745,13796811479.0,0.02,-0.01,-0.012,12.33
2023-03-14,95.94,95.939,95.945,95.935,1070942,10755419011.0,0.01,0.00,0.003,9.61
2023-03-15,95.942,95.945,95.946,95.933,1369436,13753208027.0,0.01,0.01,0.006,12.29
2023-03-16,95.947,95.946,95.95,95.944,1243602,12490248601.0,0.01,0.00,0.001,11.16
2023-03-17,95.958,95.955,95.962,95.951,2186932,21966923872.0,0.01,0.01,0.009,19.63
2023-03-20,95.963,95.964,95.971,95.96,1583370,15905763704.0,0.01,0.01,0.009,14.21
2023-03-21,95.971,95.968,95.972,95.968,1468829,14755794260.0,0.00,0.00,0.004,13.19
2023-03-22,95.975,95.981,95.983,95.973,1107038,11122129765.0,0.01,0.01,0.013,9.94
2023-03-23,95.982,95.994,95.995,95.981,1539626,15469880302.0,0.01,0.01,0.013,13.82
2023-03-24,95.996,96.004,96.01,95.996,1293130,12995083398.0,0.01,0.01,0.010,11.61
2023-03-27,96.001,96.003,96.009,95.999,1204294,12102295865.0,0.01,0.00,-0.001,10.81
2023-03-28,96.003,96.006,96.007,96.001,1305642,13120965836.0,0.01,0.00,0.003,11.72
2023-03-29,96.008,96.003,96.011,96.003,1797468,18063783617.0,0.01,0.00,-0.003,16.14
2023-03-30,96.003,96.001,96.011,95.989,1414989,14219190094.0,0.02,0.00,-0.002,12.70
2023-03-31,96.022,95.998,96.026,95.994,1777831,17867045727.0,0.03,0.00,-0.003,15.96
2023-04-03,96.039,96.037,96.041,96.034,1893403,19034112278.0,0.01,0.04,0.039,17.00
2023-04-04,96.052,96.06,96.061,96.051,1486470,14946009803.0,0.01,0.02,0.023,13.34
2023-04-06,96.067,96.079,96.081,96.063,1624631,16336849979.0,0.02,0.02,0.019,14.58
2023-04-07,96.085,96.092,96.095,96.079,1395735,14037868738.0,0.02,0.01,0.013,12.53
2023-04-10,96.088,96.085,96.092,96.083,1699527,17093374004.0,0.01,-0.01,-0.007,15.26
2023-04-11,96.089,96.089,96.091,96.087,1739129,17491864293.0,0.00,0.00,0.004,15.61
2023-04-12,96.094,96.099,96.101,96.092,1128989,11356016514.0,0.01,0.01,0.010,10.13
2023-04-13,96.099,96.106,96.108,96.099,1337262,13451993425.0,0.01,0.01,0.007,12.00
2023-04-14,96.112,96.116,96.121,96.11,1450509,14592629101.0,0.01,0.01,0.010,13.02
2023-04-17,96.122,96.124,96.128,96.121,1061992,10684965467.0,0.01,0.01,0.008,9.53
2023-04-18,96.127,96.145,96.148,96.127,1362194,13706504068.0,0.02,0.02,0.021,12.23
2023-04-19,96.137,96.146,96.148,96.136,1047169,10537614098.0,0.01,0.00,0.001,9.40
2023-04-20,96.142,96.143,96.146,96.141,1383693,13924624627.0,0.01,0.00,-0.003,12.42
2023-04-21,96.151,96.156,96.157,96.148,1697143,17080306282.0,0.01,0.01,0.013,15.23
2023-04-24,96.16,96.155,96.161,96.153,1246522,12545832327.0,0.01,0.00,-0.001,11.19
2023-04-25,96.159,96.158,96.16,96.154,1425560,14347795482.0,0.01,0.00,0.003,12.80
2023-04-26,96.16,96.161,96.163,96.155,1547722,15577512411.0,0.01,0.00,0.003,13.89
2023-04-27,96.159,96.181,96.187,96.154,1848650,18607750650.0,0.03,0.02,0.020,16.59
2023-04-28,96.2,96.202,96.209,96.196,1902734,19159031186.0,0.01,0.02,0.021,17.08
2023-05-04,96.203,96.227,96.23,96.203,1352718,13622143752.0,0.03,0.03,0.025,12.14
2023-05-05,96.223,96.252,96.258,96.223,1052830,10604976699.0,0.04,0.03,0.025,9.45
2023-05-08,96.251,96.245,96.252,96.234,1058558,10663098609.0,0.02,-0.01,-0.007,9.50
2023-05-09,96.24,96.246,96.248,96.239,995000,10023050637.0,0.01,0.00,0.001,8.93
2023-05-10,96.246,96.264,96.273,96.245,1198800,12076919000.0,0.03,0.02,0.018,10.76
2023-05-11,96.262,96.294,96.296,96.261,884964,8917386583.0,0.04,0.03,0.030,7.94
2023-05-12,96.285,96.311,96.316,96.285,813119,8195385853.0,0.03,0.02,0.017,7.30
2023-05-15,96.303,96.297,96.312,96.284,1159832,11689800160.0,0.03,-0.01,-0.014,10.41
2023-05-16,96.298,96.29,96.299,96.287,1022688,10307200006.0,0.01,-0.01,-0.007,9.18
2023-05-17,96.288,96.289,96.293,96.279,1348454,13589177339.0,0.01,0.00,-0.001,12.10
2023-05-18,96.286,96.285,96.288,96.282,1222953,12324285831.0,0.01,0.00,-0.004,10.98
2023-05-19,96.295,96.294,96.298,96.292,1255989,12658475842.0,0.01,0.01,0.009,11.27
2023-05-22,96.297,96.299,96.305,96.296,1303270,13135582964.0,0.01,0.01,0.005,11.70
2023-05-23,96.305,96.3,96.306,96.297,1113499,11223006410.0,0.01,0.00,0.001,10.00
2023-05-24,96.308,96.303,96.31,96.302,1549922,15622570514.0,0.01,0.00,0.003,13.91
2023-05-25,96.307,96.308,96.312,96.302,1434146,14455789438.0,0.01,0.01,0.005,12.87
2023-05-26,96.321,96.325,96.328,96.317,1167286,11767640279.0,0.01,0.02,0.017,10.48
2023-05-29,96.328,96.33,96.332,96.328,1019267,10276296516.0,0.00,0.01,0.005,9.15
2023-05-30,96.336,96.33,96.338,96.328,1384782,13962109713.0,0.01,0.00,0.000,12.43
2023-05-31,96.336,96.34,96.341,96.335,1356875,13681148866.0,0.01,0.01,0.010,12.18
2023-06-01,96.345,96.346,96.348,96.343,1368419,13798469982.0,0.01,0.01,0.006,12.28
2023-06-02,96.36,96.361,96.364,96.358,1272830,12836604522.0,0.01,0.02,0.015,11.43
2023-06-05,96.367,96.367,96.37,96.365,1196757,12070244385.0,0.01,0.01,0.006,10.74
2023-06-06,96.374,96.376,96.377,96.373,779532,7862709341.0,0.00,0.01,0.009,7.00
2023-06-07,96.379,96.383,96.386,96.379,1127952,11377841622.0,0.01,0.01,0.007,10.13
2023-06-08,96.386,96.388,96.389,96.383,1221957,12326674516.0,0.01,0.01,0.005,10.97
2023-06-09,96.397,96.382,96.398,96.373,1294816,13062040341.0,0.03,-0.01,-0.006,11.62
2023-06-12,96.391,96.4,96.401,96.391,1305288,13168699448.0,0.01,0.02,0.018,11.72
2023-06-13,96.406,96.402,96.407,96.4,1064862,10743698551.0,0.01,0.00,0.002,9.56
2023-06-14,96.405,96.407,96.408,96.404,1245155,12563114936.0,0.00,0.01,0.005,11.18
2023-06-15,96.411,96.402,96.412,96.396,1913477,19305764443.0,0.02,-0.01,-0.005,17.18
2023-06-16,96.417,96.414,96.419,96.407,2112208,21313072776.0,0.01,0.01,0.012,18.96
2023-06-19,96.424,96.428,96.429,96.422,1602820,16175001858.0,0.01,0.01,0.014,14.39
2023-06-20,96.428,96.431,96.433,96.423,1814928,18316014737.0,0.01,0.00,0.003,16.29
2023-06-21,96.451,96.453,96.458,96.449,1883686,19014596962.0,0.01,0.02,0.022,16.91
2023-06-26,96.457,96.457,96.459,96.453,1933173,19514682133.0,0.01,0.00,0.004,17.35
2023-06-27,96.46,96.465,96.467,96.457,1419883,14333779831.0,0.01,0.01,0.008,12.75
2023-06-28,96.463,96.46,96.467,96.454,1462919,14768503573.0,0.01,-0.01,-0.005,13.13
2023-06-29,96.461,96.45,96.461,96.44,1541733,15561981293.0,0.02,-0.01,-0.010,13.84
2023-06-30,96.484,96.489,96.492,96.476,1669537,16857789438.0,0.02,0.04,0.039,14.99
2023-07-03,96.499,96.505,96.51,96.496,1571994,15876173021.0,0.01,0.02,0.016,14.11
2023-07-04,96.512,96.514,96.514,96.509,823080,8313232162.0,0.01,0.01,0.009,7.39
2023-07-05,96.516,96.522,96.526,96.514,1039956,10504548455.0,0.01,0.01,0.008,9.34
2023-07-06,96.525,96.547,96.566,96.524,1090066,11012188876.0,0.04,0.03,0.025,9.79
2023-07-07,96.551,96.556,96.568,96.544,1171225,11833979038.0,0.02,0.01,0.009,10.51
2023-07-10,96.553,96.546,96.554,96.54,999606,10099621092.0,0.01,-0.01,-0.010,8.97
2023-07-11,96.548,96.547,96.549,96.545,972260,9823342279.0,0.00,0.00,0.001,8.73
2023-07-12,96.548,96.549,96.551,96.547,1010939,10214421983.0,0.00,0.00,0.002,9.07
2023-07-13,96.552,96.553,96.554,96.548,1611067,16278289733.0,0.01,0.00,0.004,14.46
2023-07-14,96.564,96.567,96.57,96.563,1006215,10168380457.0,0.01,0.01,0.014,9.03
2023-07-17,96.564,96.576,96.578,96.56,1640485,16579078075.0,0.02,0.01,0.009,14.73
2023-07-18,96.577,96.593,96.597,96.577,1439242,14546902747.0,0.02,0.02,0.017,12.92
2023-07-19,96.59,96.582,96.595,96.58,1363635,13783504895.0,0.02,-0.01,-0.011,12.24
2023-07-20,96.586,96.591,96.592,96.583,1340990,13554254777.0,0.01,0.01,0.009,12.04
2023-07-21,96.597,96.599,96.602,96.596,1098793,11107518642.0,0.01,0.01,0.008,9.86
2023-07-24,96.601,96.604,96.605,96.6,995084,10059555361.0,0.01,0.01,0.005,8.93
2023-07-25,96.604,96.604,96.606,96.596,1730760,17496539223.0,0.01,0.00,0.000,15.54
2023-07-26,96.609,96.609,96.614,96.605,1597210,16147826053.0,0.01,0.01,0.005,14.34
2023-07-27,96.616,96.62,96.627,96.613,1330422,13451642303.0,0.01,0.01,0.011,11.94
2023-07-28,96.629,96.61,96.63,96.605,1846564,18670450816.0,0.03,-0.01,-0.010,16.58
2023-07-31,96.609,96.619,96.621,96.603,2257048,22819550466.0,0.02,0.01,0.009,20.26
2023-08-01,96.633,96.639,96.641,96.631,1602279,16203320450.0,0.01,0.02,0.020,14.38
2023-08-02,96.645,96.65,96.652,96.642,1153957,11670823731.0,0.01,0.01,0.011,10.36
2023-08-03,96.652,96.67,96.675,96.652,1058743,10708858735.0,0.02,0.02,0.020,9.50
2023-08-04,96.661,96.684,97.11,96.661,1263843,12785013433.0,0.46,0.01,0.014,11.35
2023-08-07,96.679,96.677,96.682,96.674,988150,9996851377.0,0.01,-0.01,-0.007,8.87
2023-08-08,96.676,96.682,96.684,96.676,813006,8225020280.0,0.01,0.01,0.005,7.30
2023-08-09,96.681,96.682,96.685,96.677,931933,9428427307.0,0.01,0.00,0.000,8.37
2023-08-10,96.686,96.688,96.689,96.683,1097718,11106286334.0,0.01,0.01,0.006,9.85
2023-08-11,96.697,96.703,96.711,96.696,1122924,11362912432.0,0.02,0.02,0.015,10.08
2023-08-14,96.704,96.713,96.715,96.704,1220857,12354860234.0,0.01,0.01,0.010,10.96
2023-08-15,96.713,96.725,96.728,96.712,1019426,10317678958.0,0.02,0.01,0.012,9.15
2023-08-16,96.726,96.738,96.738,96.726,894096,9050281765.0,0.01,0.01,0.013,8.03
2023-08-17,96.73,96.714,96.735,96.711,1217572,12323554557.0,0.02,-0.02,-0.024,10.93
2023-08-18,96.726,96.731,96.735,96.726,1278006,12936013845.0,0.01,0.02,0.017,11.47
2023-08-21,96.736,96.744,96.749,96.735,1256138,12715750638.0,0.01,0.01,0.013,11.28
2023-08-22,96.748,96.734,96.768,96.701,1439637,14574161651.0,0.07,-0.01,-0.010,12.92
2023-08-23,96.744,96.741,96.747,96.731,1358302,13750105252.0,0.02,0.01,0.007,12.19
2023-08-24,96.746,96.747,96.748,96.741,1430425,14480885131.0,0.01,0.01,0.006,12.84
2023-08-25,96.758,96.752,96.764,96.75,1628850,16491864326.0,0.01,0.01,0.005,14.62
2023-08-28,96.69,96.754,96.755,96.69,3070761,31084179928.0,0.07,0.00,0.002,27.57
2023-08-29,96.76,96.755,96.764,96.747,2387641,24173672628.0,0.02,0.00,0.001,21.43
2023-08-30,96.756,96.764,96.767,96.751,1697519,17187025747.0,0.02,0.01,0.009,15.24
2023-08-31,96.767,96.774,96.777,96.767,1218734,12341134429.0,0.01,0.01,0.010,10.94
2023-09-01,96.785,96.816,96.821,96.783,1260963,12772022556.0,0.04,0.04,0.042,11.32
2023-09-04,96.806,96.809,96.815,96.801,1060378,10741676902.0,0.01,-0.01,-0.007,9.52
2023-09-05,96.805,96.801,96.81,96.791,1023625,10368851804.0,0.02,-0.01,-0.008,9.19
2023-09-06,96.811,96.803,96.814,96.799,1514298,15339141359.0,0.02,0.00,0.002,13.59
2023-09-07,96.809,96.811,96.813,96.805,1275562,12921255459.0,0.01,0.01,0.008,11.45
2023-09-08,96.817,96.819,96.825,96.816,1445906,14648491725.0,0.01,0.01,0.008,12.98
2023-09-11,96.828,96.822,96.83,96.821,1302470,13195883711.0,0.01,0.00,0.003,11.69
2023-09-12,96.829,96.824,96.83,96.823,987149,10001491057.0,0.01,0.00,0.002,8.86
2023-09-13,96.831,96.832,96.847,96.828,1147708,11629128364.0,0.02,0.01,0.008,10.30
2023-09-14,96.85,96.83,96.852,96.82,1385638,14039981721.0,0.03,0.00,-0.002,12.44
2023-09-15,96.843,96.841,96.85,96.839,1333503,13512963812.0,0.01,0.01,0.011,11.97
2023-09-18,96.85,96.845,96.85,96.843,1180104,11958839910.0,0.01,0.00,0.004,10.59
2023-09-19,96.85,96.848,96.851,96.847,1142452,11577521903.0,0.00,0.00,0.003,10.26
2023-09-20,96.853,96.852,96.854,96.851,776283,7866993157.0,0.00,0.00,0.004,6.97
2023-09-21,96.855,96.851,96.857,96.848,995685,10090493088.0,0.01,0.00,-0.001,8.94
2023-09-22,96.866,96.856,96.867,96.852,1724005,17472624681.0,0.02,0.01,0.005,15.48
2023-09-25,96.867,96.877,96.878,96.865,1435395,14549598878.0,0.01,0.02,0.021,12.89
2023-09-26,96.878,96.878,96.881,96.874,1322239,13403156658.0,0.01,0.00,0.001,11.87
2023-09-27,96.873,96.887,96.91,96.826,2008685,20359321021.0,0.09,0.01,0.009,18.03
2023-09-28,96.94,96.956,96.964,96.939,1720904,17457673707.0,0.03,0.07,0.069,15.45
2023-10-09,96.959,96.977,96.984,96.957,1339238,13586951734.0,0.03,0.02,0.021,12.02
2023-10-10,96.969,96.996,97.0,96.969,1049081,10645013677.0,0.03,0.02,0.019,9.42
2023-10-11,96.989,96.982,97.004,96.974,1190372,12079208228.0,0.03,-0.01,-0.014,10.69
2023-10-12,96.973,96.983,96.985,96.972,1023427,10384396216.0,0.01,0.00,0.001,9.19
2023-10-13,96.994,97.001,97.011,96.992,1090033,11062558509.0,0.02,0.02,0.018,9.78
2023-10-16,97.001,97.001,97.006,96.999,745876,7570073734.0,0.01,0.00,0.000,6.70
2023-10-17,97.007,97.007,97.011,97.004,1495842,15182411909.0,0.01,0.01,0.006,13.43
2023-10-18,97.009,97.028,97.039,97.009,1206659,12248811036.0,0.03,0.02,0.021,10.83
2023-10-19,97.025,97.039,97.05,97.022,1058179,10742189032.0,0.03,0.01,0.011,9.50
2023-10-20,97.03,97.036,97.038,97.025,1337343,13576949013.0,0.01,0.00,-0.003,12.01
2023-10-23,97.029,97.039,97.043,97.028,985456,10004793205.0,0.02,0.00,0.003,8.85
2023-10-24,97.035,97.039,97.042,97.032,980995,9959734258.0,0.01,0.00,0.000,8.81
2023-10-25,97.034,97.027,97.037,97.025,1578450,16024363359.0,0.01,-0.01,-0.012,14.17
2023-10-26,97.033,97.026,97.035,97.024,1141314,11586713441.0,0.01,0.00,-0.001,10.25
2023-10-27,97.045,97.04,97.046,97.032,1460983,14833345741.0,0.01,0.01,0.014,13.11
2023-10-30,97.049,97.048,97.05,97.045,1352368,13731511028.0,0.01,0.01,0.008,12.14
2023-10-31,97.052,97.057,97.06,97.05,1136584,11541578306.0,0.01,0.01,0.009,10.20
2023-11-01,97.062,97.082,97.084,97.061,1275333,12952077981.0,0.02,0.03,0.025,11.45
2023-11-02,97.08,97.093,97.097,97.078,766806,7788736662.0,0.02,0.01,0.011,6.88
2023-11-03,97.091,97.084,97.096,97.08,1547807,15722099605.0,0.02,-0.01,-0.009,13.89
2023-11-06,97.088,97.08,97.088,97.074,1913177,19431936398.0,0.01,0.00,-0.004,17.17
2023-11-07,97.081,97.096,97.099,97.077,1236749,12562807714.0,0.02,0.02,0.016,11.10
2023-11-08,97.103,97.098,97.106,97.097,1100333,11178293050.0,0.01,0.00,0.002,9.88
2023-11-09,97.105,97.103,97.106,97.1,827403,8405793353.0,0.01,0.01,0.005,7.43
2023-11-10,97.114,97.117,97.12,97.113,999117,10151625885.0,0.01,0.01,0.014,8.97
2023-11-13,97.118,97.121,97.121,97.118,844014,8576013576.0,0.00,0.00,0.004,7.58
2023-11-14,97.128,97.124,97.129,97.122,1017517,10339444219.0,0.01,0.00,0.003,9.13
2023-11-15,97.122,97.124,97.125,97.12,1119389,11374477042.0,0.01,0.00,0.000,10.05
2023-11-16,97.129,97.144,97.148,97.126,855685,8695995679.0,0.02,0.02,0.020,7.68
2023-11-17,97.152,97.152,97.161,97.149,878170,8926265767.0,0.01,0.01,0.008,7.88
2023-11-20,97.155,97.169,97.178,97.155,1158731,11778420086.0,0.02,0.02,0.017,10.40
2023-11-21,97.162,97.168,97.173,97.159,1101782,11199899372.0,0.01,0.00,-0.001,9.89
2023-11-22,97.17,97.173,97.176,97.169,795964,8091858115.0,0.01,0.01,0.005,7.15
2023-11-23,97.171,97.178,97.185,97.168,856616,8708728109.0,0.02,0.01,0.005,7.69
2023-11-24,97.184,97.202,97.208,97.184,764168,7770550737.0,0.02,0.02,0.024,6.86
2023-11-27,97.193,97.194,97.195,97.181,867275,8818446718.0,0.01,-0.01,-0.008,7.79
2023-11-28,97.2,97.193,97.205,97.184,875638,8904382141.0,0.02,0.00,-0.001,7.86
2023-11-29,97.196,97.193,97.198,97.186,1227996,12486348319.0,0.01,0.00,0.000,11.02
2023-11-30,97.196,97.201,97.203,97.193,1073789,10919035753.0,0.01,0.01,0.008,9.64
2023-12-01,97.215,97.231,97.238,97.212,1192076,12125096355.0,0.03,0.03,0.030,10.70
2023-12-04,97.237,97.234,97.238,97.231,1277044,12990469618.0,0.01,0.00,0.003,11.46
2023-12-05,97.238,97.237,97.245,97.235,1376544,14003519958.0,0.01,0.00,0.003,12.36
2023-12-06,97.238,97.238,97.241,97.232,1438147,14629736402.0,0.01,0.00,0.001,12.91
2023-12-07,97.247,97.248,97.251,97.24,1476923,15025380488.0,0.01,0.01,0.010,13.26
2023-12-08,97.259,97.233,97.26,97.226,1858908,18912359227.0,0.03,-0.02,-0.015,16.69
2023-12-11,97.253,97.255,97.259,97.245,1874784,19074570630.0,0.01,0.02,0.022,16.83
2023-12-12,97.257,97.273,97.277,97.254,1404333,14289644445.0,0.02,0.02,0.018,12.61
2023-12-13,97.27,97.286,97.287,97.269,1375511,13997771987.0,0.02,0.01,0.013,12.35
2023-12-14,97.285,97.287,97.288,97.279,1903799,19375654312.0,0.01,0.00,0.001,17.09
2023-12-15,97.289,97.294,97.303,97.283,2357515,23994926587.0,0.02,0.01,0.007,21.16
2023-12-18,97.297,97.295,97.299,97.292,1930707,19651621715.0,0.01,0.00,0.001,17.33
2023-12-19,97.298,97.298,97.305,97.295,1597181,16257481541.0,0.01,0.00,0.003,14.34
2023-12-20,97.308,97.306,97.32,97.304,2272431,23133697483.0,0.02,0.01,0.008,20.40
2023-12-21,97.313,97.302,97.316,97.287,2039831,20764663493.0,0.03,0.00,-0.004,18.31
2023-12-22,97.323,97.321,97.334,97.318,1847133,18806469741.0,0.02,0.02,0.019,16.58
2023-12-25,97.333,97.333,97.334,97.328,1643275,16731936296.0,0.01,0.01,0.012,14.75
2023-12-26,97.333,97.332,97.334,97.323,1709354,17404273513.0,0.01,0.00,-0.001,15.34
2023-12-27,97.33,97.335,97.339,97.324,1598016,16271330439.0,0.02,0.00,0.003,14.35
2023-12-28,97.33,97.319,97.339,97.309,1788686,18210692788.0,0.03,-0.02,-0.016,16.06
2023-12-29,97.374,97.376,97.381,97.372,1410680,14118564778.0,0.01,0.06,0.057,12.66
2024-01-02,97.387,97.404,97.406,97.387,1114354,11154660403.0,0.02,0.03,0.028,10.00
2024-01-03,97.407,97.406,97.412,97.4,1133438,11347331651.0,0.01,0.00,0.002,10.17
2024-01-04,97.406,97.413,97.414,97.406,748002,7488800830.0,0.01,0.01,0.007,6.71
2024-01-05,97.429,97.431,97.437,97.427,1088850,10903498293.0,0.01,0.02,0.018,9.77
2024-01-08,97.43,97.431,97.433,97.427,912218,9134624783.0,0.01,0.00,0.000,8.19
2024-01-09,97.431,97.435,97.441,97.428,865742,8669524788.0,0.01,0.00,0.004,7.77
2024-01-10,97.442,97.443,97.445,97.439,1007863,10093641726.0,0.01,0.01,0.008,9.05
2024-01-11,97.444,97.441,97.448,97.436,1555939,15582534138.0,0.01,0.00,-0.002,13.97
2024-01-12,97.458,97.463,97.468,97.457,1054638,10564198629.0,0.01,0.02,0.022,9.47
2024-01-15,97.469,97.472,97.474,97.466,869360,8708829940.0,0.01,0.01,0.009,7.80
2024-01-16,97.474,97.471,97.474,97.469,895412,8970092688.0,0.01,0.00,-0.001,8.04
2024-01-17,97.472,97.475,97.476,97.47,907186,9088231477.0,0.01,0.00,0.004,8.14
2024-01-18,97.474,97.484,97.492,97.468,1168408,11705075274.0,0.02,0.01,0.009,10.49
2024-01-19,97.492,97.501,97.508,97.491,1229195,12317343423.0,0.02,0.02,0.017,11.03
2024-01-22,97.502,97.517,97.521,97.502,842316,8441192657.0,0.02,0.02,0.016,7.56
2024-01-23,97.51,97.509,97.515,97.499,1817786,18216642065.0,0.02,-0.01,-0.008,16.32
2024-01-24,97.509,97.509,97.513,97.502,1426085,14291502034.0,0.01,0.00,0.000,12.80
2024-01-25,97.511,97.498,97.513,97.491,1238601,12412197573.0,0.02,-0.01,-0.011,11.12
2024-01-26,97.518,97.526,97.529,97.515,1750706,17547325274.0,0.01,0.03,0.028,15.72
2024-01-29,97.532,97.534,97.536,97.529,1138090,11408182383.0,0.01,0.01,0.008,10.22
2024-01-30,97.539,97.547,97.55,97.538,1061805,10644378512.0,0.01,0.01,0.013,9.53
2024-01-31,97.547,97.553,97.555,97.544,1040148,10428111293.0,0.01,0.01,0.006,9.34
2024-02-01,97.555,97.561,97.562,97.549,1093340,10962067839.0,0.01,0.01,0.008,9.81
2024-02-02,97.568,97.573,97.575,97.566,964425,9671091951.0,0.01,0.01,0.012,8.66
2024-02-05,97.577,97.58,97.582,97.573,1307160,13108704099.0,0.01,0.01,0.007,11.73
2024-02-06,97.583,97.572,97.583,97.558,1518467,15227743424.0,0.03,-0.01,-0.008,13.63
2024-02-07,97.574,97.59,97.594,97.564,2512693,25197326642.0,0.03,0.02,0.018,22.56
2024-02-08,97.629,97.686,97.689,97.592,2590681,25994985528.0,0.10,0.10,0.096,23.26
2024-02-19,97.641,97.639,97.648,97.632,2480000,24885602100.0,0.02,-0.05,-0.047,22.26
2024-02-20,97.643,97.646,97.647,97.643,1323872,13285326240.0,0.00,0.01,0.007,11.88
2024-02-21,97.652,97.643,97.653,97.641,1706642,17126610289.0,0.01,0.00,-0.003,15.32
2024-02-22,97.651,97.646,97.651,97.646,1303423,13080531025.0,0.01,0.00,0.003,11.70
2024-02-23,97.663,97.662,97.665,97.656,1483790,14892673189.0,0.01,0.02,0.016,13.32
2024-02-26,97.668,97.669,97.67,97.666,1125442,11296676649.0,0.00,0.01,0.007,10.10
2024-02-27,97.675,97.671,97.677,97.667,1191226,11957646011.0,0.01,0.00,0.002,10.69
2024-02-28,97.674,97.67,97.675,97.666,1428637,14340313065.0,0.01,0.00,-0.001,12.82
2024-02-29,97.664,97.667,97.674,97.659,1409925,14152007744.0,0.02,0.00,-0.003,12.66
2024-03-01,97.694,97.695,97.707,97.694,1514607,15207647543.0,0.01,0.03,0.028,13.60
2024-03-04,97.708,97.706,97.709,97.705,879347,8829953081.0,0.00,0.01,0.011,7.89
2024-03-05,97.714,97.715,97.718,97.713,867885,8715467755.0,0.01,0.01,0.009,7.79
2024-03-06,97.723,97.722,97.725,97.717,1139425,11443049203.0,0.01,0.01,0.007,10.23
2024-03-07,97.724,97.725,97.726,97.723,834655,8382546178.0,0.00,0.00,0.003,7.49
2024-03-08,97.738,97.735,97.74,97.733,894474,8984456190.0,0.01,0.01,0.010,8.03
2024-03-11,97.741,97.737,97.742,97.737,996633,10010756631.0,0.01,0.00,0.002,8.95
2024-03-12,97.744,97.742,97.745,97.741,1175107,11803842048.0,0.00,0.01,0.005,10.55
2024-03-13,97.742,97.747,97.748,97.738,1176269,11815643609.0,0.01,0.01,0.005,10.56
2024-03-14,97.745,97.756,97.758,97.733,860335,8642368657.0,0.03,0.01,0.009,7.72
2024-03-15,97.771,97.771,97.775,97.769,857091,8611971181.0,0.01,0.02,0.015,7.69
2024-03-18,97.776,97.776,97.778,97.774,950254,9548403533.0,0.00,0.01,0.005,8.53
2024-03-19,97.779,97.779,97.786,97.777,994249,9991029554.0,0.01,0.00,0.003,8.93
2024-03-20,97.783,97.785,97.788,97.782,732112,7357102089.0,0.01,0.01,0.006,6.57
2024-03-21,97.788,97.791,97.795,97.787,897658,9021143409.0,0.01,0.01,0.006,8.06
2024-03-22,97.808,97.807,97.811,97.805,872946,8774390843.0,0.01,0.02,0.016,7.84
2024-03-25,97.81,97.825,97.827,97.81,1018448,10237681889.0,0.02,0.02,0.018,9.14
2024-03-26,97.819,97.822,97.828,97.818,1556521,15647535461.0,0.01,0.00,-0.003,13.97
2024-03-27,97.824,97.813,97.826,97.81,1086158,10918923387.0,0.02,-0.01,-0.009,9.75
2024-03-28,97.812,97.806,97.815,97.786,1169953,11759423928.0,0.03,-0.01,-0.007,10.50
2024-03-29,97.839,97.861,97.868,97.833,1112327,11184725664.0,0.04,0.06,0.055,9.99
2024-04-01,97.855,97.852,97.86,97.85,1112189,11184312224.0,0.01,-0.01,-0.009,9.98
2024-04-02,97.859,97.883,97.886,97.855,971750,9773467430.0,0.03,0.03,0.031,8.72
2024-04-03,97.892,97.913,97.922,97.892,891978,8974439468.0,0.03,0.03,0.030,8.01
2024-04-08,97.909,97.926,97.933,97.904,836620,8418136484.0,0.03,0.01,0.013,7.51
2024-04-09,97.91,97.915,97.922,97.909,1017603,10239376016.0,0.01,-0.01,-0.011,9.13
2024-04-10,97.908,97.915,97.916,97.908,871838,8772197318.0,0.01,0.00,0.000,7.83
2024-04-11,97.913,97.895,97.915,97.891,1139160,11461415155.0,0.02,-0.02,-0.020,10.23
2024-04-12,97.91,97.911,97.913,97.909,865677,8710240397.0,0.00,0.02,0.016,7.77
2024-04-15,97.915,97.911,97.916,97.91,1047764,10542581175.0,0.01,0.00,0.000,9.41
2024-04-16,97.917,97.919,97.92,97.916,1020687,10270616676.0,0.00,0.01,0.008,9.16
2024-04-17,97.921,97.917,97.923,97.916,1584723,15946481153.0,0.01,0.00,-0.002,14.23
2024-04-18,97.923,97.925,97.927,97.922,1606638,16167816033.0,0.01,0.01,0.008,14.42
2024-04-19,97.942,97.937,97.943,97.936,878523,8842160735.0,0.01,0.01,0.012,7.89
2024-04-22,97.943,97.941,97.944,97.94,1370925,13798130251.0,0.00,0.00,0.004,12.31
2024-04-23,97.947,97.947,97.948,97.946,936278,9423993241.0,0.00,0.01,0.006,8.40
2024-04-24,97.952,97.947,97.953,97.945,1397162,14063294224.0,0.01,0.00,0.000,12.54
2024-04-25,97.952,97.955,97.956,97.95,1389036,13981980480.0,0.01,0.01,0.008,12.47
2024-04-26,97.968,97.955,97.97,97.95,2173513,21880513540.0,0.02,0.00,0.000,19.51
2024-04-29,97.961,97.965,97.966,97.954,2262310,22774036627.0,0.01,0.01,0.010,20.31
2024-04-30,97.991,97.998,98.005,97.989,1511504,15221406006.0,0.02,0.03,0.033,13.57
2024-05-06,97.996,97.999,98.002,97.993,1493962,15044829359.0,0.01,0.00,0.001,13.41
2024-05-07,98.006,98.008,98.009,98.005,865697,8718760591.0,0.00,0.01,0.009,7.77
2024-05-08,98.012,98.014,98.017,98.011,884353,8907273315.0,0.01,0.01,0.006,7.94
2024-05-09,98.017,98.011,98.018,98.009,934260,9409855398.0,0.01,0.00,-0.003,8.39
2024-05-10,98.024,98.032,98.038,98.023,1100264,11083719098.0,0.02,0.02,0.021,9.88
2024-05-13,98.032,98.031,98.035,98.03,840260,8464720423.0,0.01,0.00,-0.001,7.54
2024-05-14,98.036,98.036,98.038,98.033,786285,7921257087.0,0.01,0.01,0.005,7.06
2024-05-15,98.041,98.04,98.042,98.039,584923,5892967641.0,0.00,0.00,0.004,5.25
2024-05-16,98.044,98.042,98.045,98.041,1147026,11556275982.0,0.00,0.00,0.002,10.30
2024-05-17,98.057,98.051,98.058,98.048,1172334,11812589845.0,0.01,0.01,0.009,10.52
2024-05-20,98.054,98.06,98.062,98.053,1482684,14939840162.0,0.01,0.01,0.009,13.31
2024-05-21,98.06,98.063,98.066,98.058,1117514,11261168301.0,0.01,0.00,0.003,10.03
2024-05-22,98.069,98.069,98.07,98.065,925231,9323964137.0,0.01,0.01,0.006,8.31
2024-05-23,98.073,98.089,98.09,98.071,873971,8808407723.0,0.02,0.02,0.020,7.85
2024-05-24,98.09,98.111,98.115,98.09,936685,9442409791.0,0.03,0.02,0.022,8.41
2024-05-27,98.098,98.103,98.109,98.098,1113304,11223462413.0,0.01,-0.01,-0.008,9.99
2024-05-28,98.101,98.1,98.103,98.098,1164363,11737613988.0,0.01,0.00,-0.003,10.45
2024-05-29,98.103,98.093,98.104,98.091,980816,9887292365.0,0.01,-0.01,-0.007,8.80
2024-05-30,98.101,98.109,98.111,98.098,1103163,11121080995.0,0.01,0.02,0.016,9.90
2024-05-31,98.117,98.111,98.12,98.106,1337715,13486741258.0,0.01,0.00,0.002,12.01
2024-06-03,98.118,98.124,98.125,98.116,1259921,12703363064.0,0.01,0.01,0.013,11.31
2024-06-04,98.128,98.123,98.135,98.122,906678,9142608469.0,0.01,0.00,-0.001,8.14
2024-06-05,98.131,98.131,98.136,98.13,812524,8193462609.0,0.01,0.01,0.008,7.29
2024-06-06,98.137,98.139,98.142,98.134,955692,9637597548.0,0.01,0.01,0.008,8.58
2024-06-07,98.153,98.154,98.159,98.15,1198261,12085687403.0,0.01,0.02,0.015,10.76
2024-06-11,98.156,98.154,98.157,98.152,852515,8598702409.0,0.01,0.00,0.000,7.65
2024-06-12,98.158,98.156,98.162,98.154,1409347,14215396404.0,0.01,0.00,0.002,12.65
2024-06-13,98.159,98.158,98.161,98.156,917944,9258899919.0,0.01,0.00,0.002,8.24
2024-06-14,98.171,98.163,98.172,98.162,1085096,10945867035.0,0.01,0.01,0.005,9.74
2024-06-17,98.174,98.175,98.177,98.173,1197423,12079831981.0,0.00,0.01,0.012,10.75
2024-06-18,98.18,98.179,98.181,98.178,1353179,13651722192.0,0.00,0.00,0.004,12.15
2024-06-19,98.184,98.184,98.188,98.182,1258369,12695954211.0,0.01,0.01,0.005,11.30
2024-06-20,98.19,98.189,98.191,98.185,965886,9745412774.0,0.01,0.01,0.005,8.67
2024-06-21,98.201,98.199,98.202,98.197,846906,8545780222.0,0.01,0.01,0.010,7.60
2024-06-24,98.202,98.206,98.207,98.201,1266597,12781253843.0,0.01,0.01,0.007,11.37
2024-06-25,98.209,98.206,98.21,98.205,1078692,10885510787.0,0.01,0.00,0.000,9.68
2024-06-26,98.209,98.209,98.21,98.207,1009472,10187133637.0,0.00,0.00,0.003,9.06
2024-06-27,98.212,98.218,98.22,98.208,1146196,11567415267.0,0.01,0.01,0.009,10.29
2024-06-28,98.227,98.226,98.231,98.223,1299602,13117296299.0,0.01,0.01,0.008,11.67
2024-07-01,98.232,98.24,98.241,98.23,910610,9191943485.0,0.01,0.01,0.014,8.17
2024-07-02,98.243,98.252,98.253,98.242,633437,6394713233.0,0.01,0.01,0.012,5.69
2024-07-03,98.26,98.247,98.262,98.247,647613,6538259614.0,0.02,-0.01,-0.005,5.81
2024-07-04,98.252,98.256,98.258,98.248,582060,5876383327.0,0.01,0.01,0.009,5.23
2024-07-05,98.259,98.262,98.263,98.258,958953,9682324952.0,0.01,0.01,0.006,8.61
2024-07-08,98.264,98.265,98.266,98.263,676720,6832920387.0,0.00,0.00,0.003,6.07
2024-07-09,98.266,98.26,98.267,98.259,1114096,11248991454.0,0.01,-0.01,-0.005,10.00
2024-07-10,98.266,98.266,98.266,98.263,750933,7582296682.0,0.00,0.01,0.006,6.74
2024-07-11,98.267,98.267,98.269,98.264,1258929,12711827755.0,0.01,0.00,0.001,11.30
2024-07-12,98.278,98.279,98.281,98.277,857948,8664066116.0,0.00,0.01,0.012,7.70
2024-07-15,98.286,98.289,98.289,98.284,940669,9500113435.0,0.01,0.01,0.010,8.44
2024-07-16,98.291,98.288,98.295,98.287,733971,7412968541.0,0.01,0.00,-0.001,6.59
2024-07-17,98.293,98.292,98.294,98.291,546039,5514943306.0,0.00,0.00,0.004,4.90
2024-07-18,98.294,98.293,98.296,98.291,836887,8452637256.0,0.01,0.00,0.001,7.51
2024-07-19,98.306,98.31,98.393,98.303,722756,7300775151.0,0.09,0.02,0.017,6.49
2024-07-22,98.309,98.306,98.31,98.305,770261,7780777022.0,0.01,0.00,-0.004,6.91
2024-07-23,98.311,98.312,98.312,98.309,951418,9610962425.0,0.00,0.01,0.006,8.54
2024-07-24,98.316,98.315,98.317,98.314,977330,9873242019.0,0.00,0.00,0.003,8.77
2024-07-25,98.319,98.317,98.32,98.315,1264847,12778003893.0,0.01,0.00,0.002,11.35
2024-07-26,98.329,98.328,98.33,98.327,990047,10002941895.0,0.00,0.01,0.011,8.89
2024-07-29,98.331,98.333,98.334,98.33,715060,7224896222.0,0.00,0.01,0.005,6.42
2024-07-30,98.337,98.337,98.339,98.334,873539,8826572887.0,0.01,0.00,0.004,7.84
2024-07-31,98.34,98.331,98.342,98.324,1825315,18443118558.0,0.02,-0.01,-0.006,16.39
2024-08-01,98.338,98.346,98.349,98.338,1242734,12557876618.0,0.01,0.02,0.015,11.16
2024-08-02,98.358,98.362,98.362,98.358,717775,7254318884.0,0.00,0.02,0.016,6.44
2024-08-05,98.364,98.372,98.383,98.36,1007798,10185881827.0,0.02,0.01,0.010,9.05
2024-08-06,98.369,98.372,98.374,98.364,1000153,10108958584.0,0.01,0.00,0.000,8.98
2024-08-07,98.371,98.377,98.381,98.37,846817,8559601504.0,0.01,0.01,0.005,7.60
2024-08-08,98.379,98.372,98.384,98.371,688165,6956287229.0,0.01,-0.01,-0.005,6.18
2024-08-09,98.384,98.388,98.39,98.383,828970,8380182392.0,0.01,0.02,0.016,7.44
2024-08-12,98.389,98.392,98.393,98.388,750139,7583647517.0,0.01,0.00,0.004,6.73
2024-08-13,98.392,98.394,98.395,98.39,959342,9698846054.0,0.01,0.00,0.002,8.61
2024-08-14,98.396,98.396,98.397,98.394,683577,6911122353.0,0.00,0.00,0.002,6.14
2024-08-15,98.401,98.399,98.404,98.392,1172225,11851810775.0,0.01,0.00,0.003,10.52
2024-08-16,98.409,98.414,98.414,98.408,933039,9434714408.0,0.01,0.02,0.015,8.38
2024-08-19,98.416,98.415,98.417,98.412,715220,7232404762.0,0.01,0.00,0.001,6.42
2024-08-20,98.416,98.422,98.427,98.415,940811,9513897754.0,0.01,0.01,0.007,8.45
2024-08-21,98.422,98.42,98.423,98.42,741977,7503488856.0,0.00,0.00,-0.002,6.66
2024-08-22,98.426,98.433,98.436,98.426,921364,9318188750.0,0.01,0.01,0.013,8.27
2024-08-23,98.443,98.437,98.443,98.434,592320,5991083363.0,0.01,0.00,0.004,5.32
2024-08-26,98.44,98.439,98.442,98.438,652763,6602500691.0,0.00,0.00,0.002,5.86
2024-08-27,98.444,98.443,98.445,98.442,672406,6801411730.0,0.00,0.00,0.004,6.04
2024-08-28,98.448,98.447,98.449,98.446,720094,7284061966.0,0.00,0.00,0.004,6.46
2024-08-29,98.452,98.444,98.452,98.443,1199321,12131683084.0,0.01,0.00,-0.003,10.77
2024-08-30,98.459,98.452,98.461,98.447,1438592,14552667608.0,0.01,0.01,0.008,12.91
2024-09-02,98.463,98.482,98.486,98.462,1155475,11690562454.0,0.02,0.03,0.030,10.37
2024-09-03,98.485,98.475,98.486,98.469,873234,8835374268.0,0.02,-0.01,-0.007,7.84
2024-09-04,98.474,98.48,98.482,98.473,544991,5514362666.0,0.01,0.01,0.005,4.89
2024-09-05,98.493,98.487,98.493,98.481,925030,9360568902.0,0.01,0.01,0.007,8.30
2024-09-06,98.489,98.499,98.502,98.489,725674,7343913835.0,0.01,0.01,0.012,6.51
2024-09-09,98.498,98.492,98.501,98.491,900321,9111336224.0,0.01,-0.01,-0.007,8.08
2024-09-10,98.497,98.494,98.498,98.492,1083260,10962805085.0,0.01,0.00,0.002,9.72
2024-09-11,98.499,98.497,98.5,98.496,830282,8402837421.0,0.00,0.00,0.003,7.45
2024-09-12,98.502,98.496,98.502,98.494,952813,9642895364.0,0.01,0.00,-0.001,8.55
2024-09-13,98.52,98.521,98.523,98.518,696756,7053042403.0,0.01,0.03,0.025,6.25
2024-09-18,98.523,98.514,98.524,98.507,1171393,11857390905.0,0.02,-0.01,-0.007,10.52
2024-09-19,98.518,98.515,98.52,98.491,839373,8496026345.0,0.03,0.00,0.001,7.53
2024-09-20,98.537,98.541,98.542,98.536,869843,8806807100.0,0.01,0.03,0.026,7.81
2024-09-23,98.544,98.542,98.547,98.54,1217177,12323920081.0,0.01,0.00,0.001,10.93
2024-09-24,98.545,98.528,98.546,98.525,2234891,22626984404.0,0.02,-0.01,-0.014,20.06
2024-09-25,98.522,98.548,98.549,98.506,2044758,20700810498.0,0.04,0.02,0.020,18.36
2024-09-26,98.549,98.539,98.552,98.537,1736444,17581418923.0,0.02,-0.01,-0.009,15.59
2024-09-27,98.503,98.608,98.662,98.461,1043929,10566288470.0,0.20,0.07,0.069,9.37
2024-09-30,98.503,98.587,98.627,98.498,1861213,18848114606.0,0.13,-0.02,-0.021,16.71
2024-10-08,98.301,98.593,98.599,98.293,2457612,24882297816.0,0.31,0.01,0.006,22.06
2024-10-09,98.602,98.611,98.628,98.595,1679351,17013703554.0,0.03,0.02,0.018,15.08
2024-10-10,98.605,98.671,98.679,98.605,1059939,10739992841.0,0.08,0.06,0.060,9.51
2024-10-11,98.653,98.765,98.781,98.65,875849,8882946164.0,0.13,0.10,0.094,7.86
2024-10-14,98.683,98.781,98.785,98.682,798969,8106032032.0,0.10,0.02,0.016,7.17
2024-10-15,98.733,98.672,98.757,98.639,1291520,13094688903.0,0.12,-0.11,-0.109,11.59
2024-10-16,98.635,98.629,98.637,98.628,1389307,14079089428.0,0.01,-0.04,-0.043,12.47
2024-10-17,98.629,98.634,98.634,98.628,1048158,10621865690.0,0.01,0.01,0.005,9.41
2024-10-18,98.638,98.585,98.642,98.538,2006513,20329209628.0,0.11,-0.05,-0.049,18.01
2024-10-21,98.593,98.641,98.645,98.593,1255164,12719515215.0,0.05,0.06,0.056,11.27
2024-10-22,98.644,98.648,98.648,98.64,1096554,11113749613.0,0.01,0.01,0.007,9.84
2024-10-23,98.648,98.65,98.651,98.643,1024454,10383193754.0,0.01,0.00,0.002,9.20
2024-10-24,98.658,98.666,98.672,98.656,1133203,11487040285.0,0.02,0.02,0.016,10.17
2024-10-25,98.671,98.665,98.679,98.664,1591606,16134967614.0,0.02,0.00,-0.001,14.29
2024-10-28,98.669,98.671,98.672,98.668,1012950,10268932132.0,0.00,0.01,0.006,9.09
2024-10-29,98.669,98.672,98.674,98.665,1192444,12088512851.0,0.01,0.00,0.001,10.70
2024-10-30,98.676,98.678,98.679,98.672,615878,6243888123.0,0.01,0.01,0.006,5.53
2024-10-31,98.684,98.687,98.69,98.679,1355676,13745244868.0,0.01,0.01,0.009,12.17
2024-11-01,98.7,98.703,98.715,98.695,1074020,10891681722.0,0.02,0.02,0.016,9.64
2024-11-04,98.711,98.706,98.711,98.699,861281,8734331098.0,0.01,0.00,0.003,7.73
2024-11-05,98.708,98.699,98.708,98.698,1608634,16312845466.0,0.01,-0.01,-0.007,14.44
2024-11-06,98.703,98.712,98.715,98.701,1579573,16019216662.0,0.01,0.01,0.013,14.18
2024-11-07,98.715,98.7,98.715,98.695,1220851,12381068190.0,0.02,-0.01,-0.012,10.96
2024-11-08,98.703,98.723,98.725,98.694,1876065,19026181024.0,0.03,0.02,0.023,16.84
2024-11-11,98.722,98.726,98.731,98.716,808847,8204120945.0,0.02,0.00,0.003,7.26
2024-11-12,98.728,98.734,98.738,98.727,975477,9895211395.0,0.01,0.01,0.008,8.76
2024-11-13,98.736,98.733,98.743,98.731,1108364,11243565527.0,0.01,0.00,-0.001,9.95
2024-11-14,98.738,98.737,98.739,98.734,891545,9044193735.0,0.01,0.00,0.004,8.00
2024-11-15,98.745,98.741,98.747,98.738,1312388,13314022513.0,0.01,0.00,0.004,11.78
2024-11-18,98.741,98.744,98.744,98.74,985221,9994964936.0,0.00,0.00,0.003,8.84
2024-11-19,98.746,98.746,98.748,98.742,886502,8993759090.0,0.01,0.00,0.002,7.96
2024-11-20,98.754,98.758,98.76,98.754,1053556,10689743897.0,0.01,0.01,0.012,9.46
2024-11-21,98.76,98.763,98.767,98.76,1249122,12674781541.0,0.01,0.01,0.005,11.21
2024-11-22,98.773,98.783,98.788,98.771,1147757,11647944031.0,0.02,0.02,0.020,10.30
2024-11-25,98.778,98.773,98.78,98.771,1423987,14450847915.0,0.01,-0.01,-0.010,12.78
2024-11-26,98.775,98.778,98.779,98.77,1276862,12957738224.0,0.01,0.01,0.005,11.46
2024-11-27,98.779,98.775,98.782,98.772,864953,8778002816.0,0.01,0.00,-0.003,7.76
2024-11-28,98.783,98.788,98.79,98.783,1566929,15903234311.0,0.01,0.01,0.013,14.07
2024-11-29,98.797,98.789,98.799,98.782,1915924,19446085396.0,0.02,0.00,0.001,17.20
2024-12-02,98.796,98.801,98.802,98.794,1960380,19898752713.0,0.01,0.01,0.012,17.60
2024-12-03,98.807,98.806,98.809,98.8,1405615,14268608365.0,0.01,0.01,0.005,12.62
2024-12-04,98.81,98.818,98.82,98.807,1139565,11568656059.0,0.01,0.01,0.012,10.23
2024-12-05,98.818,98.816,98.818,98.811,1115441,11324220568.0,0.01,0.00,-0.002,10.01
2024-12-06,98.822,98.817,98.825,98.816,1585393,16095990055.0,0.01,0.00,0.001,14.23
2024-12-09,98.822,98.824,98.826,98.821,1430384,14522745642.0,0.01,0.01,0.007,12.84
2024-12-10,98.803,98.821,98.823,98.801,3001868,30474514456.0,0.02,0.00,-0.003,26.95
2024-12-11,98.828,98.826,98.829,98.823,979424,9944294902.0,0.01,0.01,0.005,8.79
2024-12-12,98.834,98.836,98.838,98.833,1070474,10869802734.0,0.01,0.01,0.010,9.61
2024-12-13,98.846,98.852,98.853,98.843,980486,9957327863.0,0.01,0.02,0.016,8.80
2024-12-16,98.85,98.856,98.858,98.849,1022778,10387332639.0,0.01,0.00,0.004,9.18
2024-12-17,98.857,98.857,98.86,98.852,1165748,11839630996.0,0.01,0.00,0.001,10.46
2024-12-18,98.857,98.858,98.86,98.853,775018,7871338003.0,0.01,0.00,0.001,6.96
2024-12-19,98.863,98.859,98.864,98.856,1892154,19218224143.0,0.01,0.00,0.001,16.99
2024-12-20,98.869,98.869,98.87,98.867,794912,8074370718.0,0.00,0.01,0.010,7.14
2024-12-23,98.872,98.871,98.873,98.87,950551,9655537283.0,0.00,0.00,0.002,8.53
2024-12-24,98.874,98.871,98.874,98.865,1647584,16735534573.0,0.01,0.00,0.000,14.79
2024-12-25,98.873,98.878,98.88,98.869,845580,8589496296.0,0.01,0.01,0.007,7.59
2024-12-26,98.887,98.879,98.887,98.878,1647602,16737625381.0,0.01,0.00,0.001,14.79
2024-12-27,98.893,98.895,98.897,98.893,1147716,11660992120.0,0.00,0.02,0.016,10.30
2024-12-30,98.896,98.906,98.908,98.892,1665471,16921857761.0,0.02,0.01,0.011,14.95
2024-12-31,98.914,98.938,98.951,98.907,1138564,11394798877.0,0.04,0.03,0.032,10.22
2025-01-02,98.926,98.916,98.928,98.902,1494636,14956498711.0,0.03,-0.02,-0.022,13.42
2025-01-03,98.921,98.924,98.927,98.92,934741,9354779946.0,0.01,0.01,0.008,8.39
2025-01-06,98.925,98.926,98.929,98.924,859628,8603238429.0,0.01,0.00,0.002,7.72
2025-01-07,98.928,98.934,98.937,98.927,911520,9122932029.0,0.01,0.01,0.008,8.18
2025-01-08,98.933,98.967,98.969,98.932,847315,8481615807.0,0.04,0.03,0.033,7.61
2025-01-09,98.964,98.955,98.964,98.941,967143,9681230204.0,0.02,-0.01,-0.012,8.68
2025-01-10,98.956,98.964,98.969,98.952,801427,8023399209.0,0.02,0.01,0.009,7.19
2025-01-13,98.965,98.948,98.965,98.946,897138,8980895088.0,0.02,-0.02,-0.016,8.05
2025-01-14,98.95,98.94,98.951,98.935,1591672,15932048213.0,0.02,-0.01,-0.008,14.29
2025-01-15,98.946,98.959,98.962,98.944,990313,9913781558.0,0.02,0.02,0.019,8.89
2025-01-16,98.955,98.95,98.956,98.942,1170696,11718920012.0,0.01,-0.01,-0.009,10.51
2025-01-17,98.953,98.958,98.962,98.95,1187777,11890907805.0,0.01,0.01,0.008,10.66
2025-01-20,98.958,98.952,98.959,98.94,851120,8520109723.0,0.02,-0.01,-0.006,7.64
2025-01-21,98.963,98.965,98.97,98.962,1089247,10905618108.0,0.01,0.01,0.013,9.78
2025-01-22,98.971,98.974,98.977,98.969,1072879,10742524413.0,0.01,0.01,0.009,9.63
2025-01-23,98.974,98.968,98.974,98.962,1597695,15996593452.0,0.01,-0.01,-0.006,14.34
2025-01-24,98.973,98.97,98.987,98.941,2102266,21047646347.0,0.05,0.00,0.002,18.87
2025-01-27,99.021,99.035,99.044,99.018,1659894,16629793255.0,0.03,0.07,0.065,14.90
2025-02-05,99.027,99.045,99.047,99.026,1019476,10213802758.0,0.02,0.01,0.010,9.15
2025-02-06,99.046,99.036,99.046,99.03,1073605,10756615794.0,0.02,-0.01,-0.009,9.64
2025-02-07,99.043,99.04,99.046,99.038,1392929,13956534694.0,0.01,0.00,0.004,12.50
2025-02-10,99.043,99.041,99.044,99.039,1123306,11255138835.0,0.01,0.00,0.001,10.08
2025-02-11,99.045,99.05,99.051,99.043,909035,9108727136.0,0.01,0.01,0.009,8.16
2025-02-12,99.061,99.048,99.061,99.042,814286,8159754805.0,0.02,0.00,-0.002,7.31
2025-02-13,99.053,99.055,99.058,99.052,1235129,12377131413.0,0.01,0.01,0.007,11.09
2025-02-14,99.064,99.074,99.076,99.063,889942,8919329174.0,0.01,0.02,0.019,7.99
2025-02-17,99.067,99.08,99.082,99.067,928487,9306058327.0,0.02,0.01,0.006,8.33
2025-02-18,99.087,99.069,99.089,99.065,871682,8736808019.0,0.02,-0.01,-0.011,7.82
2025-02-19,99.073,99.068,99.076,99.066,1746682,17506162162.0,0.01,0.00,-0.001,15.68
2025-02-20,99.074,99.08,99.082,99.07,1384892,13880757464.0,0.01,0.01,0.012,12.43
2025-02-21,99.086,99.077,99.088,99.072,1441693,14451171828.0,0.02,0.00,-0.003,12.94
2025-02-24,99.084,99.09,99.091,99.084,1033824,10363243723.0,0.01,0.01,0.013,9.28
2025-02-25,99.096,99.095,99.097,99.092,1144156,11470099061.0,0.01,0.01,0.005,10.27
2025-02-26,99.097,99.094,99.098,99.092,1053520,10561537895.0,0.01,0.00,-0.001,9.46
2025-02-27,99.097,99.103,99.104,99.095,1077271,10800140720.0,0.01,0.01,0.009,9.67
2025-02-28,99.109,99.112,99.117,99.107,1037375,10401454224.0,0.01,0.01,0.009,9.31
2025-03-03,99.115,99.121,99.125,99.113,1545964,15501784203.0,0.01,0.01,0.009,13.88
2025-03-04,99.124,99.126,99.128,99.121,966512,9692077541.0,0.01,0.01,0.005,8.68
2025-03-05,99.127,99.136,99.139,99.126,870842,8733419611.0,0.01,0.01,0.010,7.82
2025-03-06,99.134,99.127,99.134,99.125,1309298,13130101629.0,0.01,-0.01,-0.009,11.75
2025-03-07,99.137,99.136,99.139,99.131,1016649,10196168067.0,0.01,0.01,0.009,9.13
2025-03-10,99.142,99.143,99.144,99.14,981937,9848543779.0,0.00,0.01,0.007,8.81
2025-03-11,99.147,99.15,99.15,99.146,774678,7770239540.0,0.00,0.01,0.007,6.95
2025-03-12,99.15,99.153,99.155,99.148,953825,9567496927.0,0.01,0.00,0.003,8.56
2025-03-13,99.154,99.169,99.175,99.154,867121,8698461220.0,0.02,0.02,0.016,7.78
2025-03-14,99.177,99.157,99.178,99.156,1577438,15824422077.0,0.02,-0.01,-0.012,14.16
2025-03-17,99.159,99.159,99.161,99.156,1202462,12062275217.0,0.01,0.00,0.002,10.79
2025-03-18,99.157,99.151,99.159,99.147,1521729,15264251624.0,0.01,-0.01,-0.008,13.66
2025-03-19,99.158,99.166,99.168,99.152,666570,6686746517.0,0.02,0.02,0.015,5.98
2025-03-20,99.178,99.185,99.187,99.176,920807,9239163037.0,0.01,0.02,0.019,8.27
2025-03-21,99.188,99.217,99.221,99.188,1057082,10608054855.0,0.03,0.03,0.032,9.49
2025-03-24,99.215,99.225,99.229,99.209,676106,6786408368.0,0.02,0.01,0.008,6.07
2025-03-25,99.238,99.238,99.242,99.219,685009,6876237759.0,0.02,0.01,0.013,6.15
2025-03-26,99.225,99.223,99.231,99.207,933997,9374892747.0,0.02,-0.02,-0.015,8.38
2025-03-27,99.21,99.21,99.217,99.2,1068864,10727528244.0,0.02,-0.01,-0.013,9.59
2025-03-28,99.213,99.208,99.216,99.207,1227493,12319927722.0,0.01,0.00,-0.002,11.02
2025-03-31,99.213,99.215,99.22,99.208,972752,9763269347.0,0.01,0.01,0.007,8.73
2025-04-01,99.228,99.236,99.24,99.216,1187927,11924218198.0,0.02,0.02,0.021,10.66
2025-04-02,99.237,99.244,99.256,99.23,996547,10004614969.0,0.03,0.01,0.008,8.95
2025-04-03,99.241,99.249,99.254,99.241,948246,9520610063.0,0.01,0.01,0.005,8.51
2025-04-07,99.239,99.24,99.244,99.235,1556299,15624360894.0,0.01,-0.01,-0.009,13.97
2025-04-08,99.238,99.248,99.25,99.238,1298212,13033778162.0,0.01,0.01,0.008,11.65
2025-04-09,99.258,99.253,99.258,99.248,1349649,13551420432.0,0.01,0.01,0.005,12.12
2025-04-10,99.251,99.256,99.261,99.249,1454067,14600024550.0,0.01,0.00,0.003,13.05
2025-04-11,99.261,99.263,99.269,99.261,1387812,13936447250.0,0.01,0.01,0.007,12.46
2025-04-14,99.266,99.27,99.272,99.265,1266077,12714388029.0,0.01,0.01,0.007,11.37
2025-04-15,99.279,99.279,99.281,99.273,978002,9822373555.0,0.01,0.01,0.009,8.78
2025-04-16,99.281,99.284,99.285,99.279,1001662,10060455913.0,0.01,0.01,0.005,8.99
2025-04-17,99.281,99.28,99.285,99.278,1614890,16219323003.0,0.01,0.00,-0.004,14.50
2025-04-18,99.286,99.287,99.29,99.284,959015,9632569393.0,0.01,0.01,0.007,8.61
2025-04-21,99.29,99.284,99.292,99.283,1215038,12204211765.0,0.01,0.00,-0.003,10.91
2025-04-22,99.29,99.289,99.291,99.288,999193,10036378792.0,0.00,0.01,0.005,8.97
2025-04-23,99.293,99.289,99.294,99.288,990344,9947496842.0,0.01,0.00,0.000,8.89
2025-04-24,99.294,99.296,99.297,99.293,915583,9197025162.0,0.00,0.01,0.007,8.22
2025-04-25,99.306,99.302,99.306,99.3,1443274,14498801432.0,0.01,0.01,0.006,12.96
2025-04-28,99.3,99.3,99.303,99.295,1418284,14247094093.0,0.01,0.00,-0.002,12.73
2025-04-29,99.303,99.302,99.304,99.3,850275,8541563391.0,0.00,0.00,0.002,7.63
2025-04-30,99.323,99.327,99.331,99.323,1491808,14989900620.0,0.01,0.03,0.025,13.39
2025-05-06,99.331,99.327,99.334,99.326,1021767,10267151707.0,0.01,0.00,0.000,9.17
2025-05-07,99.329,99.33,99.334,99.326,1185877,11916305790.0,0.01,0.00,0.003,10.65
2025-05-08,99.337,99.335,99.338,99.331,1289282,12956009037.0,0.01,0.01,0.005,11.57
2025-05-09,99.347,99.347,99.35,99.345,1561540,15693798833.0,0.01,0.01,0.012,14.02
2025-05-12,99.349,99.348,99.35,99.347,1017512,10226335720.0,0.00,0.00,0.001,9.13
2025-05-13,99.35,99.354,99.357,99.349,942184,9469624538.0,0.01,0.01,0.006,8.46
2025-05-14,99.357,99.356,99.36,99.354,1293560,13001751107.0,0.01,0.00,0.002,11.61
2025-05-15,99.36,99.369,99.37,99.358,1013363,10186131058.0,0.01,0.01,0.013,9.10
2025-05-16,99.375,99.373,99.378,99.372,1193631,11999531855.0,0.01,0.00,0.004,10.71
2025-05-19,99.377,99.381,99.384,99.376,1120106,11260916837.0,0.01,0.01,0.008,10.05
2025-05-20,99.381,99.378,99.382,99.377,815369,8197227895.0,0.01,0.00,-0.003,7.32
2025-05-21,99.382,99.38,99.383,99.379,664924,6684883553.0,0.00,0.00,0.002,5.97
2025-05-22,99.385,99.388,99.39,99.385,969716,9749664396.0,0.01,0.01,0.008,8.70
2025-05-23,99.394,99.396,99.398,99.394,1323598,13308868436.0,0.00,0.01,0.008,11.88
2025-05-26,99.397,99.395,99.399,99.393,1251450,12583538296.0,0.01,0.00,-0.001,11.23
2025-05-27,99.396,99.394,99.397,99.39,1101775,11078046181.0,0.01,0.00,-0.001,9.89
2025-05-28,99.395,99.399,99.4,99.394,702327,7062100982.0,0.01,0.01,0.005,6.30
2025-05-29,99.405,99.401,99.408,99.399,1751032,17607931063.0,0.01,0.00,0.002,15.72
2025-05-30,99.416,99.424,99.426,99.411,1490916,14994410430.0,0.02,0.02,0.023,13.38
2025-06-03,99.424,99.42,99.425,99.419,723179,7273562243.0,0.01,0.00,-0.004,6.49
2025-06-04,99.423,99.422,99.425,99.421,768949,7733975170.0,0.00,0.00,0.002,6.90
2025-06-05,99.427,99.424,99.429,99.422,741580,7458864655.0,0.01,0.00,0.002,6.66
2025-06-06,99.436,99.436,99.438,99.435,633952,6377016055.0,0.00,0.01,0.012,5.69
2025-06-09,99.439,99.436,99.441,99.435,1047065,10532603360.0,0.01,0.00,0.000,9.40
2025-06-10,99.439,99.441,99.442,99.438,881861,8871052628.0,0.00,0.01,0.005,7.92
2025-06-11,99.444,99.441,99.446,99.44,617632,6213187016.0,0.01,0.00,0.000,5.54
2025-06-12,99.446,99.444,99.446,99.442,727363,7317216079.0,0.00,0.00,0.003,6.53
2025-06-13,99.457,99.458,99.461,99.456,988346,9944074355.0,0.01,0.01,0.014,8.87
2025-06-16,99.459,99.457,99.461,99.456,902698,9082367961.0,0.01,0.00,-0.001,8.10
2025-06-17,99.456,99.458,99.46,99.455,1046186,10525769339.0,0.01,0.00,0.001,9.39
2025-06-18,99.463,99.472,99.474,99.462,688544,6928141746.0,0.01,0.01,0.014,6.18
2025-06-19,99.479,99.485,99.49,99.478,1338158,13467007281.0,0.01,0.01,0.013,12.01
2025-06-20,99.489,99.488,99.493,99.48,769365,7743355368.0,0.01,0.00,0.003,6.91
2025-06-23,99.488,99.482,99.49,99.48,1422706,14317951947.0,0.01,-0.01,-0.006,12.77
2025-06-24,99.485,99.482,99.485,99.476,1642280,16527126356.0,0.01,0.00,0.000,14.74
2025-06-25,99.483,99.481,99.486,99.478,1544172,15540313810.0,0.01,0.00,-0.001,13.86
2025-06-26,99.485,99.489,99.49,99.484,1563668,15737014570.0,0.01,0.01,0.008,14.04
2025-06-27,99.5,99.507,99.511,99.499,1560037,15702998749.0,0.01,0.02,0.018,14.00
2025-06-30,99.506,99.556,99.565,99.504,976177,9827393076.0,0.06,0.05,0.049,8.76
2025-07-01,99.534,99.516,99.539,99.51,1158169,11659625944.0,0.03,-0.04,-0.040,10.40
2025-07-02,99.515,99.515,99.516,99.512,1323209,13320569381.0,0.00,0.00,-0.001,11.88
2025-07-03,99.517,99.523,99.525,99.516,896838,9028885631.0,0.01,0.01,0.008,8.05
2025-07-04,99.531,99.545,99.546,99.529,1481272,14914817127.0,0.02,0.02,0.022,13.30
2025-07-07,99.536,99.538,99.545,99.534,947763,9543506917.0,0.01,-0.01,-0.007,8.51
2025-07-08,99.537,99.528,99.539,99.525,870904,8768647256.0,0.01,-0.01,-0.010,7.82
2025-07-09,99.527,99.529,99.532,99.527,790422,7958337395.0,0.01,0.00,0.001,7.10
2025-07-10,99.537,99.535,99.539,99.533,1311529,13205952402.0,0.01,0.01,0.006,11.77
2025-07-11,99.546,99.54,99.547,99.539,1606388,16175961796.0,0.01,0.01,0.005,14.42
2025-07-14,99.542,99.546,99.547,99.54,1577394,15884020192.0,0.01,0.01,0.006,14.16
2025-07-15,99.546,99.554,99.554,99.545,1071268,10788140814.0,0.01,0.01,0.008,9.62
2025-07-16,99.556,99.56,99.56,99.554,1234589,12433636398.0,0.01,0.01,0.006,11.08
2025-07-17,99.562,99.563,99.565,99.56,1004811,10120185352.0,0.01,0.00,0.003,9.02
2025-07-18,99.571,99.566,99.571,99.563,1605493,16171224810.0,0.01,0.00,0.003,14.41
2025-07-21,99.568,99.566,99.569,99.565,1119988,11280740845.0,0.00,0.00,0.000,10.05
2025-07-22,99.562,99.565,99.566,99.562,1186192,11947203176.0,0.00,0.00,-0.001,10.65
2025-07-23,99.565,99.571,99.572,99.563,1075474,10832434269.0,0.01,0.01,0.006,9.65
2025-07-24,99.578,99.578,99.583,99.577,1572265,15838106127.0,0.01,0.01,0.007,14.11
2025-07-25,99.587,99.59,99.591,99.585,2298770,23158568718.0,0.01,0.01,0.012,20.64
2025-07-28,99.59,99.593,99.595,99.588,2085202,21007471964.0,0.01,0.00,0.003,18.72
2025-07-29,99.591,99.588,99.592,99.586,1002148,10096017884.0,0.01,-0.01,-0.005,9.00
2025-07-30,99.59,99.594,99.595,99.588,1395597,14060108358.0,0.01,0.01,0.006,12.53
2025-07-31,99.6,99.619,99.623,99.599,1334051,13442553353.0,0.02,0.03,0.025,11.98
2025-08-01,99.615,99.643,99.651,99.612,1597188,16095597905.0,0.04,0.02,0.024,14.34
2025-08-04,99.633,99.623,99.633,99.611,1925547,19405420049.0,0.02,-0.02,-0.020,17.29
2025-08-05,99.617,99.612,99.617,99.605,1786477,18001232676.0,0.01,-0.01,-0.011,16.04
2025-08-06,99.613,99.613,99.615,99.609,1064093,10722530754.0,0.01,0.00,0.001,9.55
2025-08-07,99.623,99.621,99.624,99.618,2026550,20422714291.0,0.01,0.01,0.008,18.19
2025-08-08,99.625,99.625,99.628,99.622,1776867,17907506515.0,0.01,0.00,0.004,15.95
2025-08-11,99.624,99.619,99.625,99.617,1421457,14324711656.0,0.01,-0.01,-0.006,12.76
2025-08-12,99.618,99.629,99.629,99.616,1885600,19002681889.0,0.01,0.01,0.010,16.93
2025-08-13,99.633,99.632,99.635,99.63,1964049,19794954958.0,0.01,0.00,0.003,17.63
2025-08-14,99.632,99.639,99.641,99.628,1551386,15636190065.0,0.01,0.01,0.007,13.93
2025-08-15,99.649,99.646,99.652,99.644,1695442,17090384389.0,0.01,0.01,0.007,15.22
2025-08-18,99.647,99.646,99.648,99.644,1618136,16310893210.0,0.00,0.00,0.000,14.53
2025-08-19,99.642,99.65,99.653,99.638,1896220,19113529734.0,0.02,0.00,0.004,17.02
2025-08-20,99.65,99.662,99.665,99.644,1154196,11635594424.0,0.02,0.01,0.012,10.36
2025-08-21,99.657,99.69,99.695,99.657,1201950,12118670363.0,0.04,0.03,0.028,10.79
2025-08-22,99.695,99.678,99.698,99.666,2056529,20737487283.0,0.03,-0.01,-0.012,18.46
2025-08-25,99.668,99.672,99.673,99.667,1862822,18781855308.0,0.01,-0.01,-0.006,16.72
2025-08-26,99.669,99.675,99.678,99.668,1860964,18763143241.0,0.01,0.00,0.003,16.71
2025-08-27,99.674,99.682,99.689,99.672,1270881,12814849505.0,0.02,0.01,0.007,11.41
2025-08-28,99.688,99.704,99.706,99.683,1590791,16042472270.0,0.02,0.02,0.022,14.28
2025-08-29,99.7,99.729,99.731,99.689,1827618,18433707812.0,0.04,0.03,0.025,16.41
2025-09-01,99.697,99.747,99.755,99.697,1225434,12361689820.0,0.06,0.02,0.018,11.00
2025-09-02,99.73,99.769,99.774,99.725,1237504,12487399417.0,0.05,0.02,0.022,11.11
2025-09-03,99.731,99.736,99.74,99.713,2345499,23662030317.0,0.03,-0.03,-0.033,21.06
2025-09-04,99.708,99.717,99.72,99.707,2804820,28291318643.0,0.01,-0.02,-0.019,25.18
2025-09-05,99.715,99.699,99.716,99.697,2072583,20904770212.0,0.02,-0.02,-0.018,18.61
2025-09-08,99.708,99.707,99.709,99.703,2188006,22068565733.0,0.01,0.01,0.008,19.64
2025-09-09,99.706,99.71,99.712,99.702,2032609,20500889356.0,0.01,0.00,0.003,18.25
2025-09-10,99.709,99.714,99.715,99.708,1564851,15784115427.0,0.01,0.00,0.004,14.05
2025-09-11,99.724,99.717,99.726,99.713,2398250,24192277463.0,0.01,0.00,0.003,21.53
2025-09-12,99.726,99.726,99.728,99.723,1975237,19926372386.0,0.01,0.01,0.009,17.73
2025-09-15,99.727,99.73,99.73,99.726,1882892,18995166557.0,0.00,0.00,0.004,16.90
2025-09-16,99.726,99.722,99.728,99.721,1602527,16166313736.0,0.01,-0.01,-0.008,14.39
2025-09-17,99.724,99.732,99.733,99.723,1352338,13642737645.0,0.01,0.01,0.010,12.14
2025-09-18,99.741,99.757,99.76,99.741,2050939,20694339860.0,0.02,0.03,0.025,18.41
2025-09-19,99.755,99.761,99.762,99.747,2168014,21877132831.0,0.02,0.00,0.004,19.46
2025-09-22,99.746,99.757,99.758,99.746,1452828,14660014709.0,0.01,0.00,-0.004,13.04
2025-09-23,99.754,99.77,99.773,99.751,1290763,13025545111.0,0.02,0.01,0.013,11.59
2025-09-24,99.763,99.752,99.778,99.745,1580964,15954824661.0,0.03,-0.02,-0.018,14.19
2025-09-25,99.752,99.755,99.756,99.748,1710788,17262883465.0,0.01,0.00,0.003,15.36
2025-09-26,99.771,99.77,99.777,99.766,2449336,24720169965.0,0.01,0.02,0.015,21.99
2025-09-29,99.771,99.773,99.776,99.765,2461701,24845080194.0,0.01,0.00,0.003,22.10
2025-09-30,99.806,99.825,99.833,99.799,2184713,22058801638.0,0.03,0.05,0.052,19.61
2025-10-09,99.806,99.793,99.812,99.789,2272067,22937076637.0,0.02,-0.03,-0.032,20.40
2025-10-10,99.806,99.817,99.822,99.805,2166753,21876874460.0,0.02,0.02,0.024,19.45
2025-10-13,99.811,99.814,99.815,99.806,2407727,24309854080.0,0.01,0.00,-0.003,21.61
2025-10-14,99.815,99.825,99.827,99.812,2268204,22902622947.0,0.02,0.01,0.011,20.36
2025-10-15,99.816,99.819,99.821,99.812,2421629,24451367004.0,0.01,-0.01,-0.006,21.74
2025-10-16,99.822,99.836,99.842,99.821,1589051,16046685114.0,0.02,0.02,0.017,14.26
2025-10-17,99.842,99.858,99.868,99.841,1831885,18504786864.0,0.03,0.02,0.022,16.44
2025-10-20,99.864,99.878,99.881,99.845,1727635,17452514379.0,0.04,0.02,0.020,15.51
2025-10-21,99.858,99.845,99.859,99.84,2795886,28238933449.0,0.02,-0.03,-0.033,25.10
2025-10-22,99.84,99.852,99.855,99.84,2320666,23438824878.0,0.02,0.01,0.007,20.83
2025-10-23,99.853,99.847,99.862,99.844,2014908,20352962924.0,0.02,-0.01,-0.005,18.09
2025-10-24,99.858,99.856,99.861,99.853,2707584,27350021419.0,0.01,0.01,0.009,24.31
2025-10-27,99.855,99.852,99.856,99.851,2535740,25613014545.0,0.01,0.00,-0.004,22.76
2025-10-28,99.854,99.854,99.856,99.85,2284806,23078344362.0,0.01,0.00,0.002,20.51
2025-10-29,99.857,99.857,99.858,99.853,1733190,17507037157.0,0.01,0.00,0.003,15.56
2025-10-30,99.864,99.886,99.891,99.864,2192313,22147907054.0,0.03,0.03,0.029,19.68
2025-10-31,99.879,99.871,99.883,99.868,2045435,20665440921.0,0.02,-0.02,-0.015,18.36
2025-11-03,99.871,99.873,99.874,99.869,1721336,17390035269.0,0.01,0.00,0.002,15.45
2025-11-04,99.873,99.888,99.889,99.873,1529212,15450369878.0,0.02,0.02,0.015,13.73
2025-11-05,99.893,99.893,99.894,99.883,1573487,15899291315.0,0.01,0.01,0.005,14.12
2025-11-06,99.894,99.901,99.902,99.889,1904981,19249261150.0,0.01,0.01,0.008,17.10
2025-11-07,99.904,99.903,99.918,99.899,1933428,19539694361.0,0.02,0.00,0.002,17.36
2025-11-10,99.903,99.897,99.909,99.896,1916981,19372616107.0,0.01,-0.01,-0.006,17.21
2025-11-11,99.897,99.903,99.904,99.896,1454935,14702911995.0,0.01,0.01,0.006,13.06
2025-11-12,99.904,99.904,99.907,99.902,1342456,13566749380.0,0.01,0.00,0.001,12.05
2025-11-13,99.913,99.911,99.916,99.908,1828842,18483373452.0,0.01,0.01,0.007,16.42
2025-11-14,99.92,99.92,99.921,99.918,1241984,12553304591.0,0.00,0.01,0.009,11.15
2025-11-17,99.922,99.919,99.923,99.918,1193510,12063451099.0,0.01,0.00,-0.001,10.71
2025-11-18,99.919,99.925,99.928,99.918,1393498,14085095082.0,0.01,0.01,0.006,12.51
2025-11-19,99.926,99.93,99.933,99.926,1993876,20154945239.0,0.01,0.01,0.005,17.90
2025-11-20,99.935,99.95,99.953,99.935,2246797,22715122038.0,0.02,0.02,0.020,20.17
2025-11-21,99.951,99.95,99.954,99.932,2101899,21250592979.0,0.02,0.00,0.000,18.87
2025-11-24,99.946,99.943,99.951,99.94,1991842,20137745803.0,0.01,-0.01,-0.007,17.88
2025-11-25,99.946,99.949,99.95,99.943,1742230,17614125006.0,0.01,0.01,0.006,15.64
2025-11-26,99.953,99.952,99.953,99.95,1330590,13453105758.0,0.00,0.00,0.003,11.94
2025-11-27,99.955,99.951,99.956,99.949,1595015,16126782361.0,0.01,0.00,-0.001,14.32
2025-11-28,99.96,99.959,99.963,99.958,1609099,16270419536.0,0.01,0.01,0.008,14.44
2025-12-01,99.962,99.962,99.964,99.96,1082473,10945662227.0,0.00,0.00,0.003,9.72
2025-12-02,99.966,99.98,99.986,99.966,1198317,12118650809.0,0.02,0.02,0.018,10.76
2025-12-03,99.979,99.991,99.994,99.977,1491397,15083868057.0,0.02,0.01,0.011,13.39
2025-12-04,99.978,99.977,99.983,99.976,1289254,13038761604.0,0.01,-0.01,-0.014,11.57
2025-12-05,99.982,99.979,99.983,99.974,1305871,13206704570.0,0.01,0.00,0.002,11.72
2025-12-08,99.978,99.978,99.98,99.976,1981801,20042572158.0,0.00,0.00,-0.001,17.79
2025-12-09,99.984,99.982,99.986,99.982,856719,8664800457.0,0.00,0.00,0.004,7.69
2025-12-10,99.987,99.987,99.99,99.985,1198845,12125446247.0,0.01,0.01,0.005,10.76
2025-12-11,99.991,99.998,99.999,99.991,1092541,11050866015.0,0.01,0.01,0.011,9.81
2025-12-12,100.003,99.991,100.006,99.99,1472271,14892367846.0,0.02,-0.01,-0.007,13.22
2025-12-15,99.997,99.996,99.998,99.994,1075050,10874229600.0,0.00,0.01,0.005,9.65
2025-12-16,99.995,100.009,100.011,99.994,1486454,15036486907.0,0.02,0.01,0.013,13.34
2025-12-17,100.0,100.002,100.013,99.998,1197561,12114600915.0,0.01,-0.01,-0.007,10.75
2025-12-18,100.01,100.011,100.013,100.006,1469080,14862014837.0,0.01,0.01,0.009,13.19
2025-12-19,100.018,100.015,100.019,100.012,1142955,11563418253.0,0.01,0.00,0.004,10.26
2025-12-22,100.018,100.015,100.019,100.011,1136696,11499824089.0,0.01,0.00,0.000,10.20
2025-12-23,100.014,100.021,100.022,100.011,1479507,14968238166.0,0.01,0.01,0.006,13.28
2025-12-24,100.019,100.022,100.023,100.016,1471618,14888985837.0,0.01,0.00,0.001,13.21
2025-12-25,100.031,100.023,100.036,100.021,1625453,16446859506.0,0.01,0.00,0.001,14.59
2025-12-26,100.033,100.032,100.035,100.027,1680841,17007834819.0,0.01,0.01,0.009,15.09
2025-12-29,100.035,100.04,100.041,100.03,1804371,18258602610.0,0.01,0.01,0.008,16.20
2025-12-30,100.04,100.037,100.041,100.027,1809198,18306921940.0,0.01,0.00,-0.003,16.24
2025-12-31,100.059,100.075,100.101,100.057,1508793,15098554226.0,0.04,0.04,0.038,13.54
2026-01-05,100.065,100.055,100.065,100.053,2274588,22758592539.0,0.01,-0.02,-0.020,20.42
2026-01-06,100.054,100.048,100.054,100.046,2018071,20190719079.0,0.01,-0.01,-0.007,18.12
2026-01-07,100.05,100.064,100.064,100.047,1376077,13768775665.0,0.02,0.02,0.016,12.35
2026-01-08,100.071,100.068,100.071,100.066,1792221,17934633432.0,0.00,0.00,0.004,16.09
2026-01-09,100.075,100.074,100.076,100.071,1558866,15600061649.0,0.00,0.01,0.006,13.99
2026-01-12,100.071,100.072,100.076,100.066,1492021,14930573504.0,0.01,0.00,-0.002,13.39
2026-01-13,100.072,100.084,100.084,100.07,1278557,12795549465.0,0.01,0.01,0.012,11.48
2026-01-14,100.084,100.088,100.089,100.081,1490752,14920081990.0,0.01,0.00,0.004,13.38
2026-01-15,100.089,100.107,100.109,100.085,1816888,18185652249.0,0.02,0.02,0.019,16.31
2026-01-16,100.104,100.128,100.132,100.103,1893044,18951830762.0,0.03,0.02,0.021,16.99
2026-01-19,100.127,100.122,100.127,100.1,1799125,18010913121.0,0.03,-0.01,-0.006,16.15
2026-01-20,100.113,100.119,100.121,100.105,1073037,10742276473.0,0.02,0.00,-0.003,9.63
2026-01-21,100.111,100.107,100.113,100.105,1255843,12572137710.0,0.01,-0.01,-0.012,11.27
2026-01-22,100.107,100.114,100.116,100.102,1126103,11273475075.0,0.01,0.01,0.007,10.11
2026-01-23,100.123,100.12,100.127,100.116,2092312,20948469552.0,0.01,0.01,0.006,18.78
2026-01-26,100.124,100.127,100.128,100.121,1363272,13649633036.0,0.01,0.01,0.007,12.24
2026-01-27,100.128,100.132,100.135,100.126,1725708,17279463932.0,0.01,0.00,0.005,15.49
2026-01-28,100.13,100.13,100.132,100.128,1947452,19499843424.0,0.00,0.00,-0.002,17.48
2026-01-29,100.132,100.129,100.136,100.125,1704463,17067212254.0,0.01,0.00,-0.001,15.30
2026-01-30,100.137,100.137,100.139,100.134,2037361,20401312928.0,0.00,0.01,0.008,18.29
2026-02-02,100.135,100.158,100.162,100.131,2197879,22009576511.0,0.03,0.02,0.021,19.73
2026-02-03,100.147,100.145,100.148,100.137,1703453,17058784017.0,0.01,-0.01,-0.013,15.29
2026-02-04,100.147,100.153,100.154,100.146,1719331,17219368157.0,0.01,0.01,0.008,15.43
2026-02-05,100.154,100.169,100.174,100.153,1091832,10935623054.0,0.02,0.02,0.016,9.80
2026-02-06,100.178,100.17,100.179,100.161,2301180,23050476571.0,0.02,0.00,0.001,20.66
2026-02-09,100.16,100.16,100.164,100.157,1707690,17104332672.0,0.01,-0.01,-0.010,15.33
2026-02-10,100.161,100.166,100.17,100.159,1337929,13401159787.0,0.01,0.01,0.006,12.01
2026-02-11,100.168,100.176,100.177,100.166,1528024,15306207557.0,0.01,0.01,0.010,13.72
2026-02-12,100.174,100.187,100.195,100.171,1547627,15503662697.0,0.02,0.01,0.011,13.89
2026-02-13,100.215,100.22,100.242,100.215,2557926,25638031681.0,0.03,0.03,0.033,22.96
2026-02-24,100.205,100.207,100.209,100.201,1887946,18917984237.0,0.01,-0.01,-0.013,16.95
2026-02-25,100.207,100.207,100.209,100.202,1628168,16315171050.0,0.01,0.00,0.000,14.62
2026-02-26,100.21,100.208,100.212,100.205,1668139,16716059915.0,0.01,0.00,0.001,14.97
2026-02-27,100.217,100.214,100.218,100.212,1312173,13149828846.0,0.01,0.01,0.006,11.78
2026-03-02,100.222,100.227,100.227,100.22,1711475,17152985861.0,0.01,0.01,0.013,15.36
2026-03-03,100.231,100.245,100.247,100.228,1980983,19856574113.0,0.02,0.02,0.018,17.78
2026-03-04,100.243,100.263,100.266,100.236,1730175,17343999838.0,0.03,0.02,0.018,15.53
2026-03-05,100.245,100.251,100.26,100.24,2172152,21775609025.0,0.02,-0.01,-0.012,19.50
2026-03-06,100.25,100.243,100.255,100.237,2124282,21295338993.0,0.02,-0.01,-0.008,19.07
2026-03-09,100.236,100.245,100.246,100.236,2173051,21782554214.0,0.01,0.00,0.002,19.51
2026-03-10,100.243,100.246,100.247,100.24,1535726,15394482435.0,0.01,0.00,0.001,13.79
2026-03-11,100.246,100.253,100.255,100.244,1779262,17836897691.0,0.01,0.01,0.007,15.97
2026-03-12,100.253,100.256,100.258,100.25,1633224,16373607815.0,0.01,0.00,0.003,14.66
2026-03-13,100.263,100.266,100.272,100.263,1585556,15897833000.0,0.01,0.01,0.010,14.23
2026-03-16,100.265,100.265,100.269,100.261,1831359,18362162588.0,0.01,0.00,-0.001,16.44
2026-03-17,100.266,100.287,100.291,100.265,1462950,14669457837.0,0.03,0.02,0.022,13.13
2026-03-18,100.281,100.276,100.287,100.271,1615829,16203083570.0,0.02,-0.01,-0.011,14.50
2026-03-19,100.274,100.288,100.291,100.274,1534279,15385564868.0,0.02,0.01,0.012,13.77
2026-03-20,100.288,100.285,100.289,100.282,1823088,18282947477.0,0.01,0.00,-0.003,16.37
2026-03-23,100.285,100.279,100.287,100.276,2037369,20431044381.0,0.01,-0.01,-0.006,18.29
2026-03-24,100.281,100.283,100.289,100.28,2026905,20326428271.0,0.01,0.00,0.004,18.20
2026-03-25,100.287,100.285,100.288,100.282,2119592,21256211390.0,0.01,0.00,0.002,19.03
2026-03-26,100.282,100.298,100.301,100.282,1482010,14863221873.0,0.02,0.01,0.013,13.30
2026-03-27,100.303,100.296,100.307,100.295,2207986,22146148293.0,0.01,0.00,-0.002,19.82
2026-03-30,100.298,100.296,100.299,100.295,1899258,19049003166.0,0.00,0.00,0.000,17.05
2026-03-31,100.3,100.312,100.318,100.299,1545980,15506987532.0,0.02,0.02,0.016,13.88
2026-04-01,100.308,100.312,100.313,100.305,2472380,24800122315.0,0.01,0.00,0.000,22.19
2026-04-02,100.313,100.327,100.331,100.312,1853556,18594736082.0,0.02,0.01,0.015,16.64
2026-04-03,100.332,100.367,100.379,100.332,1665187,16710142097.0,0.05,0.04,0.040,14.95
2026-04-07,100.351,100.352,100.355,100.347,1378055,13828868698.0,0.01,-0.01,-0.015,12.37
2026-04-08,100.328,100.325,100.33,100.324,1891784,18979544909.0,0.01,-0.03,-0.027,16.98
2026-04-09,100.332,100.337,100.339,100.33,1601513,16068732126.0,0.01,0.01,0.012,14.38
2026-04-10,100.341,100.344,100.345,100.339,964598,9678960958.0,0.01,0.01,0.007,8.66
2026-04-13,100.346,100.35,100.351,100.343,1159460,11634767317.0,0.01,0.01,0.006,10.41
2026-04-14,100.349,100.357,100.359,100.349,1860804,18673864507.0,0.01,0.01,0.007,16.70
2026-04-15,100.353,100.358,100.36,100.352,1998612,20057078688.0,0.01,0.00,0.001,17.94
2026-04-16,100.356,100.351,100.359,100.34,1767963,17742098002.0,0.02,-0.01,-0.007,15.87
2026-04-17,100.362,100.363,100.366,100.362,1795104,18016353912.0,0.00,0.01,0.012,16.11
2026-04-20,100.364,100.364,100.366,100.362,1512380,15178705534.0,0.00,0.00,0.001,13.58
2026-04-21,100.365,100.367,100.371,100.364,879980,8832099741.0,0.01,0.00,0.003,7.90
2026-04-22,100.374,100.369,100.375,100.367,1739463,17459028493.0,0.01,0.00,0.002,15.61
2026-04-23,100.368,100.371,100.372,100.364,1645658,16517359129.0,0.01,0.00,0.002,14.77
2026-04-24,100.382,100.382,100.385,100.38,1989334,19969416673.0,0.00,0.01,0.011,17.86
2026-04-27,100.383,100.381,100.384,100.379,1974796,19823236939.0,0.00,0.00,-0.001,17.73
2026-04-28,100.384,100.391,100.392,100.383,1553436,15594286045.0,0.01,0.01,0.010,13.94
2026-04-29,100.4,100.404,100.408,100.396,2145433,21540441994.0,0.01,0.01,0.013,19.26
2026-04-30,100.415,100.407,100.426,100.398,2435676,24458361528.0,0.03,0.00,0.003,21.86
2026-05-06,100.405,100.405,100.407,100.397,2364556,23740757712.0,0.01,0.00,-0.002,21.23
2026-05-07,100.407,100.41,100.411,100.404,1504701,15108373172.0,0.01,0.00,0.005,13.51
2026-05-08,100.424,100.422,100.425,100.419,2333203,23430418857.0,0.01,0.01,0.012,20.94
2026-05-11,100.425,100.427,100.429,100.424,1655053,16621163649.0,0.00,0.00,0.005,14.86
2026-05-12,100.429,100.431,100.433,100.427,1462344,14686301767.0,0.01,0.00,0.004,13.13
2026-05-13,100.43,100.431,100.434,100.428,1213381,12185971033.0,0.01,0.00,0.000,10.89
2026-05-14,100.431,100.437,100.447,100.43,905744,9096928994.0,0.02,0.01,0.006,8.13
2026-05-15,100.446,100.455,100.466,100.444,2210990,22210380172.0,0.02,0.02,0.018,19.85
2026-05-18,100.449,100.45,100.453,100.443,1865505,18738375594.0,0.01,0.00,-0.005,16.75
2026-05-19,100.447,100.459,100.47,100.446,1330068,13360937832.0,0.02,0.01,0.009,11.94
2026-05-20,100.455,100.475,100.489,100.454,1308656,13148014902.0,0.03,0.02,0.016,11.75
2026-05-21,100.466,100.481,100.504,100.46,1039882,10447539745.0,0.04,0.01,0.006,9.33
2026-05-22,100.481,100.481,100.481,100.464,2163071,21733207647.0,0.02,0.00,0.000,19.42
2026-05-25,100.476,100.473,100.49,100.471,1214263,12200939161.0,0.02,-0.01,-0.008,10.90
2026-05-26,100.474,100.475,100.478,100.468,1529032,15362680454.0,0.01,0.00,0.002,13.73
2026-05-27,100.473,100.473,100.475,100.468,1589727,15972319814.0,0.01,0.00,-0.002,14.27
2026-05-28,100.476,100.471,100.476,100.47,1629320,16370357784.0,0.01,0.00,-0.002,14.63
2026-05-29,100.483,100.485,100.488,100.481,1781213,17898377072.0,0.01,0.01,0.014,15.99
2026-06-01,100.484,100.483,100.485,100.478,1347806,13542855471.0,0.01,0.00,-0.002,12.10
2026-06-02,100.484,100.488,100.489,100.482,1424594,14314986988.0,0.01,0.00,0.005,12.79
2026-06-03,100.489,100.501,100.503,100.486,1647714,16558057330.0,0.02,0.01,0.013,14.79
2026-06-04,100.498,100.512,100.514,100.496,1109779,11153556744.0,0.02,0.01,0.011,9.96
2026-06-05,100.512,100.523,100.554,100.506,1720075,17290374690.0,0.05,0.01,0.011,15.44
2026-06-08,100.518,100.516,100.521,100.507,1990968,20011775940.0,0.01,-0.01,-0.007,17.87
2026-06-09,100.513,100.514,100.52,100.512,1656052,16645775030.0,0.01,0.00,-0.002,14.87
2026-06-10,100.517,100.517,100.521,100.516,1362403,13694587452.0,0.00,0.00,0.003,12.23
2026-06-11,100.519,100.523,100.528,100.515,1707342,17162019807.0,0.01,0.01,0.006,15.33
2026-06-12,100.522,100.517,100.522,100.515,1971705,19819178247.0,0.01,-0.01,-0.006,17.70
2026-06-15,100.517,100.519,100.522,100.492,2758927,27731183170.0,0.03,0.00,0.002,24.77
2026-06-16,100.521,100.522,100.525,100.518,1410440,14178003370.0,0.01,0.00,0.003,12.66
2026-06-17,100.526,100.524,100.527,100.521,1620705,16291924560.0,0.01,0.00,0.002,14.55
2026-06-18,100.533,100.533,100.536,100.531,1375784,13831160386.0,0.00,0.01,0.009,12.35
2026-06-22,100.536,100.541,100.542,100.536,1426392,14340737623.0,0.01,0.01,0.008,12.80
2026-06-23,100.542,100.554,100.565,100.54,1396193,14038113563.0,0.02,0.01,0.013,12.53
2026-06-24,100.55,100.544,100.552,100.543,2090655,21020910821.0,0.01,-0.01,-0.010,18.77
2026-06-25,100.544,100.545,100.548,100.541,1715475,17248103242.0,0.01,0.00,0.001,15.40
2026-06-26,100.557,100.562,100.571,100.556,2575795,25902323670.0,0.01,0.02,0.017,23.12
2026-06-29,100.557,100.555,100.559,100.551,2762156,27774917122.0,0.01,-0.01,-0.007,24.80
2026-06-30,100.558,100.559,100.561,100.551,2338347,23513297177.0,0.01,0.00,0.004,20.99
2026-07-01,100.563,100.57,100.574,100.559,2816494,28324422765.0,0.01,0.01,0.011,25.28
2026-07-02,100.567,100.587,100.603,100.566,1343246,13510641070.0,0.04,0.02,0.017,12.06
2026-07-03,100.587,100.616,100.621,100.587,2221802,22350778848.0,0.03,0.03,0.029,19.94
2026-07-06,100.595,100.605,100.618,100.592,1907914,19194168313.0,0.03,-0.01,-0.011,17.13
2026-07-07,100.6,100.62,100.621,100.596,1076370,10828625848.0,0.02,0.01,0.015,9.66
2026-07-08,100.61,100.625,100.65,100.591,1850326,18616812544.0,0.06,0.00,0.005,16.61
2026-07-09,100.602,100.613,100.616,100.594,1435748,14443525241.0,0.02,-0.01,-0.012,12.89
2026-07-10,100.612,100.63,100.634,100.607,2141549,21547733817.0,0.03,0.02,0.017,19.22
2026-07-13,100.618,100.624,100.63,100.615,1332750,13410621105.0,0.01,-0.01,-0.006,11.96
2026-07-14,100.62,100.611,100.62,100.609,1249909,12575753926.0,0.01,-0.01,-0.013,11.22
2026-07-15,100.61,100.612,100.615,100.609,1223623,12311163427.0,0.01,0.00,0.001,10.98
2026-07-16,100.614,100.613,100.619,100.612,1096114,11028476047.0,0.01,0.00,0.001,9.84
2026-07-17,100.626,100.639,100.642,100.621,2874988,28931399004.0,0.02,0.03,0.026,25.81
2026-07-20,100.628,100.628,100.634,100.622,2337695,23523647570.0,0.01,-0.01,-0.011,20.98
2026-07-21,100.629,100.628,100.631,100.621,1980420,19928216452.0,0.01,0.00,0.000,17.78
2026-07-22,100.63,100.642,100.642,100.628,1320352,13287133484.0,0.01,0.01,0.014,11.85
2026-07-23,100.638,100.643,100.645,100.635,1207202,12149266229.0,0.01,0.00,0.001,10.84
2026-07-24,100.65,100.654,100.664,100.649,1849271,18614215432.0,0.01,0.01,0.011,16.60
2026-07-27,100.649,100.635,100.651,100.629,2477931,24938839091.0,0.02,-0.02,-0.019,22.24
2026-07-28,100.645,100.654,100.662,100.643,1454939,14644401291.0,0.02,0.02,0.019,13.06
2026-07-29,100.656,100.658,100.669,100.654,1665598,16765593716.0,0.01,0.00,0.004,14.95
2026-07-30,100.66,100.681,100.698,100.655,1780666,17924752480.0,0.04,0.02,0.023,15.98
2026-07-31,100.665,100.693,100.7,100.661,2683898,27020206937.0,0.04,0.01,0.012,24.09
2026-08-03,100.675,100.687,100.697,100.675,1560654,15713559233.0,0.02,-0.01,-0.006,14.01
2026-08-04,100.683,100.673,100.683,100.661,1595747,16064665831.0,0.02,-0.01,-0.014,14.32
2026-08-05,100.675,100.669,100.678,100.668,1870962,18835496930.0,0.01,0.00,-0.004,16.80
2026-08-06,100.67,100.672,100.674,100.669,1098303,11056825396.0,0.00,0.00,0.003,9.86
2026-08-07,100.688,100.68,100.69,100.679,1740136,17520593062.0,0.01,0.01,0.008,15.62
2026-08-10,100.684,100.687,100.692,100.681,2046020,20600558081.0,0.01,0.01,0.007,18.37
2026-08-11,100.692,100.704,100.705,100.689,1167953,11760627976.0,0.02,0.02,0.017,10.48
2026-08-12,100.703,100.702,100.708,100.698,1462068,14723585922.0,0.01,0.00,-0.002,13.12
2026-08-13,100.702,100.7,100.702,100.695,1252428,12611726422.0,0.01,0.00,-0.002,11.24
2026-08-14,100.707,100.709,100.714,100.707,1579135,15903562638.0,0.01,0.01,0.009,14.18
2026-08-17,100.711,100.705,100.712,100.703,1326331,13357027595.0,0.01,0.00,-0.004,11.91
2026-08-18,100.706,100.707,100.709,100.704,1643781,16553934263.0,0.00,0.00,0.002,14.76
2026-08-19,100.711,100.711,100.718,100.71,1722241,17345244278.0,0.01,0.00,0.004,15.46
2026-08-20,100.711,100.727,100.73,100.705,1348818,13584813985.0,0.02,0.02,0.016,12.11
2026-08-21,100.728,100.731,100.741,100.728,1927587,19417471063.0,0.01,0.00,0.004,17.30
2026-08-24,100.729,100.745,100.748,100.725,1474723,14855631818.0,0.02,0.01,0.014,13.24
2026-08-25,100.739,100.758,100.764,100.739,1204607,12136701624.0,0.02,0.01,0.013,10.81
2026-08-26,100.753,100.753,100.764,100.749,1409146,14197948366.0,0.01,0.00,-0.005,12.65
2026-08-27,100.754,100.738,100.754,100.736,1609001,16209800646.0,0.02,-0.01,-0.015,14.44
2026-08-28,100.752,100.746,100.752,100.746,1726318,17392558027.0,0.01,0.01,0.008,15.50
2026-08-31,100.753,100.751,100.754,100.75,1693512,17062392271.0,0.00,0.00,0.005,15.20
2026-09-01,100.756,100.76,100.766,100.755,1383278,13938254853.0,0.01,0.01,0.009,12.42
2026-09-02,100.766,100.767,100.77,100.764,1539152,15509543796.0,0.01,0.01,0.007,13.82
2026-09-03,100.765,100.767,100.771,100.763,1257052,12666825621.0,0.01,0.00,0.000,11.28
2026-09-04,100.775,100.781,100.785,100.774,2281831,22995959349.0,0.01,0.01,0.014,20.48
